{"type":"OeBuildPlan","uri":null,"category":null,"eTag":null,"created":null,"modified":null,"buildPlanid":"0ab4c762-c7d8-4bcb-98f0-a32eef2f382b","name":"HPE - RHEL7.x - SAP - generalize - 2019-04-12","description":"Removes personalization settings from RHEL7.x.\n\n(c) Copyright 2019 Hewlett Packard Enterprise Development LP. Licensed under the Apache License, Version 2.0  (the \"License\");...","status":null,"hpProvided":true,"oeBuildPlanType":"capture","buildStep":[{"planScriptUri":"/rest/plan-scripts/81e5d6a6-c007-418c-915f-84c14f388ede","serialNumber":"1","parameters":null,"planScriptName":"HPE - RHEL7.x - SAP - mount generalize - 2019-04-12"},{"planScriptUri":"/rest/plan-scripts/55cf249b-f3ea-4ecc-af01-b5300f0c337a","serialNumber":"2","parameters":null,"planScriptName":"HPE - Linux - SAP - generalize host - 2019-04-12"},{"planScriptUri":"/rest/plan-scripts/f7324e67-83a6-4ef4-af1d-8ab2fa54c298","serialNumber":"3","parameters":null,"planScriptName":"HPE - RHEL7.x - SAP - generalize network - 2019-04-12"},{"planScriptUri":"/rest/plan-scripts/5590058a-795e-4201-b947-a557942bd064","serialNumber":"4","parameters":null,"planScriptName":"HPE - Linux - SAP - unmount generalize - 2019-04-12"}],"customAttributes":[],"dependentArtifacts":null}