{"type":"PlanScript","uri":null,"category":null,"eTag":null,"created":null,"modified":null,"id":"2c3cf16a-6c45-4bac-bf62-09f71995f364","name":"HPE - RHEL7.x - SAP - mount and validate - 2019-04-12","description":"Mounts the root partition and validates the golden image for Red Hat.","status":null,"state":null,"planType":"general","content":"# (c) Copyright 2019 Hewlett Packard Enterprise Development LP\n#\n# Licensed under the Apache License, Version 2.0 (the \"License\");\n# you may not use this file except in compliance with the License.\n# You may obtain a copy of the License at http://www.apache.org/licenses/LICENSE-2.0\n#\n# Unless required by applicable law or agreed to in writing, software distributed\n# under the License is distributed on an \"AS IS\" BASIS, WITHOUT WARRANTIES OR\n# CONDITIONS OF ANY KIND, either express or implied. See the License for the\n# specific language governing permissions and limitations under the License.\n\n# List the Volume Groups and Logical Volumes\n-vgs\n-lvs\n-list-filesystems\n\n# Mount the root partition (we assume that the partition type is standard)\n-mount /dev/sda3 /\n\n# Create temporary directory\n-mkdir-p /tmp/ImageStreamer\n\n# Download OS release file\n-download /etc/os-release ./os-release\n\n-upload -<<END /tmp/ImageStreamer/validate_image\n#!/bin/bash\n\nos_release=\"./os-release\"\nexp_os=\"RHEL\"\nexp_ver=\"7\"\n\nif [ -f \"${os_release}\" ]; then\n    version_id=$( awk '/^VERSION_ID=/ {print $1}' \"${os_release}\" | sed 's/\"//g' | cut -d= -f2 | cut -d. -f1 )\n    if ( grep -iq \"${exp_os}\" \"${os_release}\" ) && [ \"${version_id}\" = \"${exp_ver}\" ]; then\n        echo \"##########################\"\n        echo \"Image validation successfully completed!\"\n        echo \"Detected OS: $( grep ^PRETTY_NAME \"${os_release}\" | sed 's/\"//g' | cut -d= -f2 )\"\n        echo \"Operating system is matching with the expected Operating System\"\n        echo \"##########################\"\n    else\n        echo \"##########################\"\n        echo \"Image validation failed: Operating system is NOT matching with the expected Operating System\"\n        echo \"Please ensure that the Golden Image is of RHEL 7.x\"\n        echo \"##########################\"\n        exit 1\n    fi\nelse\n    echo \"##########################\"\n    echo \"Image validation failed: Operating system is NOT matching with the expected Operating System\"\n    echo \"Please ensure that the Golden Image is of RHEL 7.x\"\n    echo \"##########################\"\n    exit 1\nfi\nEND\n\n-download /tmp/ImageStreamer/validate_image ./validate_image\n!source ./validate_image\n\n-echo \"Check Image Streamer capture details\"\n-download /ImageStreamerCapture ./ImageStreamerCapture\n\n-upload -<<END /tmp/ImageStreamer/check_capture\n#!/bin/bash\n\nif [ -f ./ImageStreamerCapture ]; then\n    echo \"Capture details:\"\n    cat ./ImageStreamerCapture\nelse\n    echo \"##########################\"\n    echo \"WARNING: RHEL 7.x Golden Image was not captured by Image Streamer.\"\n    echo \"Golden Image may not be prepared for correct personalization.\"\n    echo \"Recommend deploying Golden Image as is and capturing a new\"\n    echo \"Golden Image using Image Streamer via correct capture Build Plan\"\n    echo \"##########################\"\nfi\nEND\n\n-download /tmp/ImageStreamer/check_capture ./check_capture\n!source ./check_capture\n\n-rm-f /ImageStreamerCapture\n\n# Take a backup of the rc.local file\n-echo \"Take a backup of the rc.local file\"\n-cp-a /etc/rc.d/rc.local /etc/rc.d/rc.local.backup\n\n# Copy out rc.local to firstboot.local\n-echo \"Copy out rc.local to firstboot.local\"\n-download /etc/rc.d/rc.local ./firstboot.local\n\n# Setup firstboot.local file to run scripts at the first boot time\n!echo \"#\" >> ./firstboot.local\n!echo \"# The following commands have been added from the Image Streamer\" >> ./firstboot.local\n!echo \"#\" >> ./firstboot.local","customAttributes":null,"hpProvided":true,"dependentArtifacts":null}