{"type":"PlanScript","uri":null,"category":null,"eTag":null,"created":null,"modified":null,"id":"55cf249b-f3ea-4ecc-af01-b5300f0c337a","name":"HPE - Linux - SAP - generalize host - 2019-04-12","description":"Remove host specific configuration.","status":null,"state":null,"planType":"capture","content":"# (c) Copyright 2019 Hewlett Packard Enterprise Development LP\n#\n# Licensed under the Apache License, Version 2.0 (the \"License\");\n# you may not use this file except in compliance with the License.\n# You may obtain a copy of the License at http://www.apache.org/licenses/LICENSE-2.0\n#\n# Unless required by applicable law or agreed to in writing, software distributed\n# under the License is distributed on an \"AS IS\" BASIS, WITHOUT WARRANTIES OR\n# CONDITIONS OF ANY KIND, either express or implied. See the License for the\n# specific language governing permissions and limitations under the License.\n\n# Add ImageStreamerCapture file\n-upload -<<END /tmp/ImageStreamer/capture_details\n#!/bin/bash\n\nos_release=\"./os-release\"\n\necho \"Construct ImageStreamerCapture details file\"\ngrep -iq rhel \"${os_release}\" && echo \"HPE Image Streamer Capture for RHEL 7.x\" > ./ImageStreamerCapture\ngrep -iq sles \"${os_release}\" && echo \"HPE Image Streamer Capture for SLES 12\"  > ./ImageStreamerCapture\necho \"Complete generalization by host state removal\" >> ./ImageStreamerCapture\ndate >> ./ImageStreamerCapture\nEND\n\n-download /tmp/ImageStreamer/capture_details ./capture_details\n!source ./capture_details\n-upload ./ImageStreamerCapture /ImageStreamerCapture\n\n-cat /ImageStreamerCapture\n\n# Generalize /etc/hostname\n-upload -<<END /etc/hostname\nlocalhost\nEND\n\n# Generalize /etc/fstab file\n-download /etc/fstab ./fstab\n-upload -<<END /tmp/ImageStreamer/generalize_fstab\n#!/bin/bash\n\nsed -i '/#This/ { N; d; }' ./fstab\nEND\n\n-download /tmp/ImageStreamer/generalize_fstab ./generalize_fstab\n!source ./generalize_fstab\n-upload ./fstab /etc/fstab\n\n# Generalize /etc/hosts file\n-download /etc/hosts ./hosts\n-upload -<<END /tmp/ImageStreamer/generalize_hosts\n#!/bin/bash\n\nsed -i '/#This/ { N; d; }' ./hosts\nEND\n\n-download /tmp/ImageStreamer/generalize_hosts ./generalize_hosts\n!source ./generalize_hosts\n-upload ./hosts /etc/hosts","customAttributes":null,"hpProvided":true,"dependentArtifacts":null}