{"type":"PlanScript","uri":null,"category":null,"eTag":null,"created":null,"modified":null,"id":"5bba2953-f6a0-44aa-955d-2f8e526cadf7","name":"HPE - Linux - SAP - create install script - 2019-04-12","description":"Creates the installation script install_SAP.sh. \nThe script will mount the software depot, create the SAP HANA and SAP application config file, start the SAP HANA and/or SAP application installation or database update and create backup services for SAP specific OS settings. The script will be executed after the first boot of the OS.","status":null,"state":null,"planType":"deploy","content":"# (c) Copyright 2019 Hewlett Packard Enterprise Development LP\n#\n# Licensed under the Apache License, Version 2.0 (the \"License\");\n# you may not use this file except in compliance with the License.\n# You may obtain a copy of the License at http://www.apache.org/licenses/LICENSE-2.0\n#\n# Unless required by applicable law or agreed to in writing, software distributed\n# under the License is distributed on an \"AS IS\" BASIS, WITHOUT WARRANTIES OR\n# CONDITIONS OF ANY KIND, either express or implied. See the License for the\n# specific language governing permissions and limitations under the License.\n\n-mkdir-p @InstallDirectory:/root/hpe_ai@\n\n-upload -<<END @InstallDirectory@/install_SAP.sh\n#!/bin/bash\n\n_add_sapinst_group()\n{\n    group=\"sapinst\"\n    if ( ! grep -q ^\"${group}\" /etc/group ); then\n        _debug \"Adding group '${group}' to /etc/group\"\n        groupadd \"${group}\" || _exit_on_error \"GROUPADD - Not able to create group '${group}'.\" \"${LINENO}\"\n        usermod -a -G \"${group}\" root || _exit_on_error \"USERMOD - Not able to add root user to the group '${group}'.\" \"${LINENO}\"\n    fi\n}\n\n_attach_global_host()\n{\n    if [ -n \"${scrGlobalHost}\" ] && [ -n \"${scrSID_SAP}\" ] && { [ \"${scrHostFunction}\" = \"pas\" ] || [ \"$scrHostFunction\" = \"aas\" ] || [ \"${scrHostFunction}\" = \"db\" ]; }; then\n        if [ -f \"${SAPMNT_DIR}/${scrSID_SAP}/profile/DEFAULT.PFL\" ]; then\n            _debug \"Global host already mounted or all SAP instances on the same host.\"\n            return\n        fi\n\n        _debug \"Attaching shares from global host.\"\n        grep -q HPE /etc/fstab || echo \"# Added by HPE Automated Installation\" >> /etc/fstab\n\n        mountlist=\"exe global profile\"\n        _debug \"Mounting these directories '${mountlist}'\"\n\n        for dir in ${mountlist}; do\n            [ -d \"${SAPMNT_DIR}/${scrSID_SAP}/${dir}\" ] || mkdir -p \"${SAPMNT_DIR}/${scrSID_SAP}/${dir}\"\n            if ( ! mount | grep -q \"${SAPMNT_DIR}/${scrSID_SAP}/${dir}\" ); then\n                _debug \"'mount -o rsize=32768,wsize=32768 ${scrGlobalHost}:${SAPMNT_DIR}/${scrSID_SAP}/${dir} ${SAPMNT_DIR}/${scrSID_SAP}/${dir} >/dev/null 2>&1'\"\n                mount -o rsize=32768,wsize=32768 \"${scrGlobalHost}:${SAPMNT_DIR}/${scrSID_SAP}/${dir}\" \"${SAPMNT_DIR}/${scrSID_SAP}/${dir}\" >/dev/null 2>&1 || _exit_on_error \"MOUNT_ERROR - Could not mount central share. Mount of ${scrGlobalHost}:${SAPMNT_DIR}/${scrSID_SAP}/${dir} went wrong!\" \"${LINENO}\"\n            fi\n\n            if ( ! grep -q \"${SAPMNT_DIR}/${scrSID_SAP}/${dir}\" /etc/fstab ); then\n                echo \"${scrGlobalHost}:${SAPMNT_DIR}/${scrSID_SAP}/${dir} ${SAPMNT_DIR}/${scrSID_SAP}/${dir} nfs defaults,rsize=32768,wsize=32768 0 0\" >> /etc/fstab\n            fi\n        done\n\n        for dir in ${mountlist}; do\n            mount | grep -iq \"${scrGlobalHost}:${SAPMNT_DIR}/${scrSID_SAP}/${dir}\" || _exit_on_error \"MOUNTCHECK_ERROR - One ore more central shares not mounted. ${scrGlobalHost}:${SAPMNT_DIR}/${scrSID_SAP}/${dir} not mounted!\" \"${LINENO}\"\n        done\n    fi\n}\n\n_backup_script_dir()\n{\n    # backup SCRIPT_DIR\n    if [ \"${scrUpdateSAPHANA}\" = true ] && [ -d \"${BACKUP_DIR}/${SCRIPT_DIR##*/}_${HDBLCM_ACTION}\" ]; then\n        mv \"${BACKUP_DIR}/${SCRIPT_DIR##*/}_${HDBLCM_ACTION}\" \"${BACKUP_DIR}/archived_backups/${SCRIPT_DIR##*/}_${HDBLCM_ACTION}_$( stat -c %y \"${BACKUP_DIR}/${SCRIPT_DIR##*/}_${HDBLCM_ACTION}\" | cut -d'.' -f1 | sed -e 's/ /_/' -e 's/:/./g' )\"\n    fi\n    [ ! -d \"${BACKUP_DIR}/${SCRIPT_DIR##*/}_${HDBLCM_ACTION}\" ] && cp -a \"${SCRIPT_DIR}\" \"${BACKUP_DIR}/${SCRIPT_DIR##*/}_${HDBLCM_ACTION}\"\n    _debug \"Files for OS backup stored.\" \"=\"\n}\n\n_backup_system_files()\n{\n    [ -z \"${scrSID_SAP}\" ] && endingSID=${scrSID_HDB} || endingSID=${scrSID_SAP}\n    for fname in ${BACKUP_SYSTEM_FILES}; do\n        if [ -f \"${fname}\" ]; then\n            [ ! -f \"${fname}.HPE_AI_B4_${endingSID}\" ] && cp -a \"${fname}\" \"${fname}.HPE_AI_B4_${endingSID}\"\n            bfname=\"${bfname} ${fname}\"\n        fi\n    done\n    _debug \"Backup of system files created:'${bfname}'\"\n}\n\n_check_consistency()\n{\n    if [ \"${scrHostFunction}\" = \"db\" ] ; then\n        bck_local_input_file=\"${BACKUP_DIR}/${SCRIPT_DIR##*/}_install/${LOCAL_INPUT_FILE##*/}\"\n        if [ -f \"${bck_local_input_file}\" ]; then\n            bck_scrSID=$( grep ^scrSID_HDB \"${bck_local_input_file}\" | sed -e 's/.*=\\(\\)/\\1/' -e \"s/'//g\" )\n            if [ \"${bck_scrSID^^}\" != \"${scrSID_HDB^^}\" ]; then\n                _debug \"Different SID for SAP HANA detected: '${scrSID_HDB^^}'. Start restoring using the initial SID: '${bck_scrSID^^}'\"\n                scrSID_HDB=\"${bck_scrSID^^}\"\n            fi\n\n            bck_scrHostnameFQDN=$( grep ^scrHostnameFQDN_HDB \"${bck_local_input_file}\" | sed -e 's/.*=\\(\\)/\\1/' -e \"s/'//g\" )\n            sys_HostnameFQDN=$( hostname --fqdn )\n            [ \"${bck_scrHostnameFQDN,}\" != \"${sys_HostnameFQDN,,}\" ] && _exit_on_error \"HOSTNAME_CHANGED - Actual hostname '${sys_HostnameFQDN,,}' is not the same as for the initial system: '${bck_scrHostnameFQDN}'. Restore is not possible!\" \"${LINENO}\"\n        else\n            _exit_on_error \"LOCAL_INPUT_FILE_MISSING - ${LOCAL_INPUT_FILE##*/} file was not found in the backup directory ${BACKUP_DIR}\" \"${LINENO}\"\n        fi\n    else\n        bck_local_input_file=\"${BACKUP_DIR}/${SCRIPT_DIR##*/}_install/${LOCAL_INPUT_FILE##*/}\"\n        if [ -f \"${bck_local_input_file}\" ]; then\n            bck_scrSID_HDB=$( grep ^scrSID_HDB \"${bck_local_input_file}\" | sed -e 's/.*=\\(\\)/\\1/' -e \"s/'//g\" )\n            bck_scrSID_SAP=$( grep ^scrSID_SAP \"${bck_local_input_file}\" | sed -e 's/.*=\\(\\)/\\1/' -e \"s/'//g\" )\n            if [ \"${bck_scrSID_HDB^^}\" != \"${scrSID_HDB^^}\" ]; then\n                _debug \"Different SID for HANA detected: '${scrSID_HDB^^}'. Start restoring using the initial SID:: '${bck_scrSID_HDB^^}'\"\n                scrSID_HDB=\"${bck_scrSID_HDB^^}\"\n            fi\n            if [ \"${bck_scrSID_SAP^^}\" != \"${scrSID_SAP^^}\" ]; then\n                _debug \"Different SID for SAP detected: '${scrSID_SAP^^}'. Start restoring using the initial SID:: '${bck_scrSID_SAP^^}'\"\n                scrSID_SAP=\"${bck_scrSID_SAP^^}\"\n            fi\n            bck_scrInstanceNumber_SAP=$( grep ^scrInstanceNumber_SAP \"${bck_local_input_file}\" | sed -e 's/.*=\\(\\)/\\1/' -e \"s/'//g\" )\n            if [ \"${bck_scrInstanceNumber_SAP}\" != \"${scrInstanceNumber_SAP}\" ]; then\n                _debug \"Different InstanceNumber for SAP detected: '${scrInstanceNumber_SAP}'. Start restoring using the initial InstanceNumber: '${bck_scrInstanceNumber_SAP}'\"\n                scrInstanceNumber_SAP=\"${bck_scrInstanceNumber_SAP}\"\n            fi\n\n            bck_scrHostnameFQDN=$( grep ^scrHostnameFQDN_SAP \"${bck_local_input_file}\" | sed -e 's/.*=\\(\\)/\\1/' -e \"s/'//g\" )\n            sys_HostnameFQDN=$( hostname --fqdn )\n            [ \"${bck_scrHostnameFQDN,}\" != \"${sys_HostnameFQDN,,}\" ] && _exit_on_error \"HOSTNAME_CHANGED - Actual hostname '${sys_HostnameFQDN,,}' is not the same as for the initial system: '${bck_scrHostnameFQDN}'. Restore is not possible!\" \"${LINENO}\"\n        else\n            _exit_on_error \"LOCAL_INPUT_FILE_MISSING - ${LOCAL_INPUT_FILE##*/} file was not found in the backup directory ${BACKUP_DIR}\" \"${LINENO}\"\n        fi\n    fi\n}\n\n_check_db_status()\n{\n    DB_ONLINE=false\n    su - \"${scrSID_HDB,,}adm\" -c 'HDB info' | grep -q hdbxsengine && DB_ONLINE=true\n}\n\n_check_disk_partition()\n{\n    if [ -f \"${PARTITION_DISK_ERROR_LOG}\" ]; then\n        partition_disk_error=$( <\"${PARTITION_DISK_ERROR_LOG}\" )\n        _exit_on_error \"PARTITION_DISK_ERROR - ${partition_disk_error}\" \"${LINENO}\"\n    fi\n}\n\n_check_etc_hosts()\n{\n    _debug \"Make proper '/etc/hosts' file\"\n    header=\"# Added by HPE Automated Installation\"\n\n    sed -i \"s/^\\(127\\.0\\.0\\.1\\).*${scrHostnameFQDN_SAP%%.*}.*/${header}\\n#&\\n\\1\\tlocalhost/gi\" /etc/hosts\n    sed -i \"s/^127\\..*${scrHostnameFQDN_SAP%%.*}.*/${header}\\n#&/gi\" /etc/hosts\n    sed -i \"s/^\\(::1\\).*${scrHostnameFQDN_SAP%%.*}.*/${header}\\n#&\\n\\1\\t\\tlocalhost/gi\" /etc/hosts\n    \n    grep -q '^127.0.0.1' /etc/hosts || echo -e \"127.0.0.1\\tlocalhost\" >> /etc/hosts\n}\n\n_check_nfs_server()\n{\n    if [ \"${scrHostFunction}\" = \"standard\" ]; then\n        _debug \"Checking for Kernel NFS server\"\n        systemctl -q enable rpcbind >/dev/null || _exit_on_error \"ERROR_RPCBIND_ENABLE - Error enabling 'rpcbind' service!\" \"${LINENO}\"\n        systemctl -q start rpcbind >/dev/null || _exit_on_error \"ERROR_RPCBIND_START - Error starting 'rpcbind' service!\" \"${LINENO}\"\n        systemctl -q enable nfs-server >/dev/null || _exit_on_error \"ERROR_NFSSERVER_ENABLE - Error enabling 'nfs-server' service!\" \"${LINENO}\"\n        systemctl -q start nfs-server >/dev/null || _exit_on_error \"ERROR_NFSSERVER_START - Error starting 'nfs-server' service!\" \"${LINENO}\"\n    fi\n}\n\n_check_options()\n{\n    amount=$#\n    option=\"${1}\"\n    force_install=false\n    restart_script=false\n\n    if [ $amount -gt 1 ]; then\n       echo \"Only one or no option are supported\"\n       exit 0\n    elif [ $# = 1 ] && { [ \"${option}\" = \"-restart\" ] || [ \"${option}\" = \"restart\" ]; }; then\n        restart_script=true\n    elif [ $# = 1 ] && { [ \"${option}\" = \"-force\" ] || [ \"${option}\" = \"force\" ]; }; then\n        force_install=true\n    elif  [ $# = 1 ]  && { [ \"${option}\" = \"-help\" ] || [ \"${option}\" = \"help\" ]; }; then\n        echo \"Use option -restart to restart the SAP installation\"\n        echo \"Use option -force to skip the OS restore check and start a new installation\"\n        exit 0\n    elif  [ $# = 1 ]; then\n        echo \"Only options -restart or -force supported. \\nType -help for a short description.\"\n        exit 1\n    fi\n}\n\n_check_restore()\n{\n    # check if system should be restored\n    if [ -d \"${BACKUP_DIR}\" ] && [ ! -f /etc/init.d/sapinit ] ; then\n        _debug \"Backup directory '${BACKUP_DIR}' available. Checking restore configuration.\"\n        # check if the OS vendor is the same as before\n        grep -iq rhel \"${BACKUP_DIR}/os-release\" && bck_os_name=\"rhel\"\n        grep -iq sles \"${BACKUP_DIR}/os-release\" && bck_os_name=\"sles\"\n        if [ -n \"${bck_os_name}\" ] && [ \"${bck_os_name}\" = \"${OS_NAME}\" ]; then\n            _debug \"Operating system '${bck_os_name^^}' found.\"\n        else\n            _exit_on_error \"WRONG_OS - Wrong operating system, '${bck_os_name^^}' was expected.\" \"${LINENO}\"\n        fi\n\n        _check_consistency\n        case \"${scrHostFunction}\" in\n        db )\n            if [ -d \"/hana/shared/${scrSID_HDB}\"  ] && [ -d \"/usr/sap/${scrSID_HDB}\" ]; then\n                _restore_environment\n            else\n                _exit_on_error \"HANA_DIR_NOT_FOUND - SAP HANA directories '/hana/shared/${scrSID_HDB}' and/or '/usr/sap/${scrSID_HDB}' not available.\" \"${LINENO}\"\n            fi\n            ;;\n        standard )\n            if [ \"${scrHostnameFQDN_SAP}\" = \"${scrHostnameFQDN_HDB}\" ]; then\n                if [ -d \"${SAPMNT_DIR}/${scrSID_SAP}\"  ] && [ -d \"/usr/sap/${scrSID_SAP}\" ] && [ -d \"/hana/shared/${scrSID_HDB}\"  ] && [ -d \"/usr/sap/${scrSID_HDB}\" ]; then\n                    _restore_environment\n                else\n                    _exit_on_error \"SAP_DIR_NOT_FOUND - SAP and HANA directories '/hana/shared/${scrSID_HDB}', '/usr/sap/${scrSID_HDB}','${SAPMNT_DIR}/${scrSID_SAP}' and/or '/usr/sap/${scrSID_SAP}' not available.\" \"${LINENO}\"\n                fi\n            else\n                if [ -d \"${SAPMNT_DIR}/${scrSID_SAP}\"  ] && [ -d \"/usr/sap/${scrSID_SAP}\" ]; then\n                    _restore_environment\n                else\n                    _exit_on_error \"SAP_DIR_NOT_FOUND - SAP directories '${SAPMNT_DIR}/${scrSID_SAP}' and/or '/usr/sap/${scrSID_SAP}' not available.\" \"${LINENO}\"\n                fi\n            fi\n            _check_nfs_server\n            _configure_nfs_exports\n            ;;\n        aas )\n            _attach_global_host\n            if [ -d \"${SAPMNT_DIR}/${scrSID_SAP}\"  ] && [ -d \"/usr/sap/${scrSID_SAP}\" ]; then\n                _restore_environment\n            else\n                _exit_on_error \"SAP_DIR_NOT_FOUND - SAP  directories '${SAPMNT_DIR}/${scrSID_SAP}' and/or '/usr/sap/${scrSID_SAP}' not available.\" \"${LINENO}\"\n            fi\n            ;;\n        * )\n            _exit_on_error \"RESTORE_OS_SCENARIO - Restore scenario could not be detected. Option scrHostFunction='${scrHostFunction}' is not valid.\" \"${LINENO}\"\n            ;;\n        esac\n\n        _debug \"Restore finished successfully\" \"=\"\n        exit 0\n    fi\n}\n\n_configure_nfs_exports()\n{\n    if [ \"${scrHostFunction}\" = \"standard\" ]; then\n        local_ip=$( getent hosts \"${scrHostnameFQDN_SAP}\" | awk '{print $1}' )\n        _debug \"Determining local production network mask in CIDR prefix notation\"\n        local_production_net=$( ip route | grep \"${local_ip}\" | awk '{print $1}' )\n\n        _debug \"Updating /etc/exports with '${SAPMNT_DIR}/${scrSID_SAP}' data\"\n        grep -q HPE /etc/exports || echo \"# Added by HPE Automated Installation\" >> /etc/exports\n        grep -q \"${SAPMNT_DIR}/${scrSID_SAP}\" /etc/exports || echo \"${SAPMNT_DIR}/${scrSID_SAP} ${local_production_net}(rw,no_root_squash,no_subtree_check,fsid=0)\" >> /etc/exports\n\n        # export the nfs share\n        exportfs -a > /dev/null 2>&1 || _exit_on_error \"NFS_EXPORT_FAILED - Cannot export the nfs share with 'exportfs -a'.\" \"${LINENO}\"\n    fi\n}\n\n_create_backup_service()\n{\n    backup_script_file=\"/usr/sap/${BACKUP_DIR##*/}.sh\"\n\n    # check if backup script already exists\n    if [ ! -f \"${backup_script_file}\" ]; then\n        _debug \"Create backup script ${backup_script_file}\"\n        [ -z \"${scrSID_SAP}\" ] && endingSID=${scrSID_HDB} || endingSID=${scrSID_SAP}\n        cat <<EOF > \"${backup_script_file}\"\n#!/bin/bash\n#\n# Copy changes of some /etc files that were added after the first OS boot\n\nendingSID=\"${endingSID}\"\nSID_SAP=\"${scrSID_SAP}\"\nSID_HDB=\"${scrSID_HDB}\"\nbackup_system_files=\"${BACKUP_SYSTEM_FILES}\"\nbackup_dir=\"${BACKUP_DIR}\"\nbackup_log_file=\"\\${backup_dir}/\\${backup_dir##*/}.log\"\n\n[ ! -d \"\\${backup_dir}\" ] && mkdir -p \"\\${backup_dir}\"\n\nif [ -n \"\\$( find \\${backup_dir} -maxdepth 1 -type f )\" ]; then\n    archive_backup=\"\\${backup_dir}/archived_backups/\\$( date +\"%F_%H.%M.%S\" )\"\n    mkdir -p \"\\${archive_backup}\"\n    find \"\\${backup_dir}\" -maxdepth 1 -type f -exec mv {} \"\\${archive_backup}\" \\\\;\n    echo \"Moved old backup files to archive directory: \\${archive_backup}\" >> \"\\${backup_log_file}\" ; echo \"\" >> \"\\${backup_log_file}\"\nfi\n\n{\n    date\n    echo \"Backup OS specific files for SAP:\"\n    echo \"######################################\"\n} >> \"\\${backup_log_file}\"\n\nfor fname in \\${backup_system_files}; do\n    if [ -f \"\\${fname}\" ] && [ -f \"\\${fname}.HPE_AI_B4_\\${endingSID}\" ]; then\n        # remove the diff file before the new one will be created\n        [ -f \"\\${backup_dir}/\\${fname##*/}.diff\" ] && rm \"\\${backup_dir}/\\${fname##*/}.diff\"\n        echo \"Process file \\${fname}\" >> \"\\${backup_log_file}\"\n        # compare the current file with the backup file before SAP installation\n        diff \"\\${fname}\" \"\\${fname}.HPE_AI_B4_\\${endingSID}\" | grep '^< ' | sed -e 's/^< //' | while read -r line; do\n        [ -z \"\\${line}\" ] && continue\n            echo \"  Insert line: '\\${line%%:*}'\" >> \"\\${backup_log_file}\"\n            echo \"\\${line}\" >> \"\\${backup_dir}/\\${fname##*/}.diff\"\n        done\n    fi\ndone\n\nfor fname in /etc/init.d/sapinit /etc/pam.d/sapstartsrv /etc/security/limits.d/99-sapsys.conf /home/sapadm /var/lib/hdb /etc/systemd/system/${backup_dir##*/}.service ${HPE_OS_TUNING}; do\n    [ -e \"\\${fname}\" ] && bfname=\"\\${bfname} \\${fname}\"\ndone\n\nif [ -n \"\\${bfname}\" ]; then\n    [ -f \"\\${backup_dir}/backup.tgz\" ] && rm \"\\${backup_dir}/backup.tgz\"\n    tar -zcf \\${backup_dir}/backup.tgz \\${bfname} --exclude=shmgrp --exclude=ipc --exclude=.hdb_*_lock 2>&1 | grep -v \"Removing leading\"\n    echo \"Backup file '\\${backup_dir}/backup.tgz' with following content created: \\$( echo \"\\${bfname}\" | sed -e 's/ /\\n  /g' )\" >> \"\\${backup_log_file}\"\nfi\n\nif [ -n \"\\${SID_SAP}\" ]; then\n    if [ -d /home/\\${SID_SAP,,}adm ]; then\n        echo \"Backup home directory of user: '\\${SID_SAP,,}adm'\" >> \"\\${backup_log_file}\"\n        tar -zcf \\${backup_dir}/home_\\${SID_SAP,,}adm.tgz /home/\\${SID_SAP,,}adm 2>&1 | grep -v \"Removing leading\"\n    elif [ -f \\${backup_dir}/home_\\${SID_SAP,,}adm.tgz ]; then\n        rm \\${backup_dir}/home_\\${SID_SAP,,}adm.tgz\n    fi\nfi\n\n# save os-release file in backup_dir\ncp /etc/os-release \"\\${backup_dir}\"\n\ntouch \"\\${backup_dir}/__DO_NOT_TOUCH_FILES_IN_THIS_DIRECTORY__\"\n\nEOF\n\n        chmod 0755 \"${backup_script_file}\"\n    fi\n\n    # create backup service file\n    backup_service_file=\"/etc/systemd/system/${BACKUP_DIR##*/}.service\"\n\n    # check if backup service file already exists\n    if [ ! -f \"${backup_service_file}\" ]; then\n        _debug \"Create systemd service: ${backup_service_file##*/}\"\n        cat <<EOF > \"${backup_service_file}\"\n[Unit]\nDescription=Run SAP backup script at shutdown\nAfter=network.target\n\n[Service]\nType=oneshot\nRemainAfterExit=true\nExecStart=/bin/true\nExecStop=/bin/sh ${backup_script_file}\n\n[Install]\nWantedBy=multi-user.target\nEOF\n\n        systemctl -q daemon-reload\n        systemctl -q enable \"${backup_service_file##*/}\"\n        systemctl -q start \"${backup_service_file##*/}\"\n    fi\n\n    # execute the backup script\n    sh \"${backup_script_file}\"\n}\n\n_create_local_directories()\n{\n    _debug \"Creating local directories\"\n    [ -d \"${SAPINST_DIR}\" ] || mkdir -p \"${SAPINST_DIR}\"\n    chmod 0775 \"${SAPINST_DIR}\"\n    chgrp sapinst \"${SAPINST_DIR}\"\n}\n\n_create_secure_storage_key()\n{\n    if [ \"${scrHostFunction}\" = \"standard\" ] || [ \"${scrHostFunction}\" = \"pas\" ] ; then\n        _debug \"Create Secure Storage Key file.\"\n        if [ ! -f \"${SECURE_STORAGE_FILE}\" ]; then\n            # Generate Secure Storage Key ID\n            secure_storage_key_id=$( date +%Y%m%d_%H%M%S_\"${scrSID_SAP}\"_INSTALLER )\n            path_dbindep=$( find -L \"${SAP_MEDIA_DIR}\" -type d -name DBINDEP | grep -i \"_U_${OS}\" | head -n 1 )\n            if [ -n \"${path_dbindep}\" ] ; then\n                file_list=$( \"${path_dbindep}/SAPCAR\" -tvf \"${path_dbindep}/SAPEXE.SAR\" | grep libicu | awk '{print $NF}' | tr '\\n' ' ' )\n                _debug \"Extract files for Secure Storage Key Generation 'rsecssfx ${file_list}'.\"\n                \"${path_dbindep}/SAPCAR\" -xf \"${path_dbindep}/SAPEXE.SAR\" -R /tmp/rsecssfx rsecssfx ${file_list} >/dev/null\n            else\n                # find in the archive download basket directory\n                SAPCAR_PATH=$( find \"${SAP_ARCHIVE_DIR}\" -maxdepth 1 -name \"SAPCAR*\" )\n                if [ -n \"$SAPCAR_PATH\" ]; then\n                    SAPEXE_PATH=$( find \"${SAP_ARCHIVE_DIR}\" -maxdepth 1 ! -iname \"sapexedb*.sar\" -iname \"sapexe*.sar\")\n                    if [ -n \"${SAPEXE_PATH}\" ]; then\n                        file_list=$( \"${SAPCAR_PATH}\" -tvf \"${SAPEXE_PATH}\" | grep libicu | awk '{print $NF}' | tr '\\n' ' ' )\n                        _debug \"Extract files for Secure Storage Key Generation 'rsecssfx ${file_list}'.\"\n                        \"${SAPCAR_PATH}\" -xf \"${SAPEXE_PATH}\" -R /tmp/rsecssfx rsecssfx ${file_list} >/dev/null\n                    else\n                        _exit_on_error \"NO_SAPEXE_FOUND - No SAPEXE.SAR found in archive directory ${SAP_ARCHIVE_DIR}\" \"${LINENO}\"\n                    fi\n                else\n                    _exit_on_error \"NO_SAPCAR_FOUND - No SAPCAR found in media directory ${SAP_MEDIA_DIR} and archive directory ${SAP_ARCHIVE_DIR}\" \"${LINENO}\"\n                fi\n            fi\n\n\n            export LD_LIBRARY_PATH=\"${LD_LIBRARY_PATH}:/tmp/rsecssfx\"\n            secure_storage_key=$( /tmp/rsecssfx/rsecssfx generatekey -keyId \"${secure_storage_key_id}\" -getPlainValueToConsole )\n\n            # write the key-id and key to the secure storage key file\n            echo \"key-id=${secure_storage_key_id}\" > \"${SECURE_STORAGE_FILE}\"\n            echo \"key=${secure_storage_key}\" >> \"${SECURE_STORAGE_FILE}\"\n\n            # make the file only available for the user\n            chmod 0600 \"${SECURE_STORAGE_FILE}\"\n            _debug \"Secure Storage Key created and written to '${SECURE_STORAGE_FILE}'\"\n\n            # remove the temporary created rsecssfx directory\n            rm -rf /tmp/rsecssfx >/dev/null\n        fi\n    fi\n}\n\n_create_variables()\n{\n    BACKUP_DIR=\"${BACKUP_DIR%/}\"\n    SAP_MEDIA_DIR=\"${scrDepotLocalMountpoint}/${scrDepotSapDirectory}\"\n    SAP_ARCHIVE_DIR=\"${SAP_MEDIA_DIR}\"\n\n    # convert to uppercase\n    scrSID_HDB=${scrSID_HDB^^}\n    scrSID_SAP=${scrSID_SAP^^}\n    # convert to lowercase\n    scrDepotMountType=${scrDepotMountType,,}\n    scrHostnameFQDN_HDB=${scrHostnameFQDN_HDB,,}\n    scrHostnameFQDN_SAP=${scrHostnameFQDN_SAP,,}\n    scrHostFunction=${scrHostFunction,,}\n    scrAutostartAfterReboot=${scrAutostartAfterReboot,,}\n    scrDryRun=${scrDryRun,,}\n\n    # set scrDryRun to false if empty\n    [ -z \"${scrDryRun}\" ] && scrDryRun=\"false\"\n\n    if [ -f \"${MASTER_PASSWORD_FILE}\" ]; then\n        if ( grep -q  \"${scrSID_SAP}\" \"${MASTER_PASSWORD_FILE}\" ) ; then\n            _debug \"Using SAP system master password of '${MASTER_PASSWORD_FILE}'\"\n            scrMasterPW_SAP=$( grep \"${scrSID_SAP}\" \"${MASTER_PASSWORD_FILE}\" | cut -d : -f2 )\n        elif ( grep -q \"${scrSID_HDB}\" \"${MASTER_PASSWORD_FILE}\" ) ; then\n            _debug \"Using HANA db master password of '${MASTER_PASSWORD_FILE}'\"\n            scrMasterPW_HDB=$( grep \"${scrSID_HDB}\" \"${MASTER_PASSWORD_FILE}\" | cut -d : -f2 )\n        fi\n    fi\n\n    _debug \"Assigned Software Depot variables:\" \"=\"\n    _debug \"scrDepotCifsPassword = '********'\"\n    _debug \"scrDepotCifsUsername = '${scrDepotCifsUsername}'\"\n    _debug \"scrDepotHost = '${scrDepotHost}'\"\n    _debug \"scrDepotLocalMountpoint = '${scrDepotLocalMountpoint}'\"\n    _debug \"scrDepotMountType = '${scrDepotMountType}'\"\n    _debug \"scrDepotShareName = '${scrDepotShareName}'\"\n    _debug \"scrDepotSapDirectory = '${scrDepotSapDirectory}'\"\n    _debug \"scrHostFunction = '${scrHostFunction}'\"\n    _debug \"scrAutostartAfterReboot = '${scrAutostartAfterReboot}'\"\n    _debug \"scrDryRun = '${scrDryRun}'\"\n\n    _create_variables_hana_db\n    [ \"${scrHostFunction}\" != \"db\" ] && _create_variables_sap_system\n}\n\n_create_variables_hana_db()\n{\n    scrUpdateSAPHANA=${scrUpdateSAPHANA,,}\n\n    # check if the system has the required minimum physical memory\n    min_memory=\"24\"\n    if [ \"${scrHostFunction}\" = \"db\" ]; then\n        memory=$( free -g | awk '/Mem/ {print $2}' )\n        [ \"${memory}\" -ge \"${min_memory}\" ] || _exit_on_error \"SANITY_CHECK - Physical memory on this host is '${memory} GB'. Minimum required: '${min_memory} GB'.\" \"${LINENO}\"\n    fi\n\n    # HANA database (hdblcm) configuration file\n    HDB_CONF=\"${SCRIPT_DIR}/hdblcm_${scrSID_HDB}.conf\"\n    # HANA database (hdblcm) configuration file template\n    if [ \"${scrUpdateSAPHANA}\" = true ]; then\n        HDB_CONF_TEMPLATE=\"${SAP_MEDIA_DIR}/hdblcm_update.conf\"\n        HDBLCM_ACTION='update'\n    else\n        HDB_CONF_TEMPLATE=\"${SAP_MEDIA_DIR}/hdblcm.conf\"\n        HDBLCM_ACTION='install'\n    fi\n\n    # SAP SID and HANA database SID may not be the same\n    [ \"${scrSID_HDB}\" = \"${scrSID_SAP}\" ] && _exit_on_error \"SANITY_CHECK - Error during sanity check of SAP SID '${scrSID_SAP}' and HDB SID '${scrSID_HDB}'. SIDs may not be the same.\" \"${LINENO}\"\n\n    # check that scrInstanceNumber_HDB not equal to scrInstanceNumber_SAP\n    if [ \"${scrHostFunction}\" = \"standard\" ] || [ \"${scrHostFunction}\" = \"aas\" ]; then\n        if [ \"${scrInstanceNumber_HDB}\" = \"${scrInstanceNumber_SAP}\" ] && [ -n \"${scrInstanceNumber_HDB}\" ] && [ -n \"${scrInstanceNumber_SAP}\" ]; then\n            _exit_on_error \"SANITY_CHECK - Error during sanity check of SAP InstanceNr '${scrInstanceNumber_SAP}' and HDB InstanceNumber '${scrInstanceNumber_HDB}'. The Instance Numbers may not be the same.\" \"${LINENO}\"\n        fi\n    fi\n\n    _debug \"Assigned SAP HANA database variables:\" \"=\"\n    _debug \"scrHostnameFQDN_HDB = '${scrHostnameFQDN_HDB}'\"\n    _debug \"scrSID_HDB = '${scrSID_HDB}'\"\n    _debug \"scrInstanceNumber_HDB = '${scrInstanceNumber_HDB}'\"\n    _debug \"scrMasterPW_HDB = '********'\"\n    _debug \"scrUpdateSAPHANA= '${scrUpdateSAPHANA}'\"\n    _debug \"HDB_CONF = '${HDB_CONF}'\"\n    _debug \"HDB_CONF_TEMPLATE = '${HDB_CONF_TEMPLATE}'\"\n    _debug \"HDBLCM_ACTION = '${HDBLCM_ACTION}'\"\n}\n\n_create_variables_sap_system()\n{\n    # define scrSID_DB if empty\n    if [ -z \"${scrSID_DB}\" ] && [ -z \"${scrSID_HDB}\" ]; then\n        scrSID_DB=\"${scrSID_SAP}\"\n    elif [ -n \"${scrSID_HDB}\" ]; then\n        scrSID_DB=\"${scrSID_HDB}\"\n    fi\n\n    # convert from uppercase to lowercase and vise versa\n    scrGlobalHost=${scrGlobalHost,,}\n    scrHostnameFQDN_SAP=${scrHostnameFQDN_SAP,,}\n    scrSID_DB=${scrSID_DB^^}\n    scrSapApplication=${scrSapApplication^^}\n    scrSapVersion=${scrSapVersion^^}\n    scrSapStack=${scrSapStack^^}\n    scrDatabaseVendor=${scrDatabaseVendor^^}\n\n    # set scrSapApplication to CORE if empty\n    [ -z \"${scrSapApplication}\" ] && scrSapApplication=\"CORE\"\n\n    # set scrSapStack with the right values\n    [ \"${scrHostFunction}\" = \"aas\" ] && scrSapStack=\"none\"\n    [ \"${scrSapStack}\" = \"JAVA\" ] && scrSapStack=\"Java\"\n    [ \"${scrSapStack}\" = \"DOUBLESTACK\" ] && scrSapStack=\"Doublestack\"\n\n    # set scrDatabaseVendor to HDB if empty\n    [ -z \"${scrDatabaseVendor}\" ] && scrDatabaseVendor=\"HDB\"\n\n    # SAP installation (sapinst) parameter file\n    INIFILE_PARAMS=\"${SAPINST_DIR}/inifile.params\"\n    # SAP installation (sapinst) parameter file template\n    INIFILE_PARAMS_TEMPLATE=\"${SAP_MEDIA_DIR}/inifile_${scrSapVersion}_${scrSapApplication}_${scrDatabaseVendor}.params\"\n\n    _debug \"Assigned SAP variables:\" \"=\"\n    _debug \"scrGlobalHost = '${scrGlobalHost}'\"\n    _debug \"scrHostnameFQDN_SAP = '${scrHostnameFQDN_SAP}'\"\n    _debug \"scrSID_SAP = '${scrSID_SAP}'\"\n    _debug \"scrSID_DB = '${scrSID_DB}'\"\n    _debug \"scrInstanceNumber_SAP = '${scrInstanceNumber_SAP}'\"\n    _debug \"scrSapApplication = '${scrSapApplication}'\"\n    _debug \"scrSapVersion = '${scrSapVersion}'\"\n    _debug \"scrSapStack = '${scrSapStack}'\"\n    _debug \"scrDatabaseVendor = '${scrDatabaseVendor}'\"\n    _debug \"scrMasterPW_SAP = '********'\"\n    _debug \"INIFILE_PARAMS = '${INIFILE_PARAMS}'\"\n    _debug \"INIFILE_PARAMS_TEMPLATE = '${INIFILE_PARAMS_TEMPLATE}'\"\n}\n\n_debug()\n{\n    debug_msg=\"${1}\"\n    line_separator=\"${2}\"\n\n    if [ -n \"${line_separator}\" ]; then\n        printf \"${line_separator}%0.s\" {1..100} >> \"${DEVELOPMENT_LOG}\"\n        printf '\\n' >> \"${DEVELOPMENT_LOG}\"\n    fi\n    # writing debug message to development log\n    printf '%s    %s\\n' \"$( date +\"${DATE_FORMAT}\" )\" \"${debug_msg}\" >> \"${DEVELOPMENT_LOG}\"\n    if [ -n \"${line_separator}\" ]; then\n        printf \"${line_separator}%0.s\" {1..100} >> \"${DEVELOPMENT_LOG}\"\n        printf '\\n' >> \"${DEVELOPMENT_LOG}\"\n    fi   \n}\n\n_determine_sap_product_id()\n{\n    _debug \"Starting SAP installation through SWPM\"\n    product_catalog=\"${SWPM_DIR}/product.catalog\"\n\n    [ -f \"${product_catalog}\" ] || _exit_on_error \"NO_PRODUCT_CATALOG - No product.catalog file found in '${SWPM_DIR}'.\" \"${LINENO}\"\n\n    case \"${scrHostFunction}\" in\n        # Standard system on a single host\n        standard )\n            front_pattern=\"NW_${scrSapStack}_OneHost\"\n            ;;\n        # Database instance (DB)\n        db )\n            front_pattern=\"NW_${scrSapStack}_DB\"\n            ;;\n        # Additional Application Server instance (AAS instance)\n        aas )\n            front_pattern=\"NW_DI\"\n            ;;\n        *)\n            _exit_on_error \"NO_HOSTFUNCTION - '${scrHostFunction}' is no valid HostFunction.\" \"${LINENO}\"\n            ;;\n    esac\n\n    # SAP Version and Application\n    # NetWeaver, NetWeaver OEM version, Solution Manager, Composition Environment & S/4HANA Java\n    if [ \"${scrHostFunction}\" = \"aas\" ]; then\n        # NetWeaver, NetWeaver OEM version, Solution Manager, Composition Environment\n        echo \"${scrSapVersion}\" | grep -Eq '^(NW|OOEM|SOLMAN|CE)' && back_pattern=\"${scrSapVersion}\\.${scrDatabaseVendor}\\.PD\"\n        # Business Suite, Business Suite on HANA, Business Suite Additional Products, S/4HANA, BW/4HANA\n        echo \"${scrSapVersion}\" | grep -Eq '^(BS2|BSON|ADDPROD|S4HANA|BW4HANA)' && back_pattern=\"${scrSapVersion}\\.${scrSapApplication}\\.${scrDatabaseVendor}\\.PD\"\n    else\n        # NetWeaver, NetWeaver OEM version, Solution Manager, Composition Environment\n        echo \"${scrSapVersion}\" | grep -Eq '^(NW|OOEM|SOLMAN|CE)' && back_pattern=\"${scrSapVersion}\\.${scrDatabaseVendor}\\.${scrSapApplication}\"\n        # Business Suite, Business Suite on HANA, Business Suite Additional Products\n        echo \"${scrSapVersion}\" | grep -Eq '^(BS2|BSON|ADDPROD)' && back_pattern=\"${scrSapVersion}\\.${scrSapApplication}\\.${scrDatabaseVendor}\\.PD\"\n        # S/4HANA, BW/4HANA\n        if ( echo \"${scrSapVersion}\" | grep -Eq '^(S4|BW4)' ); then\n            [ \"${scrSapStack}\" = \"ABAP\" ] && back_pattern=\"${scrSapVersion}\\.${scrSapApplication}\\.${scrDatabaseVendor}\\.${scrSapStack}\"\n            [ \"${scrSapStack}\" = \"Java\" ] && back_pattern=\"${scrSapVersion}\\.${scrSapStack}\\.${scrDatabaseVendor}\\.${scrSapApplication}\"\n        fi\n    fi\n\n    [ -z \"${back_pattern}\" ] && _exit_on_error \"SAPVERSION_NOT_SUPPORTED - '${scrSapVersion}' is not supported (yet).\" \"${LINENO}\"\n\n    pattern=\"${front_pattern}:${back_pattern}\"\n\n    # Try to determine Product-ID\n    _debug \"Determining Product-ID by processing Product Catalog '${product_catalog}'\"\n    _debug \"Pattern: '${pattern}'\"\n    SAP_PRODUCT_ID=$( grep -io \"id=\\\"${pattern}\\\"\" \"${product_catalog}\" | sed 's/id=\\\"\\(.*\\)\\\"/\\1/g' | uniq )\n\n    # Check if more than one Product-ID\n    count=$( echo \"${SAP_PRODUCT_ID}\" | wc -l )\n    if [ \"${count}\" -gt 1 ]; then\n        _debug \"Found more than one SAP Product ID! Taking first one!\"\n        for prodid in ${SAP_PRODUCT_ID}; do\n            _debug \"SAP Product ID: '${prodid}'\"\n        done\n        SAP_PRODUCT_ID=$( { echo \"${SAP_PRODUCT_ID}\" | while read -r i; do echo \"$i\"; break; done } )\n    fi\n\n    _debug \"Installing '${scrSapVersion}' '${scrSapApplication}' on '${scrDatabaseVendor}' as '${scrHostFunction}' system with SAP Product-ID '${SAP_PRODUCT_ID}'.\"\n    [ -z \"${SAP_PRODUCT_ID}\" ] && _exit_on_error \"NO_SAP_PRODUCT_ID - Could not find SAP Product ID for Sap Version: ${scrSapVersion}', Application: '${scrSapApplication}' on Database: '${scrDatabaseVendor}' as Host Function: '${scrHostFunction}'\" \"${LINENO}\"\n}\n\n_dry_run_exit()\n{\n    if [ \"${scrDryRun}\" = \"true\" ] || [ \"${scrDryRun}\" = \"host_preparation\" ]; then\n        _debug \"As requested, script stopped after host preparation: 'DryRun=${scrDryRun}'\"\n    elif [ \"${scrDryRun}\" = \"sap_summary\" ]; then\n        _debug \"As requested, sapinst stopped at the end of the dialog phase: 'DryRun=${scrDryRun}'\"\n    fi\n    _debug \"Script finished. This was a Dry Run!\" \"=\"\n    exit\n}\n\n_exit_on_error()\n{\n    error_msg=\"${1}\"\n    error_line=\"${2}\"\n    error_msg=\"ERROR: ${error_msg}\"\n\n    # writing error message to error log\n    printf '%s\\n' \"${error_msg}\" > \"${ERROR_LOG}\"\n    [ -n \"${error_line}\" ] && error_msg=\"ERROR Line ${error_line}: ${error_msg}\"\n\n    # writing error message to development log\n    printf '%s    %s\\n' \"$( date +\"${DATE_FORMAT}\" )\" \"${error_msg}\" >> \"${DEVELOPMENT_LOG}\"\n\n    # Writing error message to stdout\n    printf '%s\\n' \"${error_msg}\" 1>&2\n    exit 1\n}\n\n_get_operating_system()\n{\n    OS=\"$( uname -s )\"\n    if [ \"${OS}\" = \"Linux\" ]; then\n        if ( grep -iq rhel /etc/os-release ); then\n            OS_NAME=\"rhel\"\n            OS_VERSION=$( awk '/^VERSION_ID=/ {print $1}' /etc/os-release | sed 's/\"//g' |  cut -d= -f2 )\n        elif ( grep -iq sles /etc/os-release ); then\n            OS_NAME=\"sles\"\n            OS_VERSION=$( awk '/^VERSION_ID=/ {print $1}' /etc/os-release | sed 's/\"//g' |  cut -d= -f2 )\n        else\n            _exit_on_error \"OS_NOT_SUPPORTED - Local Linux Distribution is not supported!\" \"${LINENO}\"\n        fi\n    else\n        _exit_on_error \"OS_NOT_SUPPORTED - Local operating system '${OS}' is not supported!\" \"${LINENO}\"\n    fi\n}\n\n_hana_db_install_or_update()\n{\n    if [ \"${scrUpdateSAPHANA}\" = true ]; then\n        _hana_db_update\n    else\n        _hana_db_install\n    fi\n}\n\n_hana_db_install()\n{\n    _locate_hdblcm\n\n    # save the HANA database master password to file\n    if [ ! -f \"${MASTER_PASSWORD_FILE}\" ] || { [ -f \"${MASTER_PASSWORD_FILE}\" ] && ( ! grep -q \"${scrSID_HDB}:\" \"${MASTER_PASSWORD_FILE}\" ); }; then\n        echo \"${scrSID_HDB}:${scrMasterPW_HDB}\" >> \"${MASTER_PASSWORD_FILE}\"\n        chmod 0600 \"${MASTER_PASSWORD_FILE}\"\n        _debug \"Master Password for SID '${scrSID_HDB}' saved in file '${MASTER_PASSWORD_FILE}'\"\n    fi\n\n    # create home directory of <sid>adm\n    mkdir -p \"/usr/sap/${scrSID_HDB}/home\"\n\n    # SAP HANA database installation\n    _debug \"Installing SAP HANA database with configuration file '${HDB_CONF}'\"\n    _debug \"To track the installation progress, please check '${HDB_LOG}'\"\n    ${HDBLCM} --batch --configfile=\"${HDB_CONF}\" >> \"${HDB_LOG}\" 2>&1\n    if [ $? -eq 1 ]; then\n        if ( grep -q \"already in use\" \"${HDB_LOG}\" ); then\n            _debug \"SAP HANA database '${scrSID_HDB}' is already installed.\"\n        else\n            _exit_on_error \"HDBLCM_FAILED - SAP HANA database installation failed. Please check '${HDB_LOG}'.\" \"${LINENO}\"\n        fi\n    else\n        _debug \"HDBLCM finished successfully.\"\n    fi\n\n    # start sapinit service if not active\n    if ( ! systemctl -q is-active sapinit ); then\n        systemctl -q daemon-reload\n        systemctl -q start sapinit\n    fi\n}\n\n_hana_db_update()\n{\n    _locate_hdblcm\n    # SAP HANA database update\n    _debug \"Updating SAP HANA database with configuration file '${HDB_CONF}'\"\n    _debug \"To track the installation progress, please check '${HDB_LOG}'\"\n    ${HDBLCM} --batch --configfile=\"${HDB_CONF}\" >> \"${HDB_LOG}\" 2>&1\n    if [ $? -eq 1 ]; then\n        if ( grep -q \"already in use\" \"${HDB_LOG}\" ); then\n            _debug \"SAP HANA database '${scrSID_HDB}' is already installed.\"\n        else\n            _exit_on_error \"HDBLCM_FAILED - SAP HANA database update failed. Please check '${HDB_LOG}'.\" \"${LINENO}\"\n        fi\n    else\n        _debug \"SAP HANA database update finished successfully.\" \"=\"\n    fi\n}\n\n_initialize()\n{\n    # determine the script directory\n    SCRIPT_DIR=\"$( cd \"$( dirname \"${0}\" )\" && pwd )\"\n    # location of local input file with input parameters\n    LOCAL_INPUT_FILE=\"${SCRIPT_DIR}/local_input.ini\"\n    # source the local input file\n    _source_local_input_file\n    # log directory for the SAP installation (default: /usr/sap/sapinst_instdir)\n    SAPINST_DIR=\"/usr/sap/sapinst_instdir\"\n    # SAP mount directory (default: /sapmnt)\n    SAPMNT_DIR=\"/sapmnt\"\n    # file with the master passwords for SAP and HANA (default: ${SCRIPT_DIR}/master_password.txt)\n    MASTER_PASSWORD_FILE=\"${SCRIPT_DIR}/master_password.txt\"\n    # file with the Secure Storage Key-ID and Key (default: ${SCRIPT_DIR}/secure_storage_key_${scrSID_SAP}.txt)\n    SECURE_STORAGE_FILE=\"${SCRIPT_DIR}/secure_storage_key_${scrSID_SAP}.txt\"\n    # development log file with debug messages (default: ${SCRIPT_DIR}/sap_dev_installation.log)\n    DEVELOPMENT_LOG=\"${SCRIPT_DIR}/sap_dev_installation.log\"\n    # HANA database installation log file (default: ${SCRIPT_DIR}/sap_hdb_installation.log)\n    HDB_LOG=\"${SCRIPT_DIR}/sap_hdb_installation.log\"\n    # error log file with error messages (default: ${SCRIPT_DIR}/sap_error.log)\n    ERROR_LOG=\"${SCRIPT_DIR}/sap_error.log\"\n    # partition disk error log file (default: /tmp/partition_disk_error.log)\n    PARTITION_DISK_ERROR_LOG=\"/tmp/partition_disk_error.log\"\n    # start system after machine reboot (yes, no)\n    AUTOSTART_AFTER_REBOOT=\"yes\"\n    # date format for logging\n    DATE_FORMAT=\"%b %d %T\"\n    # restart the SAP application instance after installation (yes, no)\n    RESTART_INSTANCE_AFTER_INSTALLATION=\"yes\"\n    # HANA database load (yes, no; default: yes)\n    HDB_MASSIMPORT=\"yes\"\n    # backup directory for SAP OS specific backup files\n    BACKUP_DIR=\"/usr/sap/backup_sap_os_settings\"\n    # systems files for backup\n    BACKUP_SYSTEM_FILES=\"/etc/exports /etc/fstab /etc/group /etc/gshadow /etc/hosts /etc/passwd /etc/services /etc/shadow /etc/sysctl.conf /etc/security/limits.conf\"\n\n    # HPE specific tuned config for RHEL or SLES\n    if [ \"${OS_NAME}\" = \"rhel\" ]; then\n        HPE_OS_TUNING=\"/etc/tuned/sap-hana-hpe/tuned.conf\"\n    elif [ \"${OS_NAME}\" = \"sles\" ]; then\n        HPE_OS_TUNING=\"/etc/saptune/extra/HPE_HANA-Recommended_OS_Settings.conf\"\n    fi\n\n    # move old installation files and directories\n    _move_old_installation_files\n    [ \"${restart_script}\" = \"true\" ] && _debug \"Restarting the Installation\" || _debug \"SAP installation started\" \"#\"\n\n    _debug \"Assigned initialization variables:\" \"=\"\n    _debug \"SCRIPT_DIR = '${SCRIPT_DIR}'\"\n    _debug \"LOCAL_INPUT_FILE = '${LOCAL_INPUT_FILE}'\"\n    _debug \"SAPINST_DIR = '${SAPINST_DIR}'\"\n    _debug \"SAPMNT_DIR = '${SAPMNT_DIR}'\"\n    _debug \"MASTER_PASSWORD_FILE = '${MASTER_PASSWORD_FILE}'\"\n    _debug \"SECURE_STORAGE_FILE = '${SECURE_STORAGE_FILE}'\"\n    _debug \"DEVELOPMENT_LOG = '${DEVELOPMENT_LOG}'\"\n    _debug \"HDB_LOG = '${HDB_LOG}'\"\n    _debug \"ERROR_LOG = '${ERROR_LOG}'\"\n    _debug \"PARTITION_DISK_ERROR_LOG = '${PARTITION_DISK_ERROR_LOG}'\"\n    _debug \"AUTOSTART_AFTER_REBOOT = '${AUTOSTART_AFTER_REBOOT}'\"\n    _debug \"DATE_FORMAT = '${DATE_FORMAT}'\"\n    _debug \"RESTART_INSTANCE_AFTER_INSTALLATION = '${RESTART_INSTANCE_AFTER_INSTALLATION}'\"\n    _debug \"HDB_MASSIMPORT = '${HDB_MASSIMPORT}'\"\n    _debug \"HPE_OS_TUNING = '${HPE_OS_TUNING}'\"\n    _debug \"BACKUP_DIR = '${BACKUP_DIR}'\"\n    _debug \"BACKUP_SYSTEM_FILES = '${BACKUP_SYSTEM_FILES}'\"\n}\n\n_install_sap_system()\n{\n    # check for NFS Server\n    _check_nfs_server\n\n    #check the etc hostfile\n    _check_etc_hosts\n\n    # add sapinst group\n    _add_sapinst_group\n\n    # create directories and copy files\n    _create_local_directories\n\n    # attach the global host\n    _attach_global_host\n\n    # locate SWPM (sapinst) location\n    _locate_sapinst\n\n    # determine SAP Product ID\n    _determine_sap_product_id\n\n    # secure Storage Key Generation\n    _create_secure_storage_key\n\n    # prepare inifile.params file\n    _prepare_inifile_params\n\n    # R3load Massloader for HANA database\n    if [ \"${HDB_MASSIMPORT}\" = \"yes\" ] && { [ \"${scrHostFunction}\" = \"standard\" ] || [ \"${scrHostFunction}\" = \"db\" ]; }; then\n        export HDB_MASSIMPORT=YES\n    fi\n\n    # assembling sapinst \"command line\"\n    SAPINST_COMMAND=\"${SWPM_DIR}/sapinst\"\n    SAPINST_COMMAND=\"${SAPINST_COMMAND} SAPINST_START_GUI=false SAPINST_START_GUISERVER=false SAPINST_SKIP_DIALOGS=true SAPINST_EXECUTE_PRODUCT_ID=${SAP_PRODUCT_ID} SAPINST_INPUT_PARAMETERS_URL=${INIFILE_PARAMS}\"\n\n    if [ \"${scrDryRun}\" = \"sap_summary\" ]; then\n        _debug \"This is a Dry Run. Sapinst will stop after DIALOG phase.\"\n        SAPINST_COMMAND=\"${SAPINST_COMMAND} SAPINST_STOP_AFTER_DIALOG_PHASE=true\"\n    fi\n\n    # check if a dry run test was started\n    if [ \"${scrDryRun}\" = \"true\" ] || [ \"${scrDryRun}\" = \"host_preparation\" ]; then\n        _dry_run_exit\n    fi\n\n    cd \"${SAPINST_DIR}\" || _exit_on_error \"ERROR_DIR_CHANGE - Change working directory to '${SAPINST_DIR}' not possible!\" \"${LINENO}\"\n    # set the sapinst command\n    _debug \"Performing default installation: assigned SAPINST_COMMAND '${SAPINST_COMMAND}'\"\n    _debug \"Calling sapinst and starting the SAP system installation.\"\n\n    # start sapinst as background job\n    ${SAPINST_COMMAND} > \"${SAPINST_DIR}/sapinst_stdout.log\" 2>1 &\n\n    # save the SAP system master password to file\n    if [ ! -f \"${MASTER_PASSWORD_FILE}\" ] || { [ -f \"${MASTER_PASSWORD_FILE}\" ] && ( ! grep -q \"${scrSID_SAP}:\" \"${MASTER_PASSWORD_FILE}\" ); }; then\n        echo \"${scrSID_SAP}:${scrMasterPW_SAP}\" >> \"${MASTER_PASSWORD_FILE}\"\n        chmod 0600 \"${MASTER_PASSWORD_FILE}\"\n        _debug \"Master Password for SID '${scrSID_SAP}' saved in file '${MASTER_PASSWORD_FILE}'\"\n    fi\n\n    # wait for sapinst to extract and start\n    if [ ${restart_script} = true ]; then\n        if (  grep -q \"The installation of component .* has completed\" \"${SAPINST_DIR}/sapinst_dev.log\" ); then\n            _debug \"SAP Installation is already complete\"\n            _configure_nfs_exports\n\n            # SAP autostart after a server reboot\n            [ \"${AUTOSTART_AFTER_REBOOT}\" = \"yes\" ] && _process_sap_profiles 'instance' 'Autostart' '1'\n\n            # restart SAP application instances\n            if [ \"${scrHostFunction}\" = \"standard\" ] || [ \"${scrHostFunction}\" = \"pas\" ] || [ \"${scrHostFunction}\" = \"aas\" ]; then\n                if [ \"${RESTART_INSTANCE_AFTER_INSTALLATION}\" = \"yes\" ]; then\n                    _debug \"Restart SAP Application '${scrSID_SAP}'.\"\n                    _sapcontrol \"${scrHostnameFQDN_SAP}\" \"${scrInstanceNumber_SAP}\" \"RestartSystem\"\n                    sleep 120\n                    _debug \"Check if SAP Application '${scrSID_SAP}' is up and running.\"\n                    i=0\n                    until [ \"$((i+=1))\" -gt 20 ]; do\n                        _sapcontrol \"${scrHostnameFQDN_SAP}\" \"${scrInstanceNumber_SAP}\" \"GetProcessList\"\n                        [ \"${SAP_STATUS}\" = \"GREEN\" ] && break || sleep 30\n                    done\n                    [ \"${SAP_STATUS}\" = \"GREEN\" ] && _debug \"SAP Application '${scrSID_SAP}' successfully restarted.\" || _exit_on_error \"INSTANCE_RESTART - SAP Application '${scrSID_SAP}' did not restart successfully.\" \"${LINENO}\"\n                fi\n            fi\n            return\n        fi\n        sleep 60\n    else\n        sleep 180\n    fi\n\n    # check if sapinst is running\n    if ( ! ps ax | grep sapinst_exe | grep -qv 'grep' ) && [ ! -f \"${SAPINST_DIR}/installationSuccesfullyFinished.dat\" ] ; then\n        [ -f \"${SAPINST_DIR}/1\" ] && error_msg=$( printf \"\\n\\n\" ; cat \"${SAPINST_DIR}/1\" )\n        _exit_on_error \"SAPINST_NOT_RUNNING - sapinst is not running. Please check the logfiles in '${SAPINST_DIR}/'.${error_msg}\" \"${LINENO}\"\n    fi\n\n    _debug \"To track the installation progress, please check '${SAPINST_DIR}/sapinst_dev.log'\"\n    while [ ! -f \"${SAPINST_DIR}/installationSuccesfullyFinished.dat\" ]; do\n        # check if sapinst passed the dialog phase (summary.html)\n        if [ -f \"${SAPINST_DIR}/summary.html\" ] && [ ! -f \"${SCRIPT_DIR}/inifile_${scrSID_SAP}.sapinst\" ]; then\n            _debug \"Installation passed the summary page.\"\n            [ ! -f \"${SCRIPT_DIR}/inifile_${scrSID_SAP}.sapinst\" ] && cp -p \"${SAPINST_DIR}/inifile.params\" \"${SCRIPT_DIR}/inifile_${scrSID_SAP}.sapinst\"\n            chmod 0600 \"${SCRIPT_DIR}/inifile_${scrSID_SAP}.sapinst\"\n        fi\n\n        # check if sapinst is still running\n        if ( ! ps ax | grep sapinst_exe | grep -qv 'grep' ); then\n            # wait to see if installation finished successfully\n            sleep 30\n            # check if a dry run test was started\n            if [ \"${scrDryRun}\" = \"sap_summary\" ] && [ -f \"${SAPINST_DIR}/summary.html\" ]; then\n                _dry_run_exit\n            # check if sapinst aborted without finishing the installation\n            elif ( ! grep -q \"The installation of component .* has completed\" \"${SAPINST_DIR}/sapinst_dev.log\" ); then\n                _exit_on_error \"SAPINST_STOPPED - sapinst ran into an error. Please check '${SAPINST_DIR}/sapinst.log' or '${SAPINST_DIR}/sapinst_dev.log'!\" \"${LINENO}\"\n            fi\n        fi\n        sleep 5\n    done\n    [ ! -f \"${SCRIPT_DIR}/inifile_${scrSID_SAP}.sapinst\" ] && cp -p \"${SAPINST_DIR}/inifile.params\" \"${SCRIPT_DIR}/inifile_${scrSID_SAP}.sapinst\"\n    chmod 0600 \"${SCRIPT_DIR}/inifile_${scrSID_SAP}.sapinst\"\n    _debug \"SAP system installation with sapinst finished successfully.\" \"=\"\n\n    # configure NFS exports\n    _configure_nfs_exports\n\n    # SAP autostart after a server reboot\n    [ \"${AUTOSTART_AFTER_REBOOT}\" = \"yes\" ] && _process_sap_profiles 'instance' 'Autostart' '1'\n\n    # restart SAP application instances\n    if [ \"${scrHostFunction}\" = \"standard\" ] || [ \"${scrHostFunction}\" = \"pas\" ] || [ \"${scrHostFunction}\" = \"aas\" ]; then\n        if [ \"${RESTART_INSTANCE_AFTER_INSTALLATION}\" = \"yes\" ]; then\n            _debug \"Restart SAP Application '${scrSID_SAP}'.\"\n            _sapcontrol \"${scrHostnameFQDN_SAP}\" \"${scrInstanceNumber_SAP}\" \"RestartSystem\"\n            sleep 120\n            _debug \"Check if SAP Application '${scrSID_SAP}' is up and running.\"\n            i=0\n            until [ \"$((i+=1))\" -gt 20 ]; do\n                _sapcontrol \"${scrHostnameFQDN_SAP}\" \"${scrInstanceNumber_SAP}\" \"GetProcessList\"\n                [ \"${SAP_STATUS}\" = \"GREEN\" ] && break || sleep 30\n            done\n            [ \"${SAP_STATUS}\" = \"GREEN\" ] && _debug \"SAP Application '${scrSID_SAP}' successfully restarted.\" || _exit_on_error \"INSTANCE_RESTART - SAP Application '${scrSID_SAP}' did not restart successfully.\" \"${LINENO}\"\n        fi\n    fi\n}\n\n_locate_hdblcm()\n{\n    # locate hdblcm for SAP HANA DB\n    _debug \"HDBLCM -> find -L ${SAP_MEDIA_DIR} -type f -name hdblcm | grep -i HDB_LCM_LINUX\"\n    HDBLCM=$( find -L \"${SAP_MEDIA_DIR}\" -type f -name hdblcm | grep -i \"HDB_LCM_LINUX\" )\n    [ -z \"${HDBLCM}\" ] && _exit_on_error \"NO_HDBLCM_FOUND - There is no hdblcm present in '${SAP_MEDIA_DIR}'.\" \"${LINENO}\"\n    [ \"$( echo \"${HDBLCM}\" | wc -l )\" -gt 1 ] && _exit_on_error \"TOO_MANY_HDBLCM_FOUND - There is more than one hdblcm present in '${SAP_MEDIA_DIR}'.\" \"${LINENO}\"\n\n    _debug \"HDBLCM -> ${HDBLCM}\"\n    _prepare_hdb_conf\n}\n\n_locate_sapinst()\n{\n    _debug \"Determine Software Provisioning Manager (SWPM).\"\n\n    # Locate sapinst\n    path_to_sapinst=$( find -L \"${SAP_MEDIA_DIR}\" -type f -name sapinst )\n    [ -z \"${path_to_sapinst}\" ] && _exit_on_error \"NO_SAPINST_FOUND - There is no sapinst present in '${SAP_MEDIA_DIR}'.\" \"${LINENO}\"\n\n    # Sanity check: do we have more than one sapinst\n    count_sapinst=$( echo \"${path_to_sapinst}\" | wc -l )\n    if [ \"${count_sapinst}\" -gt 1 ]; then\n        _debug \"Found more than one sapinst and taking the first matching one:\"\n        _debug \"${path_to_sapinst}\"\n        for swpm_sapinst in ${path_to_sapinst}; do\n            swpm_path=$( dirname \"${swpm_sapinst}\" )\n            if [ -f \"${swpm_path}/manifest.mf\" ]; then\n                # Check that the OS string and SWPM is part of the manifest.mf file\n                grep -i \"${OS}\" \"${swpm_path}/manifest.mf\" | grep -iq 'swpm' && break || swpm_sapinst=''\n            fi\n        done\n        _debug \"Using first valid sapinst: '${swpm_sapinst}'\"\n    else\n        swpm_sapinst=\"${path_to_sapinst}\"\n        swpm_path=$( dirname \"${swpm_sapinst}\" )\n        if [ -f \"${swpm_path}/manifest.mf\" ]; then\n            # Check that the OS string and SWPM is part of the manifest.mf file\n            grep -i \"${OS}\" \"${swpm_path}/manifest.mf\" | grep -iq 'swpm' || swpm_sapinst=''\n        else\n            swpm_sapinst=''\n        fi\n    fi\n\n    [ -z ${swpm_sapinst} ] && _exit_on_error \"NO_SAPINST_FOUND - There is no valid sapinst present in '${SAP_MEDIA_DIR}'.\" \"${LINENO}\"\n    SWPM_DIR=$( dirname \"${swpm_sapinst}\" )\n    _debug \"SWPM_DIR = '${SWPM_DIR}'\"\n    _debug \"sapinst = '${swpm_sapinst}'\"\n    # Create start_dir.cd\n    find -L \"${SAP_MEDIA_DIR}\" -mindepth 1 -maxdepth 1 -type d > \"${SAPINST_DIR}/start_dir.cd\"\n}\n\n_mount_software_depot()\n{\n    _debug \"Mount SAP Software Depot.\"\n    [ -d \"${scrDepotLocalMountpoint}\" ] || mkdir -p \"${scrDepotLocalMountpoint}\"\n\n    case \"${scrDepotMountType}\" in\n        cifs )\n            _debug \"SAP Software Depot mounted? 'mount | grep -iq \\\"//${scrDepotHost}/${scrDepotShareName} on ${scrDepotLocalMountpoint}\\\"'\"\n            if ( ! mount | grep -iq \"//${scrDepotHost}/${scrDepotShareName} on ${scrDepotLocalMountpoint}\" ); then\n                _debug \"Mounting Software Depot 'mount -t ${scrDepotMountType} -o username=${scrDepotCifsUsername},password=********,ro //${scrDepotHost}/${scrDepotShareName} ${scrDepotLocalMountpoint}'\"\n                mount -t \"${scrDepotMountType}\" -o username=\"${scrDepotCifsUsername}\",password=\"${scrDepotCifsPassword}\",ro //\"${scrDepotHost}\"/\"${scrDepotShareName}\" \"${scrDepotLocalMountpoint}\" >> \"${DEVELOPMENT_LOG}\" 2>&1 || _exit_on_error \"CIFS_MOUNT_FAILED - Cannot mount Software Depot through CIFS. Depot: '${scrDepotShareName}' Host: '${scrDepotHost}' Protocol: '${scrDepotMountType}'\" \"${LINENO}\"\n                _debug \"SAP Software Depot successfully mounted.\"\n            fi\n            ;;\n        nfs )\n            # is nfs share already mounted?\n            _debug \"SAP Software Depot mounted? 'mount | grep -iq \\\"//${scrDepotHost}/${scrDepotShareName} on ${scrDepotLocalMountpoint}\\\"'\"\n            if ( ! mount | grep -iq \"${scrDepotHost}:/${scrDepotShareName} on ${scrDepotLocalMountpoint}\" ); then\n                _debug \"Mounting Software Depot 'mount -t ${scrDepotMountType} -o rsize=32768,wsize=32768 ${scrDepotHost}:/${scrDepotShareName} ${scrDepotLocalMountpoint}'\"\n                mount -t \"${scrDepotMountType}\" -o rsize=32768,wsize=32768 \"${scrDepotHost}\":/\"${scrDepotShareName}\" \"${scrDepotLocalMountpoint}\" >> \"${DEVELOPMENT_LOG}\" 2>&1 || _exit_on_error \"NFS_MOUNT_FAILED - Cannot mount Software Depot through NFS. Depot: '${scrDepotShareName}' Host: '${scrDepotHost}' Protocol: '${scrDepotMountType}'\" \"${LINENO}\"\n                _debug \"SAP Software Depot successfully mounted.\"\n            fi\n            ;;\n        * )\n            _exit_on_error \"NO_DEPOT_HOST - Cannot determine how to mount central Software Depot share. Unknown/unsupported protocol ${scrDepotMountType}.\" \"${LINENO}\"\n            ;;\n    esac\n}\n\n_move_old_installation_files()\n{\n    echo $$ | grep -Eq '^[0-9]+$' && PID=$$ || PID=$$$\n\n    # move old log directories and files\n    [ -f \"${DEVELOPMENT_LOG}\" ] && mv \"${DEVELOPMENT_LOG}\" \"${DEVELOPMENT_LOG}.${PID}\"\n    [ -f \"${ERROR_LOG}\" ] && mv \"${ERROR_LOG}\" \"${ERROR_LOG}.${PID}\"\n\n    if [ ${restart_script} = false ] ; then\n       # move old configuration and paramater files\n        [ -d \"${SAPINST_DIR}\" ] && mv \"${SAPINST_DIR}\" \"${SAPINST_DIR}.${PID}\"\n        [ -f \"${HDB_CONF}\" ] && mv \"${HDB_CONF}\" \"${HDB_CONF}.${PID}\"\n        [ -f \"${SCRIPT_DIR}/inifile_${scrSID_SAP}.params\" ] && mv \"${SCRIPT_DIR}/inifile_${scrSID_SAP}.params\" \"${SCRIPT_DIR}/inifile_${scrSID_SAP}.params.${PID}\"\n        [ -f \"${SCRIPT_DIR}/inifile_${scrSID_SAP}.sapinst\" ] && mv \"${SCRIPT_DIR}/inifile_${scrSID_SAP}.sapinst\" \"${SCRIPT_DIR}/inifile_${scrSID_SAP}.sapinst.${PID}\"\n    fi\n}\n\n_os_settings()\n{\n    # RHEL only\n    if [ \"${OS_NAME}\" = \"rhel\" ]; then\n        # switch SELinux to permissive mode: SAP Note 2002167\n        setenforce 0\n        # make the changes also in the config file\n        sed -i 's/^SELINUX=.*/SELINUX=permissive/g' /etc/selinux/config\n    fi\n\n    # stop and disable the firewall\n    [ \"${OS_NAME}\" = \"rhel\" ] && firewall=\"firewalld\"\n    [ \"${OS_NAME}\" = \"sles\" ] && firewall=\"SuSEfirewall2\"\n    _debug \"Stop and disable firewall service.\"\n    systemctl -q stop \"${firewall}\".service\n    systemctl -q disable \"${firewall}\".service\n\n    # enable and start tuned service\n    systemctl -q enable tuned.service\n    systemctl -q start tuned.service\n\n    # tuned and saptune on SLES\n    if [ \"${OS_NAME}\" = \"sles\" ]; then\n        tuned-adm profile saptune\n        saptune daemon start >/dev/null\n    fi\n}\n\n_os_settings_hana_db()\n{\n    if [ \"${OS_NAME}\" = \"rhel\" ]; then\n        if [ ! -f \"${HPE_OS_TUNING}\" ]; then\n            mkdir -p \"${HPE_OS_TUNING%/*}\"\n            cat <<EOF > \"${HPE_OS_TUNING}\"\n#\n# tuned configuration\n#\n[main]\nsummary=HPE optimization for SAP HANA\ninclude=sap-hana\n\n[sysctl]\n# from Emulex\nnet.core.rmem_default = 64000000\nnet.core.rmem_max = 64000000\nnet.core.wmem_default = 64000000\nnet.core.wmem_max = 64000000\n\n# HANA network\nnet.ipv4.tcp_mem = 10000000 10000000 10000000\nnet.ipv4.tcp_wmem = 10000000 10000000 10000000\nnet.ipv4.tcp_rmem = 10000000 10000000 10000000\n\n# SAP Note: 2382421\n# \"Optimizing the Network Configuration on HANA and OS-Level\"\n# Version 28 from 26.03.2019 / 2019-03-26 (checked: 2019-04-02)\n# https://launchpad.support.sap.com/#/notes/2382421\nnet.core.somaxconn = 4096\nnet.ipv4.tcp_max_syn_backlog = 8192\nnet.ipv4.ip_local_port_range = 1024 64999\nnet.ipv4.tcp_tw_reuse = 1\nnet.ipv4.tcp_tw_recycle = 1\nnet.ipv4.tcp_timestamps = 1\nnet.ipv4.tcp_syn_retries = 8\nnet.ipv4.tcp_slow_start_after_idle = 0\nnet.ipv4.tcp_window_scaling = 1\n\nEOF\n        fi\n        # load tuned profile\n        tuned-adm profile \"$( echo ${HPE_OS_TUNING} | cut -d/ -f4 )\"\n\n    elif [ \"${OS_NAME}\" = \"sles\" ]; then\n        if [ ! -f \"${HPE_OS_TUNING}\" ]; then\n            [ ! -d \"${HPE_OS_TUNING%/*}\" ] && mkdir -p \"${HPE_OS_TUNING%/*}\"\n            cat <<EOF > \"${HPE_OS_TUNING}\"\n#\n# HPE optimization for SAP HANA\n#\n\n[sysctl]\n# Disable response to broadcasts.\n# You do not want yourself becoming a Smurf amplifier.\nnet.ipv4.icmp_echo_ignore_broadcasts = 1\n\n# enable route verification on all interfaces\nnet.ipv4.conf.all.rp_filter = 1\n\n# increase the number of possible inotify(7) watches\nfs.inotify.max_user_watches = 65536\n\n# avoid deleting secondary IPs on deleting the primary IP\nnet.ipv4.conf.default.promote_secondaries = 1\nnet.ipv4.conf.all.promote_secondaries = 1\n\n# from Emulex\nnet.core.rmem_default = 64000000\nnet.core.rmem_max = 64000000\nnet.core.wmem_default = 64000000\nnet.core.wmem_max = 64000000\nnet.ipv4.tcp_sack = 1\n\n# HANA network\nnet.ipv4.tcp_max_orphans = 562144\nnet.ipv4.tcp_max_tw_buckets = 1440000\nnet.ipv4.tcp_mem = 10000000 10000000 13000000\nnet.ipv4.tcp_wmem = 10000000 10000000 10000000\nnet.ipv4.tcp_rmem = 10000000 10000000 10000000\nnet.core.netdev_max_backlog = 600000\nnet.core.optmem_max = 640000000\nnet.ipv4.tcp_app_win = 31\nnet.ipv4.tcp_adv_win_scale = 2\nnet.ipv4.tcp_no_metrics_save = 1\nnet.ipv4.tcp_moderate_rcvbuf = 1\nnet.ipv4.udp_wmem_min = 16384\n\n# SAP Note: 2382421\n# \"Optimizing the Network Configuration on HANA and OS-Level\"\n# Version 28 from 26.03.2019 / 2019-03-26 (checked: 2019-04-02)\n# https://launchpad.support.sap.com/#/notes/2382421\nnet.core.somaxconn = 4096\nnet.ipv4.tcp_max_syn_backlog = 8192\nnet.ipv4.ip_local_port_range = 1024 64999\nnet.ipv4.tcp_tw_reuse = 1\nnet.ipv4.tcp_timestamps = 1\nnet.ipv4.tcp_slow_start_after_idle = 0\nnet.ipv4.tcp_syn_retries = 8\nnet.ipv4.tcp_window_scaling = 1\n\nEOF\n        fi\n        saptune solution apply HANA >/dev/null\n        saptune solution apply S4HANA-DBSERVER >/dev/null\n        saptune note apply \"$( echo ${HPE_OS_TUNING##*/} | cut -d- -f1 )\" >/dev/null\n\n        cat <<EOF > /etc/modprobe.d/96-use_blk_mq.conf\n# Add \"scsi_mod.use_blk_mq=1 dm_mod.use_blk_mq=1\"\noptions scsi_mod use_blk_mq=1\noptions dm_mod use_blk_mq=1\nEOF\n\n    fi\n\n    # configure disks max_sectors_kb\n    for dev in /sys/block/*; do\n        max_hw_sectors_kb_adjusted=$( A=$( cat \"${dev}\"/queue/max_hw_sectors_kb ); B=1; while [ \"${A}\" -ne 1 ]; do A=$((A>>1)); B=$((B<<1)); done; echo ${B} )\n        max_sectors_kb=$(cat \"${dev}\"/queue/max_sectors_kb)\n       [ \"${max_hw_sectors_kb_adjusted}\" -gt \"${max_sectors_kb}\" ] && echo \"${max_hw_sectors_kb_adjusted}\" > \"${dev}\"/queue/max_sectors_kb\n    done\n\n    # set number of requests for disks (sdX)\n    for dev in /sys/block/sd*; do\n        [ \"$( cat \"${dev}\"/removable )\" -eq 0 ] && echo \"128\" > \"${dev}\"/queue/nr_requests\n    done\n}\n\n_os_settings_sap_application()\n{\n    # sapconf, tuned and saptune\n    if [ \"${OS_NAME}\" = \"rhel\" ]; then\n        sapconf > \"${SCRIPT_DIR}/sapconf-$( date +\"%Y%M%d%H%M\" ).log\" 2>&1\n        _debug \"sapconf configuration executed. Please check logfile: ${SCRIPT_DIR}/sapconf-$( date +\"%Y%M%d%H%M\" ).log\"\n        if [ -f \"${HPE_OS_TUNING}\" ]; then\n            sed -i 's/^summary=.*/summary=HPE optimization for SAP HANA, HANA based products and SAP NetWeaver/g' \"${HPE_OS_TUNING}\"\n            grep -iq ^script \"${HPE_OS_TUNING}\" || sed -i '$ a [script\\]\\nscript=/usr/lib/tuned/sap-netweaver/script.sh' \"${HPE_OS_TUNING}\"\n            # load tuned profile\n            tuned-adm profile \"$( echo ${HPE_OS_TUNING} | cut -d/ -f4 )\"\n        else\n            tuned-adm profile sap-netweaver\n        fi\n    elif [ \"${OS_NAME}\" = \"sles\" ]; then\n        saptune solution apply S4HANA-APPSERVER >/dev/null\n    fi\n\n    # Beginning of SAP Kernel 7.40 a multicast route is required for ABAP systems if no default route available: SAP Note 1931675\n    # check if default route available\n    if [ -z \"$( ip route | awk '/default/ { print $3 }' )\" ]; then\n        ip_address=$( getent hosts \"${scrHostnameFQDN_SAP}\" | awk '{print $1}' )\n        iface=$( ip addr | grep \"${ip_address}\" | awk '{print $NF}' )\n        _debug \"Adding multicast route: 'ip route add 224.0.0.0/24 dev ${iface}'\"\n        ip route add 224.0.0.0/24 dev \"${iface}\"\n    fi\n}\n\n_prepare_hdb_conf()\n{\n    if [ -f \"${HDB_CONF_TEMPLATE}\" ]; then\n        _debug \"SAP HANA database config template '${HDB_CONF_TEMPLATE}' exists. Copy to '${HDB_CONF}'.\"\n        cp \"${HDB_CONF_TEMPLATE}\" \"${HDB_CONF}\"\n    else\n        _debug \"SAP HANA database config file '${HDB_CONF}' will be created.\"\n        _debug \"${HDBLCM} --action=${HDBLCM_ACTION} --dump_configfile_template=${HDB_CONF}\"\n        \"${HDBLCM}\" --action=\"${HDBLCM_ACTION}\" --dump_configfile_template=\"${HDB_CONF}\" >> \"${HDB_LOG}\"\n        # remove unused password template file\n        rm \"${HDB_CONF}.xml\"\n    fi\n\n    _debug \"Check values in file '${HDB_CONF}'.\"\n\n    # HDB action type (install or update)\n    _process_hdb_conf 'action' \"${HDBLCM_ACTION}\"\n    # HDB components to be installed\n    _process_hdb_conf 'components' 'client,server'\n    # HDB SID\n    _process_hdb_conf 'sid' \"${scrSID_HDB}\"\n    # HDB Hostname\n    _process_hdb_conf 'hostname' \"${scrHostnameFQDN_HDB%%.*}\"\n    # Use single master password for all users, created during installation ( Default: n )\n    _process_hdb_conf 'use_master_password' 'y'\n    # Master Password for SAP HANA DB\n    _process_hdb_conf 'master_password' \"${scrMasterPW_HDB}\" 'custom'\n\n    if [ \"${scrUpdateSAPHANA}\" = true ]; then\n        # Master Password for SAP HANA DB\n        _process_hdb_conf 'password' \"${scrMasterPW_HDB}\" 'custom'\n        # Master Password for SYSTEM USER\n        _process_hdb_conf 'system_user_password' \"${scrMasterPW_HDB}\" 'custom'\n    else\n        # HDB Instance Number\n        _process_hdb_conf 'number' \"${scrInstanceNumber_HDB}\"\n        # Start database after machine reboot\n        [ \"${scrAutostartAfterReboot}\" = \"yes\" ] && _process_hdb_conf 'autostart' 'y'\n    fi\n\n    # make the file only available for the user\n    chmod 0600 \"${HDB_CONF}\"\n}\n\n_prepare_inifile_params()\n{\n    _debug \"Creating inifile.params for sapinst unattended mode\"\n\n    if [ -f \"${INIFILE_PARAMS_TEMPLATE}\" ]; then\n        _debug \"SAP inifile template '${INIFILE_PARAMS_TEMPLATE}' exists. Copy to '${INIFILE_PARAMS}'\"\n        cp \"${INIFILE_PARAMS_TEMPLATE}\" \"${INIFILE_PARAMS}\"\n    elif [ ! -f \"${INIFILE_PARAMS}\" ]; then\n        touch \"${INIFILE_PARAMS}\"\n    fi\n\n    _debug \"Check values in file '${INIFILE_PARAMS}'.\"\n\n    # SAP mountpoint\n    _process_inifile_params 'NW_GetSidNoProfiles.sapmnt' \"${SAPMNT_DIR}\"\n    # SAP SID\n    _process_inifile_params 'NW_GetSidNoProfiles.sid' \"${scrSID_SAP}\"\n    # SAP master password\n    _process_inifile_params 'NW_GetMasterPassword.masterPwd' \"${scrMasterPW_SAP}\"\n    # SAP FQDN\n    _process_inifile_params 'NW_getFQDN.FQDN' \"${scrHostnameFQDN_SAP#*.}\"\n    # SAP use FQDN\n    _process_inifile_params 'NW_getFQDN.setFQDN' 'true' 'custom'\n    # Download Basket\n    _process_inifile_params 'archives.downloadBasket' \"${SAP_ARCHIVE_DIR}\" 'custom'\n\n    case \"${scrHostFunction}\" in\n        # Standard system on a single host\n        standard )\n            # PAS instance number (CI)\n            _process_inifile_params 'NW_CI_Instance.ciInstanceNumber' \"${scrInstanceNumber_SAP}\" 'custom'\n            # ASCS hostname\n            _process_inifile_params 'NW_CI_Instance.ascsVirtualHostname' \"${scrHostnameFQDN_SAP%%.*}\"\n            # SCS hostname\n            _process_inifile_params 'NW_CI_Instance.scsVirtualHostname' \"${scrHostnameFQDN_SAP%%.*}\"\n            # PAS hostname (CI)\n            _process_inifile_params 'NW_CI_Instance.ciVirtualHostname' \"${scrHostnameFQDN_SAP%%.*}\"\n            # SLD\n            _process_inifile_params 'NW_SLD_Configuration.configureSld' 'false' 'custom'\n            # Secure Storage Key\n            _process_inifile_params 'NW_ABAP_SSFS_CustomKey.ssfsKeyInputFile' \"${SECURE_STORAGE_FILE}\"\n\n            _prepare_inifile_params_db\n            ;;\n        # Database instance (DB instance)\n        db )\n            _exit_on_error \"_prepare_inifile_params: case db: YOU SHOULD NOT BE HERE!\" \"${LINENO}\"\n            ;;\n\n        # Additional application server instance (AAS instance)\n        aas )\n            # SAP profile directory\n            _process_inifile_params 'NW_readProfileDir.profileDir' \"${SAPMNT_DIR}/${scrSID_SAP}/profile\"\n            # SAP profiles available\n            _process_inifile_params 'NW_readProfileDir.profilesAvailable' 'true'\n            # AAS instance number\n            _process_inifile_params 'NW_AS.instanceNumber' \"${scrInstanceNumber_SAP}\" 'custom'\n            # AAS hostname (DI)\n            _process_inifile_params 'NW_DI_Instance.virtualHostname' \"${scrHostnameFQDN_SAP%%.*}\"\n            # HDB Instance Number\n            _process_inifile_params 'storageBasedCopy.hdb.instanceNumber' \"${scrInstanceNumber_HDB}\"\n            # HDB Master Password\n            _process_inifile_params 'storageBasedCopy.hdb.systemPassword' \"${scrMasterPW_HDB}\" 'custom'\n            _process_inifile_params 'NW_HDB_getDBInfo.systemDbPassword' \"${scrMasterPW_HDB}\"  'custom'\n            # HDB client location (can be LOCAL or SAPCPE)\n            _process_inifile_params 'NW_HDB_DBClient.clientPathStrategy' 'LOCAL' 'custom'\n            ;;\n        * )\n            _exit_on_error \"NO_HOST_FUNCTION - '${scrHostFunction}' is no valid HostFunction.\" \"${LINENO}\"\n            ;;\n    esac\n\n    # create a copy of the inifile.params in the script directory\n    cp -p \"${INIFILE_PARAMS}\" \"${SCRIPT_DIR}/inifile_${scrSID_SAP}.params\"\n    chmod 0600 \"${SCRIPT_DIR}/inifile_${scrSID_SAP}.params\"\n}\n\n_prepare_inifile_params_db()\n{\n    # HDB server installation components\n    _process_inifile_params 'HDB_Server_Install.installationComponents' 'server' 'custom'\n    # HDB hostname\n    _process_inifile_params 'NW_HDB_getDBInfo.dbhost' \"${scrHostnameFQDN_HDB%%.*}\"\n    # HDB SID\n    _process_inifile_params 'NW_HDB_getDBInfo.dbsid' \"${scrSID_HDB}\"\n    # HDB Instance Number\n    _process_inifile_params 'NW_HDB_getDBInfo.instanceNumber' \"${scrInstanceNumber_HDB}\"\n    # HDB Master Password\n    _process_inifile_params 'NW_HDB_getDBInfo.systemPassword' \"${scrMasterPW_HDB}\" 'custom'\n    _process_inifile_params 'NW_HDB_getDBInfo.systemDbPassword' \"${scrMasterPW_HDB}\" 'custom'\n    # HDB client location (can be LOCAL or SAPCPE)\n    _process_inifile_params 'NW_HDB_DBClient.clientPathStrategy' 'LOCAL' 'custom'\n    # Use Live Cache\n    _process_inifile_params 'NW_liveCache.useLiveCache' 'false' 'custom'\n    # OS user <hdb-sid>adm\n    _process_inifile_params 'NW_Recovery_Install_HDB.sidAdmName' \"${scrSID_HDB,,}adm\"\n    _process_inifile_params 'NW_Recovery_Install_HDB.sidAdmPassword' \"${scrMasterPW_HDB}\" 'custom'\n}\n\n_process_hdb_conf()\n{\n    parameter=\"${1}\"\n    value=\"${2}\"\n    custom=\"${3}\"\n\n    inifile_value=$( grep \"^${parameter}\\s*=\" \"${HDB_CONF}\" )\n    if [ $? -eq 0 ]; then\n        inifile_value=$( echo \"${inifile_value##*=}\" | tr -d ' ' )\n        # Check if paramater=components\n        if [ \"${parameter}\" = \"components\" ]; then\n            if [ -z \"${inifile_value}\" ]; then\n                sed -i \"s|^\\(${parameter}\\)\\s*=.*|\\1=${value}|g\" \"${HDB_CONF}\"\n               _debug \"Set parameter '${parameter}=${value}' in ${HDB_CONF}.\"\n            elif [ \"${inifile_value}\" != \"all\" ]; then\n                for component_value in ${value//,/ }; do\n                    echo \"${inifile_value}\" | grep -q \"${component_value}\"\n                    [ $? -ne 0 ] && inifile_value=\"${inifile_value},${component_value}\"\n                done\n                sed -i \"s|^\\(${parameter}\\)\\s*=.*|\\1=${inifile_value}|g\" \"${HDB_CONF}\"\n               _debug \"Set parameter '${parameter}=${inifile_value}' in ${HDB_CONF}.\"\n            fi\n        else\n            if [ -z \"${inifile_value}\" ] || [ -z \"${custom}\" ]; then\n                sed -i \"s|^\\(${parameter}\\)\\s*=.*|\\1=${value}|g\" \"${HDB_CONF}\"\n                # hide the password for logging\n                echo \"${parameter}\" | grep -iq password && value=\"********\"\n                _debug \"Replace parameter '${parameter}=${value}' in ${HDB_CONF}.\"\n            else\n                sed -i \"s|^\\(${parameter}\\)\\s*=.*|\\1=${inifile_value}|g\" \"${HDB_CONF}\"\n                # hide the password for logging\n                echo \"${parameter}\" | grep -iq password && inifile_value=\"********\"\n                _debug \"Custom entry for parameter '${parameter}=${inifile_value}' will be used in ${HDB_CONF}.\"\n            fi\n        fi\n    else\n        printf '\\n%s\\n' \"${parameter}=${value}\" >> \"${HDB_CONF}\"\n        # hide the password for logging\n        echo \"${parameter}\" | grep -iq password && value=\"********\"\n        _debug \"Parameter not found - set '${parameter}=${value}' in ${HDB_CONF}.\"\n    fi\n}\n\n_process_inifile_params()\n{\n    parameter=\"${1}\"\n    value=\"${2}\"\n    custom=\"${3}\"\n\n    inifile_value=$( grep \"^${parameter}\\s*=\" \"${INIFILE_PARAMS}\" )\n    if [ \"$?\" -eq 0 ]; then\n        inifile_value=$( echo \"${inifile_value}\" | cut -d= -f2 | tr -d ' ' )\n        if [ -z \"${inifile_value}\" ] || [ -z \"${custom}\" ]; then\n            sed -i \"s|^\\(${parameter}\\)\\s*=.*|\\1 = ${value}|g\" \"${INIFILE_PARAMS}\"\n            # hide the password for logging\n            echo \"${parameter}\" | grep -iq password && value=\"********\"\n            _debug \"Replace parameter '${parameter} = ${value}' in ${INIFILE_PARAMS}.\"\n        else\n            sed -i \"s|^\\(${parameter}\\)\\s*=.*|\\1 = ${inifile_value}|g\" \"${INIFILE_PARAMS}\"\n            # hide the password for logging\n            echo \"${parameter}\" | grep -iq password && value=\"********\"\n            _debug \"Custom entry from template '${parameter} = ${inifile_value}' will be used in ${INIFILE_PARAMS}.\"\n        fi\n    else\n        printf '\\n%s\\n' \"${parameter} = ${value}\" >> \"${INIFILE_PARAMS}\"\n        # hide the password for logging\n        echo \"${parameter}\" | grep -iq password && value=\"********\"\n        _debug \"Parameter not found - set parameter '${parameter} = ${value}' in ${INIFILE_PARAMS}\"\n    fi\n}\n\n_process_sap_profiles()\n{\n    profile=\"${1}\"\n    parameter=\"${2}\"\n    value=\"${3}\"\n    search_string=\"${4}\"\n\n    [ -z \"${parameter}\" ] && _exit_on_error \"PROCESS_SAP_PROFILES - Second function argument 'parameter' is missing.\" \"${LINENO}\"\n    [ -z \"${value}\" ] && _exit_on_error \"PROCESS_SAP_PROFILES - Third function argument 'value' is missing.\" \"${LINENO}\"\n\n    case \"${profile}\" in\n        default )\n            if [ \"${scrHostFunction}\" = \"standard\" ] || [ \"${scrHostFunction}\" = \"pas\" ]; then\n                default_profile=\"/usr/sap/${scrSID_SAP}/SYS/profile/DEFAULT.PFL\"\n                if [ -f \"${default_profile}\" ]; then\n                    [ -f \"${default_profile}.HPE_AI_BCK\" ] || cp -p \"${default_profile}\" \"${default_profile}.HPE_AI_BCK\"\n                    if ( grep -iq \"^${parameter}\" \"${default_profile}\" ); then\n                        sed -i \"s|^${parameter}.*|${parameter} = ${value}|g\" \"${default_profile}\"\n                    else\n                        echo \"# Added by HPE Automated Installation\" >> \"${default_profile}\"\n                        echo \"${parameter} = ${value}\" >> \"${default_profile}\"\n                    fi\n                fi\n            fi\n            ;;\n        instance )\n            if [ \"${scrHostFunction}\" = \"db\" ]; then\n                search_pattern=\"${scrSID_HDB}_.*${scrInstanceNumber_HDB}_\"\n            elif [ \"${scrHostFunction}\" = \"standard\" ]; then\n                search_pattern=\"${scrSID_SAP}_.*\"\n            elif [ \"${scrHostFunction}\" = \"aas\" ]; then\n                search_pattern=\"${scrSID_SAP}_.*$( awk -v pattern=\"NW_AS.instanceNumber\" '$0 ~ pattern {print $NF}' \"${SCRIPT_DIR}/inifile_${scrSID_SAP}.sapinst\" )_\"\n            fi\n\n            if [ -f /usr/sap/sapservices ]; then\n                instance_profiles=$( awk -v pattern=\"${search_pattern}\" -F'pf=' '$0 ~ pattern {print $NF}' /usr/sap/sapservices | awk -F' ' '{print $1}' )\n                for instance_profile in ${instance_profiles}; do\n                    if [ -z \"${search_string}\" ] || ( grep -iq \"${search_string}\" \"${instance_profile}\" ); then\n                        [ -f \"${instance_profile}.HPE_AI_BCK\" ] || cp -p \"${instance_profile}\" \"${instance_profile}.HPE_AI_BCK\"\n                        if ( grep -iq \"^${parameter}\" \"${instance_profile}\" ); then\n                            sed -i \"s|^${parameter}.*|${parameter} = ${value}|g\" \"${instance_profile}\"\n                        else\n                            echo \"# Added by HPE Automated Installation\" >> \"${instance_profile}\"\n                            echo \"${parameter} = ${value}\" >> \"${instance_profile}\"\n                        fi\n                    fi\n                done\n            fi\n            ;;\n        * )\n            _exit_on_error \"PROCESS_SAP_PROFILES - First function argument 'profile' is missing.\" \"${LINENO}\"\n            ;;\n    esac\n}\n\n_restore_environment()\n{\n    _debug \"Restoring OS settings for SAP system\" \"=\"\n    for fname in ${BACKUP_SYSTEM_FILES}; do\n        if [ -f \"${BACKUP_DIR}/${fname##*/}.diff\" ]; then\n            _debug \"Restore entries from '${BACKUP_DIR}/${fname##*/}.diff' to '${fname}'\"\n            if ( echo \"${fname##*/}\" | grep -Eq '^(group|gshadow|passwd|shadow)$' ); then\n                while read -r line; do\n                    if ( grep -iq \"^${line%%:*}\" \"${fname}\" ); then\n                        _debug \"  Entry '${line%%:*}' already exists.\"\n                    else\n                        _debug \"  Insert entry: '${line%%:*}'\"\n                        echo \"${line}\" >> \"${fname}\"\n                    fi\n                done < \"${BACKUP_DIR}/${fname##*/}.diff\"\n            else\n                cat \"${BACKUP_DIR}/${fname##*/}.diff\" >> \"${fname}\"\n            fi\n        fi\n    done\n\n    _debug \"Restore files from backup: ${BACKUP_DIR}/backup.tgz\"\n    tar -zxf \"${BACKUP_DIR}/backup.tgz\" --directory=/\n\n    _debug \"Mount filesystem\"\n    mount -a >/dev/null 2>&1 || _exit_on_error \"MOUNT_ERROR - Mounting the filesystem went wrong!\" \"${LINENO}\"\n\n    # set os settings\n    _os_settings\n    \n    case \"${scrHostFunction}\" in\n        db )\n            _debug \"Restore HANA DB\"\n            _os_settings_hana_db\n            _restore_hana_db\n            _debug \"SAP HANA database restore finished successfully.\" \"=\"\n            ;;\n        standard )\n            if [ \"${scrHostnameFQDN_SAP}\" = \"${scrHostnameFQDN_HDB}\" ]; then\n                _os_settings_hana_db\n                _debug \"Restore SAP HANA database\"\n                _restore_hana_db\n                _debug \"SAP HANA database restore finished successfully.\" \"=\"\n            fi\n            _debug \"Restore SAP Application on SAP HANA\"\n            _os_settings_sap_application\n            _restore_sap_application\n            _debug \"SAP Application restore finished successfully.\" \"=\"\n            ;;\n        aas )\n            _debug \"Restore SAP Application on SAP HANA\"\n            _os_settings_sap_application\n            _restore_sap_application\n            _debug \"SAP Application restore finished successfully.\" \"=\"\n            ;;\n        * )\n            _exit_on_error \"RESTORE_OS_SCENARIO - Restore scenario could not be detected. Option scrHostFunction='${scrHostFunction}' is not valid.\" \"${LINENO}\"\n            ;;\n    esac\n    _create_backup_service\n}\n\n_restore_hana_db()\n{\n    # disable autostart for the first sapinit start after restore\n     sed -i 's/^Autostart.*/Autostart = 0/g' /usr/sap/\"${scrSID_HDB}\"/SYS/profile/\"${scrSID_HDB}\"_*_\"${scrHostnameFQDN_HDB%%.*}\"\n    [ \"${scrHostFunction}\" = \"standard\" ] && _process_sap_profiles 'instance' 'Autostart' '0'\n\n    _debug \"Enable and start sapinit service.\"\n    systemctl -q daemon-reload\n    systemctl -q enable sapinit >/dev/null 2>&1\n    systemctl -q start sapinit\n\n    # set autostart based on scrAutostartAfterReboot\n    [ \"${scrAutostartAfterReboot}\" = \"yes\" ] && sed -i 's/^Autostart.*/Autostart = 1/g' /usr/sap/\"${scrSID_HDB}\"/SYS/profile/\"${scrSID_HDB}\"_*_\"${scrHostnameFQDN_HDB%%.*}\"\n    sleep 10\n\n    _debug \"Start SAP HANA database after restore.\"\n    su - \"${scrSID_HDB,,}adm\" -c \"HDB start\" > \"${SCRIPT_DIR}/sap_hdb_start_after_restore.log\" 2>&1\n\n    _debug \"Check if SAP HANA '${scrSID_HDB}' is running.\"\n    _check_db_status\n    if [ \"${DB_ONLINE}\" = \"true\" ]; then\n        _debug \"SAP HANA database '${scrSID_HDB}' is up and running.\"\n        rm \"${SCRIPT_DIR}/sap_hdb_start_after_restore.log\"\n    else\n        _exit_on_error \"HANA_NOT_RUNNING - SAP HANA database '${scrSID_HDB}' is not running.\" \"${LINENO}\"\n    fi\n\n    if [ \"${scrUpdateSAPHANA}\" = \"true\" ]; then\n       _mount_software_depot\n       _hana_db_install_or_update\n       _unmount_software_depot\n       _backup_script_dir\n    fi\n}\n\n_restore_sap_application()\n{\n    if [ -f \"${BACKUP_DIR}/home_${scrSID_SAP,,}adm.tgz\" ]; then\n        _debug \"Extract home directory of ${scrSID_SAP,,}adm user\"\n        tar -zxf \"${BACKUP_DIR}/home_${scrSID_SAP,,}adm.tgz\" --directory=/\n    fi\n\n    # disable autostart for the first sapinit start after restore\n    _process_sap_profiles 'instance' 'Autostart' '0'\n\n    _debug \"Enable and start sapinit service.\"\n    systemctl -q daemon-reload\n    systemctl -q enable sapinit >/dev/null 2>&1\n    systemctl -q start sapinit\n\n    # set autostart based on scrAutostartAfterReboot\n    [ \"${AUTOSTART_AFTER_REBOOT}\" = \"yes\" ] && _process_sap_profiles 'instance' 'Autostart' '1'\n\n    _debug \"Start SAP Application after restore.\"\n    _sapcontrol \"${scrHostnameFQDN_SAP}\" \"${scrInstanceNumber_SAP}\" \"StartSystem\"\n}\n\n_restore_system_files()\n{\n    _debug \"Restore some system files in /etc\"\n    cd /etc || _exit_on_error \"ERROR_DIR_CHANGE - Change working directory to '/etc' not possible!\" \"${LINENO}\"\n    [ -z \"${scrSID_SAP}\" ] && endingSID=\"${scrSID_HDB}\" || endingSID=\"${scrSID_SAP}\"\n    for fname in ${BACKUP_SYSTEM_FILES}; do\n        if [  -f \"${fname}.HPE_AI_B4_${endingSID}\" ]; then\n            mv \"${fname}.HPE_AI_B4_${endingSID}\" \"${fname}\" >> \"${DEVELOPMENT_LOG}\"\n        fi\n    done\n}\n\n_sapcontrol()\n{\n    host=\"${1}\"\n    nr=\"${2}\"\n    function=\"${3}\"\n    prot=\"NI_HTTP\"\n\n    if [ \"${function}\" = \"GetProcessList\" ]; then\n        _debug \"su - ${scrSID_SAP,,}adm -c \\\"sapcontrol -prot ${prot} -host ${host} -format script -nr ${nr} -function ${function}\\\" | awk '/dispstatus/ {print \\$NF}'\"\n        stdout=$( su - \"${scrSID_SAP,,}adm\" -c \"sapcontrol -prot ${prot} -host ${host} -format script -nr ${nr} -function ${function}\" | awk '/dispstatus/ {print $NF}' )\n        for SAP_STATUS in ${stdout}; do\n            [ \"${SAP_STATUS}\" != \"GREEN\" ] && break\n        done\n    else\n        _debug \"su - ${scrSID_SAP,,}adm -c \\\"sapcontrol -prot ${prot} -host ${host} -nr ${nr} -function ${function}\\\"\"\n        stdout=$( su - \"${scrSID_SAP,,}adm\" -c \"sapcontrol -prot ${prot} -host ${host} -nr ${nr} -function ${function}\" )\n        if [ \"$?\" -eq 1 ]; then\n            _debug \"sapcontrol failed. Wait some time and repeat the query.\"\n            sleep 120\n            _debug \"su - ${scrSID_SAP,,}adm -c \\\"sapcontrol -prot ${prot} -host ${host} -nr ${nr} -function ${function}\\\"\"\n            stdout=$( su - \"${scrSID_SAP,,}adm\" -c \"sapcontrol -prot ${prot} -host ${host} -nr ${nr} -function ${function}\" )\n            [ \"$?\" -eq 1 ] && _exit_on_error \"SAPCONTROL_FAILED - ${stdout}\" \"${LINENO}\"\n        fi\n    fi\n}\n\n_source_local_input_file()\n{\n    # check if local_input.ini exists\n    if [ -f \"${LOCAL_INPUT_FILE}\" ]; then\n        # convert from DOS to Unix file format and remove spaces\n        sed -i -e 's/^M$//' -e '/^#/!s/\\s*//g' \"${LOCAL_INPUT_FILE}\"\n        # source the local_input.ini file\n        source \"${LOCAL_INPUT_FILE}\"\n        # make the file only available for the user\n        chmod 0600 \"${LOCAL_INPUT_FILE}\"\n    else\n        _exit_on_error \"NO_LOCAL_INPUT_FILE - '${LOCAL_INPUT_FILE}' file with runtime parameters not found!\" \"${LINENO}\"\n    fi\n}\n\n_start_installation()\n{\n    _mount_software_depot\n    \n    # set os settings\n    _os_settings\n\n    # Check if HDB shall be installed on the same host\n    case \"${scrHostFunction}\" in\n        db )\n            _os_settings_hana_db\n            _debug \"Install HANA DB\" \"=\"\n            _hana_db_install_or_update\n            _debug \"HANA DB installation finished successfully.\" \"=\"\n            ;;\n        standard )\n            if [ \"${scrHostnameFQDN_SAP}\" = \"${scrHostnameFQDN_HDB}\" ]; then\n                if [ ! -d \"/hana/data/'${scrSID_HDB}'\" ] || ( ! grep -q \"${scrSID_HDB,,}adm\" /etc/passwd )  || [ \"${restart_script}\" = true ]; then\n                    _os_settings_hana_db\n                    _debug \"Install HANA DB\" \"=\"\n                    _hana_db_install_or_update\n                fi\n                _check_db_status\n                if [ \"${DB_ONLINE}\" = \"false\" ]; then\n                    _debug \"Start HANA Database\"\n                    su - \"${scrSID_HDB,,}adm\" -c 'HDB start' >> \"${DEVELOPMENT_LOG}\"\n                fi\n                sleep 20\n                _check_db_status\n                [ \"${DB_ONLINE}\" = \"false\" ] && _exit_on_error \"START_HDB - Starting HANA DB with SID '${scrSID_HDB}' failed.\" \"${LINENO}\"\n                _debug \"HANA DB installation finished successfully.\" \"=\"\n            fi\n            _os_settings_sap_application\n            _debug \"Install SAP Application\" \"=\"\n            _install_sap_system\n            _debug \"SAP Application installation finished successfully.\" \"=\"\n            ;;\n        aas )\n            _os_settings_sap_application\n            _debug \"Install additional Application Server\" \"=\"\n            _install_sap_system\n            _debug \"Additional Application Server installation finished successfully.\" \"=\"\n            ;;\n        * )\n            _exit_on_error \"DETECT_INSTALLATION_SCENARIO - Installation scenario could not be detected. Installation option scrHostFunction='${scrHostFunction}' is not valid.\" \"${LINENO}\"\n            ;;\n    esac\n}\n\n_unmount_software_depot()\n{\n    umount -l \"${scrDepotLocalMountpoint}\"\n    rmdir \"${scrDepotLocalMountpoint}\"\n}\n\n_check_options \"$@\"\n_get_operating_system\n_initialize\n_check_disk_partition\n_create_variables\n_backup_system_files\n[ \"${force_install}\" = \"false\" ] && _check_restore\n_start_installation\n_create_backup_service\n_backup_script_dir\n#_unmount_software_depot\n_debug \"Script finished successfully.\" \"#\"\n\nEND\n\n-chmod 0644 @InstallDirectory@/install_SAP.sh\n\n# Add script to firstboot.local to run on startup\n!echo \"# Start SAP installation\" >> ./firstboot.local\n!echo \"sh @InstallDirectory@/install_SAP.sh\" >> ./firstboot.local","customAttributes":null,"hpProvided":true,"dependentArtifacts":null}