{"type":"PlanScript","uri":null,"category":null,"eTag":null,"created":null,"modified":null,"id":"95eac1c2-2740-400c-965e-53dcf050176c","name":"HPE - Linux - SAP - partition disk using LVM - 2019-04-12","description":"Partitions storage using LVM.","status":null,"state":null,"planType":"deploy","content":"# (c) Copyright 2019 Hewlett Packard Enterprise Development LP\n#\n# Licensed under the Apache License, Version 2.0 (the \"License\");\n# you may not use this file except in compliance with the License.\n# You may obtain a copy of the License at http://www.apache.org/licenses/LICENSE-2.0\n#\n# Unless required by applicable law or agreed to in writing, software distributed\n# under the License is distributed on an \"AS IS\" BASIS, WITHOUT WARRANTIES OR\n# CONDITIONS OF ANY KIND, either express or implied. See the License for the\n# specific language governing permissions and limitations under the License.\n\n-upload -<<END /etc/multipath.conf\n#This file has been created by Image Streamer.\ndefaults {\n    user_friendly_names yes\n}\nblacklist {\n    device {\n        vendor \"LEFTHAND\"\n        product \"iSCSIDisk\"\n    }\n}\nEND\n\n-upload -<<END /tmp/partition_disk_using_LVM\n#!/bin/bash\n\nStorage=\"@Storage:HPE 3PAR StoreServ@\"\nHostFunction=\"@HostFunction@\"\nHanaHostName=\"@HanaHostName@\"\nSapHostName=\"@SapHostName@\"\n\n_exit_on_error()\n{\n    # writing error message to error log\n    printf '%s\\n' \"${1}\" > /tmp/partition_disk_error.log\n\n    # Writing error message to stdout\n    printf '%s\\n' \"${1}\" 1>&2\n    exit 1\n}\n\n[ -f /sbin/multipath ] || _exit_on_error \"Multipath tools not available.\"\n\n# enable and start multipathd\nsystemctl enable multipathd\nsystemctl start multipathd\nsleep 5\n\ncase \"${Storage}\" in\n    \"HPE 3PAR StoreServ\" )\n        multipathString=\"3PARdata\"\n        ;;\n    \"HPE Synergy D3940\" )\n        multipathString=\"LOGICAL VOLUME\"\n        ;;\n    * )\n        _exit_on_error \"No valid storage selected: '${Storage}'.\"\n        ;;\nesac\n\n# get mpath name\nmpath=$( multipath -ll | grep -i \"${multipathString}\" | awk '/mpath/{print $1}' | head -n1 )\n\nif [ -n \"${mpath}\" ]; then\n    # get device\n    dmDevice=\"/dev/mapper/${mpath}\"\n\n    # get device partition\n    dmDevicePartition=$( sfdisk -l \"${dmDevice}\" 2>&1 | grep ^\"${dmDevice}\" | head -n1 | awk '{print $1}' )\n\n    # partition disk if it does not exist\n    if [ -z \"${dmDevicePartition}\" ]; then\n        sgdisk -og -n 1:2048:0 -t 1:8e00 \"${dmDevice}\"\n\n        # re-read the partition table\n        partprobe \"${dmDevice}\"\n        sleep 5\n\n        # get device partition\n        dmDevicePartition=$( sfdisk -l \"${dmDevice}\" 2>&1 | grep ^\"${dmDevice}\" | head -n1 | awk '{print $1}' )\n        [ -z \"${dmDevicePartition}\" ] && _exit_on_error \"Disk partition not available.\"\n\n        # remove old LVM informations on new partitioning\n        vgdisplay @LvmVolumeGroupName:sapdata@ >/dev/null 2>&1 && vgremove -f -y @LvmVolumeGroupName:sapdata@\n        pvdisplay \"${dmDevicePartition}\" >/dev/null 2>&1 && pvremove -f -y \"${dmDevicePartition}\"\n    fi\n\n    # LVM create physical volume if it does not exist\n    if ( ! pvdisplay \"${dmDevicePartition}\" ); then\n        pvcreate -f -y \"${dmDevicePartition}\" || _exit_on_error \"Problem during 'pvcreate -f -y ${dmDevicePartition}'.\"\n    fi\n\n    # LVM create logical volume group if it does not exist\n    if ( ! vgdisplay @LvmVolumeGroupName:sapdata@ ); then\n        vgcreate -f -y @LvmVolumeGroupName:sapdata@ \"${dmDevicePartition}\" || _exit_on_error \"Problem during 'vgcreate -f -y @LvmVolumeGroupName:sapdata@'.\"\n    fi\n\n    # LVM swap\n    # create logical volume if it does not exist\n    if ( ! lvdisplay /dev/@LvmVolumeGroupName:sapdata@/@LvmVolumeNameSwap:swap@ ); then \n        lvcreate -y -n @LvmVolumeNameSwap:swap@ -L @LvmVolumeSizeSwap:20@G @LvmVolumeGroupName:sapdata@ || _exit_on_error \"Problem during 'lvcreate -y -n @LvmVolumeNameSwap:swap@ -L @LvmVolumeSizeSwap:20@G @LvmVolumeGroupName:sapdata@'.\"\n    fi\n    # create filesystem if it does not exist\n    if ( ! blkid /dev/@LvmVolumeGroupName:sapdata@/@LvmVolumeNameSwap:swap@ ); then\n        mkswap -f -L @LvmVolumeNameSwap:swap@ /dev/@LvmVolumeGroupName:sapdata@/@LvmVolumeNameSwap:swap@ || _exit_on_error \"Problem during 'mkswap -f -L @LvmVolumeNameSwap:swap@ /dev/@LvmVolumeGroupName:sapdata@/@LvmVolumeNameSwap:swap@'.\"\n    fi\n    # add new mountpoint to /etc/fstab\n    if ( ! grep -i '/dev/@LvmVolumeGroupName:sapdata@/@LvmVolumeNameSwap:swap@' /etc/fstab ); then\n      sed -i '$a\\#This file has been modified by Image Streamer' /etc/fstab\n      sed -i '$a\\/dev/@LvmVolumeGroupName:sapdata@/@LvmVolumeNameSwap:swap@  swap  swap  defaults  0  0' /etc/fstab\n    fi\n    # deactivate swap on local device\n    swapoff -a\n    sed -i '/swap/ s/^#*/#/' /etc/fstab\n    # activate swap on storage\n    swapon -a\n\n    # LVM /usr/sap\n    # create logical volume if it does not exist\n    if ( ! lvdisplay /dev/@LvmVolumeGroupName:sapdata@/@LvmVolumeNameSap:sap@ ); then\n        lvcreate -y -n @LvmVolumeNameSap:sap@ -L @LvmVolumeSizeSap:5@G @LvmVolumeGroupName:sapdata@ || _exit_on_error \"Problem during 'lvcreate -y -n @LvmVolumeNameSap:sap@ -L @LvmVolumeSizeSap:5@G @LvmVolumeGroupName:sapdata@'.\"\n    fi\n    # create filesystem if it does not exist\n    if ( ! blkid /dev/@LvmVolumeGroupName:sapdata@/@LvmVolumeNameSap:sap@ ); then\n        mkfs.xfs -f -L @LvmVolumeNameSap:sap@ /dev/@LvmVolumeGroupName:sapdata@/@LvmVolumeNameSap:sap@ || _exit_on_error \"Problem during 'mkfs.xfs -f -L @LvmVolumeNameSap:sap@ /dev/@LvmVolumeGroupName:sapdata@/@LvmVolumeNameSap:sap@'.\"\n    fi\n    # create mountpoint directory if it does not exist\n    [ -d /usr/sap ] || mkdir -p /usr/sap\n    # add new mountpoint to /etc/fstab\n    if ( ! grep -i '/dev/@LvmVolumeGroupName:sapdata@/@LvmVolumeNameSap:sap@' /etc/fstab ); then\n      sed -i '$a\\#This file has been modified by Image Streamer' /etc/fstab\n      sed -i '$a\\/dev/@LvmVolumeGroupName:sapdata@/@LvmVolumeNameSap:sap@  /usr/sap  xfs  defaults  1  1' /etc/fstab\n    fi\n    # mount the new volume\n    mount /usr/sap || _exit_on_error \"Problem mounting /usr/sap\"\n\n    # LVM /hana\n    if [ \"${HostFunction,,}\" = \"db\" ] || { [ \"${HostFunction,,}\" = \"standard\" ] && [ \"${HanaHostName,,}\" = \"${SapHostName,,}\" ]; }; then\n        # create logical volume if it does not exist\n        if ( ! lvdisplay /dev/@LvmVolumeGroupName:sapdata@/@LvmVolumeNameHana:hana@ ); then\n            lvcreate -y -n @LvmVolumeNameHana:hana@ -L @LvmVolumeSizeHana:100@G @LvmVolumeGroupName:sapdata@ || _exit_on_error \"Problem during 'lvcreate -y -n @LvmVolumeNameHana:hana@ -L @LvmVolumeSizeHana:100@G @LvmVolumeGroupName:sapdata@'.\"\n        fi\n        # create filesystem if it does not exist\n        if ( ! blkid /dev/@LvmVolumeGroupName:sapdata@/@LvmVolumeNameHana:hana@ ); then\n            mkfs.xfs -f -L @LvmVolumeNameHana:hana@ /dev/@LvmVolumeGroupName:sapdata@/@LvmVolumeNameHana:hana@ || _exit_on_error \"Problem during 'mkfs.xfs -f -L @LvmVolumeNameHana:hana@ /dev/@LvmVolumeGroupName:sapdata@/@LvmVolumeNameHana:hana@'.\"\n        fi\n        # create mountpoint directory if it does not exist\n        [ -d /hana ] || mkdir /hana\n        # add new mountpoint to /etc/fstab\n        if ( ! grep -i '/dev/@LvmVolumeGroupName:sapdata@/@LvmVolumeNameHana:hana@' /etc/fstab ); then\n          sed -i '$a\\#This file has been modified by Image Streamer' /etc/fstab\n          sed -i '$a\\/dev/@LvmVolumeGroupName:sapdata@/@LvmVolumeNameHana:hana@  /hana  xfs  defaults  1  1' /etc/fstab\n        fi\n        # mount the new volume\n        mount /hana || _exit_on_error \"Problem mounting /hana\"\n    fi\n\n    # LVM /sapmnt\n    if [ \"${HostFunction,,}\" = \"standard\" ]; then\n        # create logical volume if it does not exist\n        if ( ! lvdisplay /dev/@LvmVolumeGroupName:sapdata@/@LvmVolumeNameSapmnt:sapmnt@ ); then\n            lvcreate -y -n @LvmVolumeNameSapmnt:sapmnt@ -L @LvmVolumeSizeSapmnt:100@G @LvmVolumeGroupName:sapdata@ || _exit_on_error \"Problem during 'lvcreate -y -n @LvmVolumeNameSapmnt:sapmnt@ -L @LvmVolumeSizeSapmnt:100@G @LvmVolumeGroupName:sapdata@'.\"\n        fi\n        # create filesystem if it does not exist\n        if ( ! blkid /dev/@LvmVolumeGroupName:sapdata@/@LvmVolumeNameSapmnt:sapmnt@ ); then\n            mkfs.xfs -L @LvmVolumeNameSapmnt:sapmnt@ /dev/@LvmVolumeGroupName:sapdata@/@LvmVolumeNameSapmnt:sapmnt@ || _exit_on_error \"Problem during 'mkfs.xfs -L @LvmVolumeNameSapmnt:sapmnt@ /dev/@LvmVolumeGroupName:sapdata@/@LvmVolumeNameSapmnt:sapmnt@'.\"\n        fi\n        # create mountpoint directory if it does not exist\n        [ -d /sapmnt ] || mkdir /sapmnt\n        # add new mountpoint to /etc/fstab\n        if ( ! grep -i '/dev/@LvmVolumeGroupName:sapdata@/@LvmVolumeNameSapmnt:sapmnt@' /etc/fstab ); then\n          sed -i '$a\\#This file has been modified by Image Streamer' /etc/fstab\n          sed -i '$a\\/dev/@LvmVolumeGroupName:sapdata@/@LvmVolumeNameSapmnt:sapmnt@  /sapmnt  xfs  defaults  1  1' /etc/fstab\n        fi\n        # mount the new volume\n        mount /sapmnt || _exit_on_error \"Problem mounting /sapmnt\"\n    fi\n\nelse\n    _exit_on_error \"No multipath device found.\"\nfi\n\nunlink \"${0}\"\nEND\n\n# Add script to firstboot.local to run on startup\n!echo \"# Partition disk and configure LVM\" >> ./firstboot.local\n!echo \"sh /tmp/partition_disk_using_LVM\" >> ./firstboot.local","customAttributes":null,"hpProvided":true,"dependentArtifacts":null}