{"type":"OEDeploymentPlan","hpProvided":true,"uri":null,"category":null,"eTag":null,"created":null,"modified":null,"id":"c451308a-96dd-4da9-a0e8-6f361435f3f9","name":"HPE - RHEL7.x - SAP S4HANA - deploy - 2019-04-12","description":"Deploy SAP S/4HANA into a RHEL7.x golden image.\n(c) Copyright 2019 Hewlett Packard Enterprise Development LP. Licensed under the Apache License, Version 2.0  (the \"License\");...","status":null,"state":null,"goldenImageURI":null,"oeBuildPlanURI":"HPE - RHEL7.x - SAP - deploy - 2019-04-12","importMetadata":false,"customAttributes":[{"name":"StartInstanceAfterReboot","visible":true,"value":"Yes","description":"Sets the autostart option for SAP Instances after a system reboot.","type":"option","constraints":"{\"options\":[\"Yes\",\"No\"]}","editable":true,"id":"34590395-4714-443d-b7ad-8f4875a2d8f0"},{"name":"DepotShareName","visible":false,"value":"SWDEPOT","description":"Name of the software share.","type":"string","constraints":"{\"regex\":\"\",\"helpText\":\"\",\"options\":[\"SWDEPOT\"]}","editable":true,"id":"8753cbc0-5c07-4625-b322-bf9314851ec9"},{"name":"HanaHostName","visible":true,"value":"","description":"FQDN hostname of the SAP HANA server.","type":"fqdn","constraints":"{\"helpText\":\"\"}","editable":true,"id":"f8846ff8-28b2-4c03-8e02-1da59d6f5237"},{"name":"HostFunction","visible":true,"value":"standard","description":"Defines which SAP function shall be installed.\nPossible values: \"standard\" for SAP Primary Application Server, \"db\" for SAP HANA only installation, \"aas\" for additional SAP Application Server","type":"option","constraints":"{\"options\":[\"standard\",\"db\",\"aas\"]}","editable":true,"id":"bcf94b5a-65e4-41c2-a7de-b6b8f973666a"},{"name":"NIC2","visible":true,"value":null,"description":"NIC2 on the management network.","type":"nic","constraints":"{\"ipv4static\":true,\"ipv4dhcp\":true,\"ipv4disable\":true,\"parameters\":[\"dns1\",\"dns2\",\"domain\",\"gateway\",\"ipaddress\",\"mac\",\"netmask\"]}","editable":true,"id":"d6294e5b-86d6-46b1-b1ac-77cba9d8e7ee"},{"name":"DepotHost","visible":false,"value":"172.16.12.22","description":"IP-Address of the software share.","type":"ipv4","constraints":"{\"helpText\":\"\"}","editable":true,"id":"b55fc63f-1da0-402d-b8cb-f716c97fb9d2"},{"name":"HanaInstanceNumber","visible":true,"value":"00","description":"The two-digit SAP HANA Database Instance Number. Rules for SAP Instance Number apply.","type":"string","constraints":"{\"regex\":\"^(?!(98|99))[0-9]{2}$\",\"helpText\":\"\"}","editable":true,"id":"1441d3fc-6124-4b3a-a4a4-8d9f20a6d78f"},{"name":"InstallDirectory","visible":false,"value":"/root/hpe_ai","description":"Local directory for the SAP installation. The installation script, local input file and all installation logfiles will be stored here.","type":"string","constraints":"{\"regex\":\"\",\"helpText\":\"\"}","editable":true,"id":"f048972e-a069-41a5-aa22-a301e000c7b9"},{"name":"HanaMasterPassword","visible":true,"value":"","description":"The master password of the SAP HANA database that will be used for all SAP HANA users.","type":"password","constraints":"{\"minlen\":\"8\",\"maxlen\":\"64\"}","editable":true,"id":"73d3d709-c99b-4e99-b4a3-84d48623543b"},{"name":"Storage","visible":true,"value":"HPE 3PAR StoreServ","description":"Defines which storage to use.","type":"option","constraints":"{\"options\":[\"HPE 3PAR StoreServ\",\"HPE Synergy D3940\"]}","editable":true,"id":"78cc5b98-59e7-41a6-9aa3-06667e57f213"},{"name":"NIC4","visible":true,"value":null,"description":"NIC4 on the management network for the SD Flex server.","type":"nic","constraints":"{\"ipv4static\":true,\"ipv4dhcp\":true,\"ipv4disable\":true,\"parameters\":[\"domain\",\"gateway\",\"ipaddress\",\"mac\",\"netmask\"]}","editable":true,"id":"3980087b-f527-4c70-90e3-e4e4a350cf66"},{"name":"SapVersion","visible":false,"value":"S4HANA1809","description":"Defines which SAP Version shall be installed.","type":"option","constraints":"{\"options\":[\"S4HANA1809\",\"BW4HANA10SR1\"]}","editable":true,"id":"23bd884c-208d-44e9-adc2-41f19e7737dd"},{"name":"SapStack","visible":false,"value":"ABAP","description":"Defines if the ABAP or JAVA Stack of a release shall be installed.","type":"option","constraints":"{\"options\":[\"ABAP\",\"Java\"]}","editable":true,"id":"3e7dd822-2042-475e-91a0-71601bf754f6"},{"name":"SSH","visible":false,"value":"Enabled","description":"Defines if SSH shall be enabled on the deployed OS.","type":"option","constraints":"{\"options\":[\"Enabled\",\"Disabled\"]}","editable":true,"id":"a433b14e-bcfa-49d1-857d-52b608d6341d"},{"name":"LvmVolumeSizeSapmnt","visible":false,"value":"100","description":"","type":"number","constraints":"{\"unit\":\"GiB\"}","editable":true,"id":"d669482c-9148-4a3b-b1e1-354d574b41ab"},{"name":"NIC1","visible":true,"value":null,"description":"NIC1 on the management network.","type":"nic","constraints":"{\"ipv4static\":true,\"ipv4dhcp\":true,\"ipv4disable\":false,\"parameters\":[\"dns1\",\"dns2\",\"domain\",\"gateway\",\"ipaddress\",\"mac\",\"netmask\"]}","editable":true,"id":"4d7d3a44-a4a0-4aa5-9392-e5242b37cf98"},{"name":"DepotSapDirectory","visible":false,"value":"S4HANA1809","description":"Directory on the software share that contains the SAP installation media.","type":"string","constraints":"{\"regex\":\"\",\"helpText\":\"\"}","editable":true,"id":"ea91f271-18a9-41b1-aed8-8e55e29fa959"},{"name":"LvmVolumeSizeSap","visible":false,"value":"20","description":"Size of the LVM partition required for /usr/sap in GiB.","type":"number","constraints":"{\"unit\":\"GiB\"}","editable":true,"id":"48701ebe-0541-4948-a823-5624b7967c80"},{"name":"HanaSID","visible":true,"value":"","description":"The SAP System Identification of the SAP HANA database host. Rules for SAP System ID definition apply.","type":"string","constraints":"{\"regex\":\"^(?!(ADD|ALL|AMD|AND|ANY|ARE|ASC|AUX|AVG|BIT|CDC|COM|CON|DBA|END|EPS|FOR|GET|GID|IBM|INT|KEY|LOG|LPT|MAP|MAX|MIN|MON|NIX|NOT|NUL|OFF|OLD|OMS|OUT|PAD|PRN|RAW|REF|ROW|SAP|SET|SGA|SHG|SID|SQL|SUM|SYS|TMP|TOP|UID))([A-Z][A-Z0-9]{2})$\",\"helpText\":\"\"}","editable":true,"id":"4bcbace5-8f02-44ae-b344-daebff765b26"},{"name":"DepotCifsPassword","visible":false,"value":"password","description":"Password for the CIFS software share. For NFS, either delete this attribute in plan script \"HPE - RHEL7.x - SAP - create local input file\" or enter a dummy value.","type":"password","constraints":"{\"minlen\":\"8\",\"maxlen\":\"64\"}","editable":true,"id":"339e0c68-2af7-4b70-a0d9-753f4b702787"},{"name":"DepotMountType","visible":false,"value":"cifs","description":"Network protocol for the software share. Either CIFS or NFS is supported.","type":"option","constraints":"{\"options\":[\"cifs\",\"nfs\"]}","editable":true,"id":"67bf2afb-f087-4680-9301-318f1e2d90c0"},{"name":"LvmVolumeNameHana","visible":false,"value":"hana","description":"Name of the LVM partition used for /hana directory. In case of SAP application only installation, the volume will not be created.","type":"string","constraints":"{\"regex\":\"\",\"helpText\":\"\"}","editable":true,"id":"66a5d11a-bc92-4ca4-a1e9-8cbbb86d2d42"},{"name":"DepotLocalMountpoint","visible":false,"value":"/swdepot","description":"Local mountpoint on the deployed host for the \nsoftware share. The directory will be created during deployment.","type":"string","constraints":"{\"regex\":\"\",\"helpText\":\"\"}","editable":true,"id":"d8ebb9ca-ed6c-43be-8373-5a81ad6fa266"},{"name":"NIC3","visible":true,"value":null,"description":"NIC3 on the management network for the SD Flex server.","type":"nic","constraints":"{\"ipv4static\":true,\"ipv4dhcp\":true,\"ipv4disable\":true,\"parameters\":[\"domain\",\"gateway\",\"ipaddress\",\"mac\",\"netmask\"]}","editable":true,"id":"d9064211-9dc6-42d3-add4-b2608f60b498"},{"name":"SapInstanceNumber","visible":true,"value":"01","description":"The two-digit SAP Instance Number. Rules for SAP Instance Number apply.","type":"string","constraints":"{\"regex\":\"^(?!(98|99))[0-9]{2}$\",\"helpText\":\"\"}","editable":true,"id":"312294b1-9337-4f65-95af-ea61efc811a6"},{"name":"SapGlobalHost","visible":true,"value":"","description":"FQDN hostname of the SAP global host.","type":"fqdn","constraints":"{\"helpText\":\"\"}","editable":true,"id":"0803550c-19b6-4f86-a7a0-7c6653f709b5"},{"name":"SapTestRun","visible":false,"value":"false","description":"Defines if the SAP installation shall be started in a test run. \nPossible Values: \n\"false\" Complete installation is executed.\n\"host_preparation\" host is prepared, but SAP installer not started.\n\"sap_summary\" SAP installer is stopped after the summary phase.","type":"option","constraints":"{\"options\":[\"false\",\"host_preparation\",\"sap_summary\"]}","editable":true,"id":"6b37c23c-d983-4a4a-8a02-8608c5849ebe"},{"name":"SapMasterPassword","visible":true,"value":"","description":"Master Password for the SAP Application.","type":"password","constraints":"{\"minlen\":\"8\",\"maxlen\":\"64\"}","editable":true,"id":"302926aa-62ac-4e9b-a588-6bc5f0fca484"},{"name":"HanaUpdate","visible":false,"value":"False","description":"Defines if the SAP HANA database shall be updated. Possible values are true and false.","type":"option","constraints":"{\"options\":[\"False\",\"True\"]}","editable":true,"id":"271f35fd-5446-46d8-a2d8-df1435dc30bb"},{"name":"LvmVolumeNameSap","visible":false,"value":"sap","description":"Name of the LVM partition used for /usr/sap directory.","type":"string","constraints":"{\"regex\":\"\",\"helpText\":\"\"}","editable":true,"id":"1c8e4903-b1f1-4229-b05f-ba126ee1d6c9"},{"name":"LvmVolumeNameSwap","visible":false,"value":"swap","description":"Name of the LVM partition used for swap space.","type":"string","constraints":"{\"regex\":\"\",\"helpText\":\"\",\"options\":[\"swap\"]}","editable":true,"id":"7663ccb4-9226-482b-8ecd-5e811749de20"},{"name":"NewRootPassword","visible":true,"value":"","description":"New password for the root user.","type":"password","constraints":"{\"minlen\":\"8\",\"maxlen\":\"64\"}","editable":true,"id":"2815b8f8-f905-46e2-b91e-26baf6112777"},{"name":"LvmVolumeNameSapmnt","visible":false,"value":"sapmnt","description":"Name of the LVM partition used for /sapmnt directory. In case of SAP HANA only installation, the volume will not be created.","type":"string","constraints":"{\"regex\":\"\",\"helpText\":\"\"}","editable":true,"id":"8394bd0e-c77b-4a11-805f-97f5d916a7a5"},{"name":"LvmVolumeGroupName","visible":false,"value":"sapdata","description":"Name of the LVM volume group for the SAP installation.","type":"string","constraints":"{\"regex\":\"\",\"helpText\":\"\"}","editable":true,"id":"9dfc3055-c51a-448a-b730-bc4b38d1b7f0"},{"name":"LvmVolumeSizeSwap","visible":false,"value":"20","description":"Size of the LVM partition required for swap space in GiB.","type":"number","constraints":"{\"unit\":\"GiB\"}","editable":true,"id":"dc154e1c-1f9c-45c6-8c2e-65cf2c4f408c"},{"name":"SapHostName","visible":true,"value":"","description":"","type":"fqdn","constraints":"{\"helpText\":\"\"}","editable":true,"id":"d21b4327-f9d5-4ac2-a7f5-f50909776c4e"},{"name":"LvmVolumeSizeHana","visible":false,"value":"200","description":"Size of the LVM partition required for /hana in GiB.","type":"number","constraints":"{\"unit\":\"GiB\"}","editable":true,"id":"7e6ac454-b2e0-4ad0-822b-80b6c9a759c0"},{"name":"SapSID","visible":true,"value":"","description":"The SAP System Identification of the SAP Application. Rules for SAP System ID definition apply.","type":"string","constraints":"{\"regex\":\"^(?!(ADD|ALL|AMD|AND|ANY|ARE|ASC|AUX|AVG|BIT|CDC|COM|CON|DBA|END|EPS|FOR|GET|GID|IBM|INT|KEY|LOG|LPT|MAP|MAX|MIN|MON|NIX|NOT|NUL|OFF|OLD|OMS|OUT|PAD|PRN|RAW|REF|ROW|SAP|SET|SGA|SHG|SID|SQL|SUM|SYS|TMP|TOP|UID))([A-Z][A-Z0-9]{2})$\",\"helpText\":\"\"}","editable":true,"id":"77f946e9-3da6-4cde-b122-a365275dca6f"},{"name":"DepotCifsUsername","visible":false,"value":"Administrator","description":"Username for the CIFS software share. For NFS, either delete this attribute in plan script \"HPE - RHEL7.x - SAP - create local input\" file or enter a dummy value.","type":"string","constraints":"{\"regex\":\"\",\"helpText\":\"\"}","editable":true,"id":"052cf4df-55a2-4548-854f-a7fa69ca9ce2"}]}