{"type":"OEDeploymentPlan","hpProvided":true,"uri":null,"category":null,"eTag":null,"created":null,"modified":null,"id":"f51b9795-aacc-46a7-b487-d34e0d6caee6","name":"HPE - RHEL7.x - SAP HANA - deploy - 2019-04-12","description":"Deploy SAP HANA database into a RHEL7.x golden image.\n(c) Copyright 2019 Hewlett Packard Enterprise Development LP. Licensed under the Apache License, Version 2.0  (the \"License\");...","status":null,"state":null,"goldenImageURI":null,"oeBuildPlanURI":"HPE - RHEL7.x - SAP - deploy - 2019-04-12","importMetadata":false,"customAttributes":[{"name":"StartInstanceAfterReboot","visible":true,"value":"Yes","description":"Sets the autostart option for SAP Instances after a system reboot.","type":"option","constraints":"{\"options\":[\"Yes\",\"No\"]}","editable":true,"id":"bb7862e5-5b61-4129-a899-1b43d7d9fecb"},{"name":"DepotShareName","visible":false,"value":"SWDEPOT","description":"Name of the software share.","type":"string","constraints":"{\"regex\":\"\",\"helpText\":\"\",\"options\":[\"SWDEPOT\"]}","editable":true,"id":"9df2ceda-d69e-43e4-be74-06d80a6824d8"},{"name":"NIC2","visible":true,"value":null,"description":"NIC2 on the management network.","type":"nic","constraints":"{\"ipv4static\":true,\"ipv4dhcp\":true,\"ipv4disable\":true,\"parameters\":[\"dns1\",\"dns2\",\"domain\",\"gateway\",\"ipaddress\",\"mac\",\"netmask\"]}","editable":true,"id":"804c0539-a143-4833-830c-b900de381d67"},{"name":"DepotHost","visible":false,"value":"172.16.12.22","description":"IP-Address of the software share.","type":"ipv4","constraints":"{\"helpText\":\"\"}","editable":true,"id":"b957aebe-f806-4439-b092-d48b69213bb4"},{"name":"HanaInstanceNumber","visible":true,"value":"00","description":"The two-digit SAP HANA Database Instance Number. Rules for SAP Instance Number apply.","type":"string","constraints":"{\"regex\":\"^(?!(98|99))[0-9]{2}$\",\"helpText\":\"\"}","editable":true,"id":"2bcf3478-49b3-4a63-9f57-d278bb753466"},{"name":"InstallDirectory","visible":false,"value":"/root/hpe_ai","description":"Local directory for the SAP installation. The installation script, local input file and all installation logfiles will be stored here.","type":"string","constraints":"{\"regex\":\"\",\"helpText\":\"\"}","editable":true,"id":"bdc0b8cf-3a54-475f-b808-76cdc54bab7e"},{"name":"HanaMasterPassword","visible":true,"value":"","description":"The master password of the SAP HANA database that will be used for all SAP HANA users.","type":"password","constraints":"{\"minlen\":\"8\",\"maxlen\":\"64\"}","editable":true,"id":"0e6d5a4c-6f09-485b-8c99-2d09eb4477b8"},{"name":"Storage","visible":true,"value":"HPE 3PAR StoreServ","description":"Defines which storage to use.","type":"option","constraints":"{\"options\":[\"HPE 3PAR StoreServ\",\"HPE Synergy D3940\"]}","editable":true,"id":"f0f7b92b-4fd4-4d9c-a9f7-102a48ffe282"},{"name":"NIC4","visible":true,"value":null,"description":"NIC4 on the management network for the SD Flex server.","type":"nic","constraints":"{\"ipv4static\":true,\"ipv4dhcp\":true,\"ipv4disable\":true,\"parameters\":[\"domain\",\"gateway\",\"ipaddress\",\"mac\",\"netmask\"]}","editable":true,"id":"ebf3d6dd-b48c-46c2-b88f-e11251ef6600"},{"name":"SapVersion","visible":false,"value":"S4HANA1809","description":"Defines which SAP Version shall be installed.","type":"option","constraints":"{\"options\":[\"S4HANA1809\",\"BW4HANA10SR1\"]}","editable":true,"id":"373b3226-e39d-42df-a2cc-0aa8cafb40a7"},{"name":"SapStack","visible":false,"value":"ABAP","description":"Defines if the ABAP or JAVA Stack of a release shall be installed.","type":"option","constraints":"{\"options\":[\"ABAP\",\"Java\"]}","editable":true,"id":"12257e0a-6182-4de0-b548-f027da41dfe4"},{"name":"SSH","visible":false,"value":"Enabled","description":"Defines if SSH shall be enabled on the deployed OS.","type":"option","constraints":"{\"options\":[\"Enabled\",\"Disabled\"]}","editable":true,"id":"3aca0bb4-0c3b-4214-8f22-89dd138c3438"},{"name":"LvmVolumeSizeSapmnt","visible":false,"value":"100","description":"","type":"number","constraints":"{\"unit\":\"GiB\"}","editable":true,"id":"dd8cda62-a671-41ba-8aca-243fe38ac27c"},{"name":"NIC1","visible":true,"value":null,"description":"NIC1 on the management network.","type":"nic","constraints":"{\"ipv4static\":true,\"ipv4dhcp\":true,\"ipv4disable\":false,\"parameters\":[\"dns1\",\"dns2\",\"domain\",\"gateway\",\"ipaddress\",\"mac\",\"netmask\"]}","editable":true,"id":"5ddd87ea-9f5b-42c2-a3d4-b5ca4249a5be"},{"name":"SapGlobalHost","visible":false,"value":"globalhost.cloud.lab","description":"FQDN hostname of the SAP global host.","type":"fqdn","constraints":"{\"helpText\":\"\"}","editable":true,"id":"dc83d09f-3fbc-4e04-9f71-68e9a7949535"},{"name":"LvmVolumeSizeSap","visible":false,"value":"20","description":"Size of the LVM partition required for /usr/sap in GiB.","type":"number","constraints":"{\"unit\":\"GiB\"}","editable":true,"id":"4ce5c8c5-bf77-49a5-9c4b-8f1b80457af0"},{"name":"HanaSID","visible":true,"value":"","description":"The SAP System Identification of the SAP HANA database host. Rules for SAP System ID definition apply.","type":"string","constraints":"{\"regex\":\"^(?!(ADD|ALL|AMD|AND|ANY|ARE|ASC|AUX|AVG|BIT|CDC|COM|CON|DBA|END|EPS|FOR|GET|GID|IBM|INT|KEY|LOG|LPT|MAP|MAX|MIN|MON|NIX|NOT|NUL|OFF|OLD|OMS|OUT|PAD|PRN|RAW|REF|ROW|SAP|SET|SGA|SHG|SID|SQL|SUM|SYS|TMP|TOP|UID))([A-Z][A-Z0-9]{2})$\",\"helpText\":\"\"}","editable":true,"id":"dcabfa35-5ab0-4257-b3ee-44815837625f"},{"name":"DepotSapDirectory","visible":false,"value":"SAP_HANA_PLATFORM_20_SPS03","description":"Directory on the software share that contains the SAP installation media.","type":"string","constraints":"{\"regex\":\"\",\"helpText\":\"\"}","editable":true,"id":"1e62e275-5450-4f3e-a022-bb880a9b5a9e"},{"name":"DepotCifsPassword","visible":false,"value":"password","description":"Password for the CIFS software share. For NFS, either delete this attribute in plan script \"HPE - RHEL7.x - SAP - create local input file\" or enter a dummy value.","type":"password","constraints":"{\"minlen\":\"8\",\"maxlen\":\"64\"}","editable":true,"id":"a446e629-d943-42f8-b9d1-36ff5d013a18"},{"name":"HanaHostName","visible":true,"value":"","description":"","type":"fqdn","constraints":"{\"helpText\":\"\"}","editable":true,"id":"0983178a-7de2-4cbf-822b-fffe5ac3bffa"},{"name":"DepotMountType","visible":false,"value":"cifs","description":"Network protocol for the software share. Either CIFS or NFS is supported.","type":"option","constraints":"{\"options\":[\"cifs\",\"nfs\"]}","editable":true,"id":"94f99fcc-12d2-426c-acc1-4bbeb2f6721d"},{"name":"LvmVolumeNameHana","visible":false,"value":"hana","description":"Name of the LVM partition used for /hana directory. In case of SAP application only installation, the volume will not be created.","type":"string","constraints":"{\"regex\":\"\",\"helpText\":\"\"}","editable":true,"id":"e7904099-2403-456b-b57c-047355b0d0c7"},{"name":"DepotLocalMountpoint","visible":false,"value":"/swdepot","description":"Local mountpoint on the deployed host for the \nsoftware share. The directory will be created during deployment.","type":"string","constraints":"{\"regex\":\"\",\"helpText\":\"\"}","editable":true,"id":"2e277224-e1c3-4802-80e0-9ee3a3f97843"},{"name":"SapMasterPassword","visible":false,"value":"password","description":"Master Password for the SAP Application.","type":"password","constraints":"{\"minlen\":\"8\",\"maxlen\":\"64\"}","editable":true,"id":"7d7c8a68-e5dd-4b0a-88e5-5d9fd0366538"},{"name":"HostFunction","visible":false,"value":"db","description":"Defines which SAP function shall be installed.\nPossible values: \"standard\" for SAP Primary Application Server, \"db\" for SAP HANA only installation, \"aas\" for additional SAP Application Server","type":"option","constraints":"{\"options\":[\"standard\",\"db\",\"aas\"]}","editable":true,"id":"75f79b00-54f6-4275-ac95-ba74404188d1"},{"name":"SapHostName","visible":false,"value":"saphost.cloud.lab","description":"","type":"fqdn","constraints":"{\"helpText\":\"\"}","editable":true,"id":"262cd717-2f1a-41d8-8c8f-42af0776bcc6"},{"name":"NIC3","visible":true,"value":null,"description":"NIC3 on the management network for the SD Flex server.","type":"nic","constraints":"{\"ipv4static\":true,\"ipv4dhcp\":true,\"ipv4disable\":true,\"parameters\":[\"domain\",\"gateway\",\"ipaddress\",\"mac\",\"netmask\"]}","editable":true,"id":"680afa88-f73f-497a-94c2-e64646b643cc"},{"name":"SapTestRun","visible":false,"value":"false","description":"Defines if the SAP installation shall be started in a test run. \nPossible Values: \n\"false\" Complete installation is executed.\n\"host_preparation\" host is prepared, but SAP installer not started.\n\"sap_summary\" SAP installer is stopped after the summary phase.","type":"option","constraints":"{\"options\":[\"false\",\"host_preparation\",\"sap_summary\"]}","editable":true,"id":"3d6c1ef8-c647-47cb-8c68-4302698f3c68"},{"name":"HanaUpdate","visible":false,"value":"False","description":"Defines if the SAP HANA database shall be updated. Possible values are true and false.","type":"option","constraints":"{\"options\":[\"False\",\"True\"]}","editable":true,"id":"c4b8346a-4449-4bda-ab63-ee7becb6ae26"},{"name":"LvmVolumeNameSap","visible":false,"value":"sap","description":"Name of the LVM partition used for /usr/sap directory.","type":"string","constraints":"{\"regex\":\"\",\"helpText\":\"\"}","editable":true,"id":"7da483f0-f497-46d4-a0eb-7085bac55e79"},{"name":"LvmVolumeNameSwap","visible":false,"value":"swap","description":"Name of the LVM partition used for swap space.","type":"string","constraints":"{\"regex\":\"\",\"helpText\":\"\",\"options\":[\"swap\"]}","editable":true,"id":"17eb8f19-0b3b-47ef-a724-e4ac61201a93"},{"name":"NewRootPassword","visible":true,"value":"","description":"New password for the root user.","type":"password","constraints":"{\"minlen\":\"8\",\"maxlen\":\"64\"}","editable":true,"id":"f3dc4f59-665f-4d39-b413-c47f724ba361"},{"name":"LvmVolumeNameSapmnt","visible":false,"value":"sapmnt","description":"Name of the LVM partition used for /sapmnt directory. In case of SAP HANA only installation, the volume will not be created.","type":"string","constraints":"{\"regex\":\"\",\"helpText\":\"\"}","editable":true,"id":"d2dac763-0847-4dd6-8314-653aa7e614e6"},{"name":"LvmVolumeGroupName","visible":false,"value":"sapdata","description":"Name of the LVM volume group for the SAP installation.","type":"string","constraints":"{\"regex\":\"\",\"helpText\":\"\"}","editable":true,"id":"aad75dec-4c96-4e12-9073-6241be611448"},{"name":"SapInstanceNumber","visible":false,"value":"01","description":"The two-digit SAP Instance Number. Rules for SAP Instance Number apply.","type":"string","constraints":"{\"regex\":\"^(?!(98|99))[0-9]{2}$\",\"helpText\":\"\"}","editable":true,"id":"d48bb918-e2bb-4143-b053-02e6ab44c4fb"},{"name":"LvmVolumeSizeSwap","visible":false,"value":"20","description":"Size of the LVM partition required for swap space in GiB.","type":"number","constraints":"{\"unit\":\"GiB\"}","editable":true,"id":"6c89a77e-2b2a-473d-9e98-c58a0be58241"},{"name":"SapSID","visible":false,"value":"S4H","description":"The SAP System Identification of the SAP Application. Rules for SAP System ID definition apply.","type":"string","constraints":"{\"regex\":\"^(?!(ADD|ALL|AMD|AND|ANY|ARE|ASC|AUX|AVG|BIT|CDC|COM|CON|DBA|END|EPS|FOR|GET|GID|IBM|INT|KEY|LOG|LPT|MAP|MAX|MIN|MON|NIX|NOT|NUL|OFF|OLD|OMS|OUT|PAD|PRN|RAW|REF|ROW|SAP|SET|SGA|SHG|SID|SQL|SUM|SYS|TMP|TOP|UID))([A-Z][A-Z0-9]{2})$\",\"helpText\":\"\"}","editable":true,"id":"0b55ff5f-24ef-481b-b701-be4443c377d1"},{"name":"LvmVolumeSizeHana","visible":false,"value":"200","description":"Size of the LVM partition required for /hana in GiB.","type":"number","constraints":"{\"unit\":\"GiB\"}","editable":true,"id":"d41f0b65-f90c-44c1-903b-a707ecd63c53"},{"name":"DepotCifsUsername","visible":false,"value":"Administrator","description":"Username for the CIFS software share. For NFS, either delete this attribute in plan script \"HPE - RHEL7.x - SAP - create local input\" file or enter a dummy value.","type":"string","constraints":"{\"regex\":\"\",\"helpText\":\"\"}","editable":true,"id":"8b187173-0a76-4231-8b48-ed1016589346"}]}