{"type":"OeBuildPlan","dependentArtifacts":null,"customAttributes":[],"buildStep":[{"planScriptUri":"/rest/plan-scripts/dbc4d1e6-6318-457a-af7c-6fae4838a40d","planScriptName":"HPE - SLES12 - SAP HANA DB - mount generalize - 2018-06-01","serialNumber":"1","parameters":null},{"planScriptUri":"/rest/plan-scripts/3c38dce7-d95f-4320-bd89-e20aef96c890","planScriptName":"HPE - Linux - SAP HANA DB - generalize host - 2018-06-01","serialNumber":"2","parameters":null},{"planScriptUri":"/rest/plan-scripts/fd2a658b-583b-4ae9-af09-1673db138f28","planScriptName":"HPE - SLES12 - SAP HANA DB - generalize network - 2018-06-01","serialNumber":"3","parameters":null},{"planScriptUri":"/rest/plan-scripts/d0eb9aa2-e6e4-46b9-8c62-50c456b76a9d","planScriptName":"HPE - Linux - SAP HANA DB - unmount generalize - 2018-06-01","serialNumber":"4","parameters":null}],"eTag":null,"created":null,"modified":null,"hpProvided":true,"buildPlanid":"1dd6386a-7c87-48fc-ab69-c5b6c6eacee4","oeBuildPlanType":"capture","category":null,"description":"Removes personalization settings from SLES12.\n\n(c) Copyright 2018 Hewlett Packard Enterprise Development LP. Licensed under the Apache License, Version 2.0  (the \"License\");...","status":null,"uri":null,"name":"HPE - SLES12 - SAP HANA DB - generalize - 2018-06-01"}