{"type":"PlanScript","dependentArtifacts":null,"hpProvided":true,"eTag":null,"created":null,"modified":null,"customAttributes":null,"planType":"deploy","category":null,"description":"Partitions the attached SAN storage using LVM.","status":null,"uri":null,"name":"HPE - Linux - SAP HANA DB - partition SAN disk using LVM - 2018-06-01","id":"bab98579-6e8e-49f4-9fec-9c8f646465de","state":null,"content":"# (c) Copyright 2018 Hewlett Packard Enterprise Development LP\n#\n# Licensed under the Apache License, Version 2.0 (the \"License\");\n# you may not use this file except in compliance with the License.\n# You may obtain a copy of the License at http://www.apache.org/licenses/LICENSE-2.0\n#\n# Unless required by applicable law or agreed to in writing, software distributed\n# under the License is distributed on an \"AS IS\" BASIS, WITHOUT WARRANTIES OR\n# CONDITIONS OF ANY KIND, either express or implied. See the License for the\n# specific language governing permissions and limitations under the License.\n\n-upload -<<END /etc/multipath.conf\n#This file has been created by Image Streamer.\ndefaults {\n    user_friendly_names yes\n}\nblacklist {\n    device {\n        vendor \"LEFTHAND\"\n        product \"iSCSIDisk\"\n    }\n}\nEND\n\n-upload -<<END /tmp/partition_SAN_disk_using_LVM\n#!/bin/bash\n\n# enable and start multipathd\nsystemctl enable multipathd\nsystemctl start multipathd\n\nsleep 5\n\n# get mpath name\nmpath=$( multipath -ll | grep -i 3PARdata | awk '/mpath/{print $1}' | head -n1 )\n\nif [ -n \"${mpath}\" ]; then\n    # get device\n    dmDevice=\"/dev/mapper/${mpath}\"\n\n    # partitioning SAN disk if it does not exist\n    blkid \"${dmDevice}\" || sgdisk -n 1:2048:0 -t 1:8e00 \"${dmDevice}\"\n\n    # re-read the partition table\n    partprobe \"${dmDevice}\"\n\n    # get device partition\n    dmDevicePartition=$( sfdisk -l \"${dmDevice}\" 2>&1 | grep ^\"${dmDevice}\" | head -n1 | awk '{print $1}' )\n\n    # LVM create physical volume if it does not exist\n    pvdisplay \"${dmDevicePartition}\" || pvcreate -f -y \"${dmDevicePartition}\"\n\n    # LVM create logical volume group if it does not exist\n    vgdisplay @LvmVolumeGroupName:sapdata@ || vgcreate -f -y @LvmVolumeGroupName:sapdata@ \"${dmDevicePartition}\"\n\n    # LVM create logical volumes if they do not exist\n    # swap volume\n    lvdisplay /dev/@LvmVolumeGroupName:sapdata@/@LvmVolumeNameSwap:swap@ || lvcreate -y -n @LvmVolumeNameSwap:swap@ -L @LvmVolumeSizeSwap:20@G @LvmVolumeGroupName:sapdata@\n    # /usr/sap volume\n    lvdisplay /dev/@LvmVolumeGroupName:sapdata@/@LvmVolumeNameSap:sap@ || lvcreate -y -n @LvmVolumeNameSap:sap@ -L @LvmVolumeSizeSap:5@G @LvmVolumeGroupName:sapdata@\n    # /hana volume\n    lvdisplay /dev/@LvmVolumeGroupName:sapdata@/@LvmVolumeNameHana:hana@ || lvcreate -y -n @LvmVolumeNameHana:hana@ -L @LvmVolumeSizeHana:100@G @LvmVolumeGroupName:sapdata@\n\n    # create filesystems if they do not exist\n    blkid /dev/@LvmVolumeGroupName:sapdata@/@LvmVolumeNameSwap:swap@ || mkswap -L @LvmVolumeNameSwap:swap@ /dev/@LvmVolumeGroupName:sapdata@/@LvmVolumeNameSwap:swap@\n    blkid /dev/@LvmVolumeGroupName:sapdata@/@LvmVolumeNameSap:sap@ || mkfs.xfs -L @LvmVolumeNameSap:sap@ /dev/@LvmVolumeGroupName:sapdata@/@LvmVolumeNameSap:sap@\n    blkid /dev/@LvmVolumeGroupName:sapdata@/@LvmVolumeNameHana:hana@ || mkfs.xfs -L @LvmVolumeNameHana:hana@ /dev/@LvmVolumeGroupName:sapdata@/@LvmVolumeNameHana:hana@\nfi\n\n# create mountpoints\n[ -d /usr/sap ] || mkdir -p /usr/sap\n[ -d /hana ] || mkdir /hana\n\n# deactivate swap on local device\nswapoff -a\nsed -i '/swap/ s/^#*/#/' /etc/fstab\n\n# add new mountpoints to /etc/fstab\nsed -i '$a\\#This file has been modified by Image Streamer' /etc/fstab\nsed -i '$a\\/dev/@LvmVolumeGroupName:sapdata@/@LvmVolumeNameSwap:swap@  swap  swap  defaults  0  0' /etc/fstab\nsed -i '$a\\#This file has been modified by Image Streamer' /etc/fstab\nsed -i '$a\\/dev/@LvmVolumeGroupName:sapdata@/@LvmVolumeNameSap:sap@  /usr/sap  xfs  defaults  1  1' /etc/fstab\nsed -i '$a\\#This file has been modified by Image Streamer' /etc/fstab\nsed -i '$a\\/dev/@LvmVolumeGroupName:sapdata@/@LvmVolumeNameHana:hana@  /hana  xfs  defaults  1  1' /etc/fstab\n\n# activate swap on SAN storage\nswapon -a \n\n# mount new fstab\nmount -a\n\nunlink \"${0}\"\nEND\n\n# Add script to firstboot.local to run on startup\n!echo \"# Partition SAN disk and configure LVM\" >> ./firstboot.local\n!echo \"sh /tmp/partition_SAN_disk_using_LVM\" >> ./firstboot.local"}