{"type":"OEDeploymentPlan","hpProvided":true,"customAttributes":[{"editable":true,"visible":false,"constraints":"{\"regex\":\"\",\"helpText\":\"\"}","description":"Local mountpoint on the deployed host for the \nsoftware share. The directory will be created during deployment.","name":"DepotLocalMountpoint","value":"/swdepot","id":"de46b35c-ac26-4abb-87c6-1df62c449fca","type":"string"},{"editable":true,"visible":true,"constraints":"{\"ipv4static\":true,\"ipv4dhcp\":true,\"ipv4disable\":false,\"parameters\":[\"dns1\",\"dns2\",\"domain\",\"gateway\",\"ipaddress\",\"mac\",\"netmask\"]}","description":"","name":"ManagementNIC1","value":"","id":"6aba09a3-ad7b-4ac2-a83b-b3b14e8a5dbc","type":"nic"},{"editable":true,"visible":false,"constraints":"{\"options\":[\"Enabled\",\"Disabled\"]}","description":"Defines if SSH shall be enabled on the deployed OS. Possible values are Enabled or Disabled.","name":"SSH","value":"Enabled","id":"02bf91f8-df85-4ad5-8173-dd28f7a211b9","type":"option"},{"editable":true,"visible":true,"constraints":"{\"regex\":\"^(?!(ADD|ALL|AMD|AND|ANY|ARE|ASC|AUX|AVG|BIT|CDC|COM|CON|DBA|END|EPS|FOR|GET|GID|IBM|INT|KEY|LOG|LPT|MAP|MAX|MIN|MON|NIX|NOT|NUL|OFF|OLD|OMS|OUT|PAD|PRN|RAW|REF|ROW|SAP|SET|SGA|SHG|SID|SQL|SUM|SYS|TMP|TOP|UID))([A-Z][A-Z0-9]{2})$\",\"helpText\":\"\"}","description":"The SAP System Identification of the SAP HANA database host. Rules for SAP System ID definition apply.","name":"HanaSID","value":"","id":"a8c25521-f315-4aef-b0bb-dbb3939b7d37","type":"string"},{"editable":true,"visible":true,"constraints":"{\"helpText\":\"\"}","description":"The hostname of the system.","name":"HostName","value":"","id":"a69d5bfb-69a0-4e45-8467-4e397802c1cd","type":"hostname"},{"editable":true,"visible":false,"constraints":"{\"regex\":\"\",\"helpText\":\"\"}","description":"Username for the CIFS software share. For NFS, either delete this attribute in plan script \"HPE - SLES12 – SAP HANA DB - create local input\" file or enter a dummy value.","name":"DepotCifsUsername","value":"Administrator","id":"e6bf2d9e-a5d0-44aa-9a12-78596469d89a","type":"string"},{"editable":true,"visible":false,"constraints":"{\"unit\":\"GiB\"}","description":"Size of the LVM partition required for swap space in GiB.","name":"LvmVolumeSizeSwap","value":"20","id":"7c0f7b21-2bb4-4060-b4a6-be3916da256a","type":"number"},{"editable":true,"visible":false,"constraints":"{\"unit\":\"GiB\"}","description":"Size of the LVM partition required for /usr/sap in GiB.","name":"LvmVolumeSizeSap","value":"5","id":"260379bc-f1a5-4dda-a70d-422aaa69e343","type":"number"},{"editable":true,"visible":false,"constraints":"{\"regex\":\"\",\"helpText\":\"\"}","description":"Directory on the software share that contains the SAP HANA installation media.","name":"DepotSapDirectory","value":"SAP_HANA_PLATFORM_20_SPS03","id":"4844939e-f0ae-4878-831d-77b5eefc7e83","type":"string"},{"editable":true,"visible":false,"constraints":"{\"unit\":\"GiB\"}","description":"Size of the LVM partition required for /hana in GiB.","name":"LvmVolumeSizeHana","value":"100","id":"63dcdc17-9292-458b-99cc-b685e7e02f8c","type":"number"},{"editable":true,"visible":true,"constraints":"{\"ipv4static\":true,\"ipv4dhcp\":true,\"ipv4disable\":true,\"parameters\":[\"dns1\",\"dns2\",\"domain\",\"gateway\",\"ipaddress\",\"mac\",\"netmask\"]}","description":"","name":"ManagementNIC2","value":"","id":"24bcdee0-b3f4-4449-ba06-bf7af81ee1d5","type":"nic"},{"editable":true,"visible":false,"constraints":"{\"options\":[\"False\",\"True\"]}","description":"Defines if the SAP HANA database shall be updated. Possible values are true and false.","name":"HanaUpdate","value":"False","id":"1d1eb470-a2da-4b23-a20a-154df5144a30","type":"option"},{"editable":true,"visible":false,"constraints":"{\"options\":[\"cifs\",\"nfs\"]}","description":"Network protocol for the software share. Either CIFS or NFS is supported.","name":"DepotMountType","value":"cifs","id":"ad4bca75-f7ec-4e55-91ff-c1dfaab88f88","type":"option"},{"editable":true,"visible":false,"constraints":"{\"helpText\":\"\"}","description":"IP-Address of the software share.","name":"DepotHost","value":"172.16.12.22","id":"4d077718-a646-4113-a221-310e40e5a924","type":"ipv4"},{"editable":true,"visible":true,"constraints":"{\"regex\":\"^(?!(98|99))[0-9]{2}$\",\"helpText\":\"\"}","description":"The two-digit SAP HANA Database Instance Number. Rules for SAP Instance Number apply.","name":"HanaInstanceNumber","value":"00","id":"714b2189-2e03-4801-899b-2f2a568fce8b","type":"string"},{"editable":true,"visible":true,"constraints":"{\"minlen\":\"6\",\"maxlen\":\"64\"}","description":"The master password of the SAP HANA database that will be used for all SAP HANA users.","name":"HanaMasterPassword","value":"","id":"cffe36d1-46ae-4794-9eee-bf2c8bc66923","type":"password"},{"editable":true,"visible":false,"constraints":"{\"regex\":\"\",\"helpText\":\"\"}","description":"Name of the LVM partition used for /hana directory.","name":"LvmVolumeNameHana","value":"hana","id":"a497d342-2e51-4938-923f-92f32c03845e","type":"string"},{"editable":true,"visible":true,"constraints":"{\"options\":[\"Yes\",\"No\"]}","description":"Sets the autostart option for HANA after a system reboot. Possible values are Yes and No.","name":"HanaStartAfterReboot","value":"Yes","id":"a4b732b5-c498-488f-a9ef-8d2bf709e7a5","type":"option"},{"editable":true,"visible":true,"constraints":"{\"regex\":\"\",\"helpText\":\"\"}","description":"Domain name of the host.","name":"DomainName","value":"","id":"1f61bcf5-2dea-4d92-b52c-e0d8a0f53342","type":"string"},{"editable":true,"visible":false,"constraints":"{\"regex\":\"\",\"helpText\":\"\"}","description":"Local installation directory for the SAP HANA database. The installation script, local input file and all installation logfiles will be stored here.","name":"InstallDirectory","value":"/root/hpe_ai","id":"a0ab5c2a-6ad5-4fd7-8b78-1238a819933d","type":"string"},{"editable":true,"visible":false,"constraints":"{\"regex\":\"\",\"helpText\":\"\",\"options\":[\"swap\"]}","description":"Name of the LVM partition used for swap space.","name":"LvmVolumeNameSwap","value":"swap","id":"dc1ff0d7-a604-4dc5-8508-fc021c111779","type":"string"},{"editable":true,"visible":false,"constraints":"{\"regex\":\"\",\"helpText\":\"\"}","description":"Name of the LVM partition used for /usr/sap directory.","name":"LvmVolumeNameSap","value":"sap","id":"b7506d7d-75e0-4e5f-9493-70e03ef71c35","type":"string"},{"editable":true,"visible":false,"constraints":"{\"maxlen\":\"64\"}","description":"Password for the CIFS software share. For NFS, either delete this attribute in plan script \"HPE - SLES12 – SAP HANA DB - create local input file\" or enter a dummy value.","name":"DepotCifsPassword","value":"password","id":"cc9efb17-efeb-473f-acf9-77395bd12f9c","type":"password"},{"editable":true,"visible":false,"constraints":"{\"regex\":\"\",\"helpText\":\"\"}","description":"Name of the LVM volume group for the SAP HANA database installation.","name":"LvmVolumeGroupName","value":"sapdata","id":"0d7d1679-c78c-4d80-aaea-f5ac094487ae","type":"string"},{"editable":true,"visible":false,"constraints":"{\"regex\":\"\",\"helpText\":\"\"}","description":"Name of the software share.","name":"DepotShareName","value":"SWDEPOT","id":"fa7f2353-12e5-4806-b84d-76a3b68b2e29","type":"string"},{"editable":true,"visible":true,"constraints":"{\"minlen\":\"8\",\"maxlen\":\"64\",\"options\":[\"\"]}","description":"New password for the root user.","name":"NewRootPassword","value":"","id":"9b7abc6b-0c7f-471c-8a39-9ed851488a9e","type":"password"}],"importMetadata":false,"eTag":null,"created":null,"modified":null,"oeBuildPlanURI":"HPE - SLES12 - SAP HANA DB - deploy - 2018-06-01","goldenImageURI":null,"category":null,"description":"Deploy SAP HANA into a SLES12 golden image.\n\n(c) Copyright 2018 Hewlett Packard Enterprise Development LP. Licensed under the Apache License, Version 2.0  (the \"License\");...","status":null,"uri":null,"name":"HPE - SLES12 - SAP HANA DB - deploy - 2018-06-01","id":"c9824731-f03b-4611-878b-fd72930d63e3","state":null}