{"type":"OeBuildPlan","uri":null,"category":null,"eTag":null,"created":null,"modified":null,"buildPlanid":"3ff1a5be-f1ca-45d6-ba35-32f0acd3ad02","name":"RHEL7.4_SQL_Serviceguard cluster node build Plan","description":"Deploy Serviceguard cluster node with SQL server instance (c) Copyright 2018 Hewlett Packard Enterprise Development LP Licensed under the Apache License, Version 2.0 (the \"License\");...","status":null,"hpProvided":true,"oeBuildPlanType":"deploy","buildStep":[{"planScriptUri":"/rest/plan-scripts/9afd95ad-671c-470c-b5ca-75a9ee4c5815","serialNumber":"1","parameters":null,"planScriptName":"RHEL-mount-and-validate-2017-12-12"},{"planScriptUri":"/rest/plan-scripts/c8474665-2169-4383-81d6-76c4b5671190","serialNumber":"2","parameters":null,"planScriptName":"NIC Teaming for HeartBeat and Stationary_IP for Serviceguard"},{"planScriptUri":"/rest/plan-scripts/030942ac-91ee-412e-baee-47c8090eafaf","serialNumber":"3","parameters":null,"planScriptName":"RHEL-configure-hostname-2017-12-12"},{"planScriptUri":"/rest/plan-scripts/8b06a05e-56ed-4238-9017-69d73ebf0093","serialNumber":"4","parameters":null,"planScriptName":"SQLConfig"},{"planScriptUri":"/rest/plan-scripts/474f561f-bf8e-44fa-86d5-d51c35a7924d","serialNumber":"5","parameters":null,"planScriptName":"RHEL  –Configure sshkey and deploy cluster"},{"planScriptUri":"/rest/plan-scripts/4a99779d-df8a-485f-8d7e-4788d0cd4d4a","serialNumber":"6","parameters":null,"planScriptName":"RHEL-unmount-2017-12-12"}],"customAttributes":[{"name":"TeamSNIC1","description":"","value":"","constraints":"{\"ipv4static\":true,\"ipv4dhcp\":false,\"ipv4disable\":false,\"parameters\":[\"dns1\",\"dns2\",\"domain\",\"gateway\",\"ipaddress\",\"mac\",\"netmask\"]}","type":"nic"},{"name":"Node3Hostname","description":"","value":"","constraints":"{}","type":"string"},{"name":"DomainName","description":"","value":"","constraints":"{\"helpText\":\"\"}","type":"fqdn"},{"name":"QuorumServer","description":"","value":"","constraints":"{\"regex\":\"\",\"helpText\":\"\"}","type":"string"},{"name":"NICTeamHBName","description":"","value":"TeamHB","constraints":"{\"regex\":\"\",\"helpText\":\"\"}","type":"string"},{"name":"MSSQL_SA_Password","description":"","value":"","constraints":"{\"maxlen\":\"20\"}","type":"password"},{"name":"MSSQL_Version","description":"","value":"evaluation","constraints":"{\"options\":[\"evaluation\",\"developer\",\"web\"]}","type":"option"},{"name":"TeamHBNIC2","description":"","value":"","constraints":"{\"ipv4static\":true,\"ipv4dhcp\":true,\"ipv4disable\":false,\"parameters\":[\"mac\"]}","type":"nic"},{"name":"Node1Hostname","description":"","value":"","constraints":"{}","type":"string"},{"name":"TeamHBNIC1","description":"","value":"","constraints":"{\"ipv4static\":true,\"ipv4dhcp\":false,\"ipv4disable\":false,\"parameters\":[\"dns1\",\"dns2\",\"domain\",\"ipaddress\",\"mac\",\"netmask\"]}","type":"nic"},{"name":"NICTeamSName","description":"","value":"TeamS","constraints":"{\"regex\":\"\",\"helpText\":\"\"}","type":"string"},{"name":"Node2Hostname","description":"","value":"","constraints":"{}","type":"string"},{"name":"ClusterName","description":"","value":"","constraints":"{\"regex\":\"\",\"helpText\":\"\"}","type":"string"},{"name":"RootUserPassword","description":"","value":"","constraints":"{\"maxlen\":\"20\"}","type":"password"},{"name":"TeamSNIC2","description":"","value":"","constraints":"{\"ipv4static\":true,\"ipv4dhcp\":true,\"ipv4disable\":false,\"parameters\":[\"mac\"]}","type":"nic"},{"name":"HostName","description":"","value":"","constraints":"{\"regex\":\"\",\"helpText\":\"\"}","type":"string"}],"dependentArtifacts":null}