{"type":"PlanScript","uri":null,"category":null,"eTag":null,"created":null,"modified":null,"id":"474f561f-bf8e-44fa-86d5-d51c35a7924d","name":"RHEL  –Configure sshkey and deploy cluster","description":"Configure ssh keys for root account and configure the Serviceguard cluster","status":null,"state":null,"planType":"deploy","content":"# (c) Copyright 2018 Hewlett Packard Enterprise Development LP\n#\n# Licensed under the Apache License, Version 2.0 (the \"License\");\n# you may not use this file except in compliance with the License.\n# You may obtain a copy of the License at http://www.apache.org/licenses/LICENSE-2.0\n#\n# Unless required by applicable law or agreed to in writing, software distributed\n# under the License is distributed on an \"AS IS\" BASIS, WITHOUT WARRANTIES OR\n# CONDITIONS OF ANY KIND, either express or implied. See the License for the\n# specific language governing permissions and limitations under the License.\n#\n#\n# Creating sshkeySGCludep.sh and it distributes SSH keys across node and #configure the Serviceguard cluster, when executed from third Serviceguard #cluster node for first time boot.\n#\n#\n\nmkdir /root/bootstrap\n\n#\n# Creating sshkeySGCludep.sh\n#\nupload -<<END /root/bootstrap/sshkeySGCludep.sh\n\n#! /bin/bash\n#\n# \n# Check if all three cluster nodes are up\n#\nping -c1 @Node1Hostname@\nnode1pingret=$(echo $?)\nping -c1 @Node2Hostname@\nnode2pingret=$(echo $?)\nping -c1 @Node3Hostname@\nnode3pingret=$(echo $?)\nping -c1 @QuorumServer@\nQuorumpingret=$(echo $?)\n\nif [ \"$node1pingret\" -eq 0 ] && [ \"$node2pingret\" -eq 0 ] && [ \"$node3pingret\" -eq 0 ]; then\n\t\n\t# Creating ssh keys in the local machine (Node 3)\n\t\n\tssh-keygen -b 1024 -f /root/.ssh/id_rsa -N \"\" ;\n\t\n\t# Node 3 and Node 1 - copying ssh keys\n\t\n\tsshpass -p @RootUserPassword@ ssh-copy-id  -o StrictHostKeyChecking=no root@@Node1Hostname@ ;\n\t\n\tsleep 5; ssh-add; ssh root@@Node1Hostname@ \"(ssh-keygen -N \\\"\\\" -b 1024 -f /root/.ssh/id_rsa; \\\n\tsshpass -p @RootUserPassword@ ssh-copy-id  -o StrictHostKeyChecking=no root@@Node3Hostname@ ;)\"\n\t\n\t\n\t# Node 3 and Node 2 - copying ssh keys\n\t\n\tsshpass -p @RootUserPassword@ ssh-copy-id  -o StrictHostKeyChecking=no root@@Node2Hostname@ ;\n\tsleep 5; ssh-add; ssh root@@Node2Hostname@ \"(ssh-keygen -N \\\"\\\" -b 1024 -f /root/.ssh/id_rsa; \\\n\tsshpass -p @RootUserPassword@ ssh-copy-id  -o StrictHostKeyChecking=no root@@Node3Hostname@ ;)\"\n\t\n\t# Node 1 and Node 2 - copying ssh keys\n\t\n\t# logging into Node 1\n\n    ssh root@@@Node1Hostname@ \"(sshpass -p @RootUserPassword@ ssh-copy-id  -o StrictHostKeyChecking=no root@@Node2Hostname@;)\"\n\t\n\tsleep 5; ssh-add; ssh root@@@Node2Hostname@ \"(sshpass -p @RootUserPassword@ ssh-copy-id  -o StrictHostKeyChecking=no root@@Node1Hostname@;)\"\t\n\t\n\t# Configuring the Seviceguard 3 node cluster.\n\n    if [ \"$Quorumpingret\" -eq 0 ]; then\n\t\n\techo \"StrictHostKeyChecking no\" >> /etc/ssh/ssh_config\n\tservice sshd restart\n\t\n\tcmdeploycl -n @Node1Hostname@ -n @Node2Hostname@ -n @Node3Hostname@ -c @ClusterName@ -q @QuorumServer@\n\tsed -i -e 's/StrictHostKeyChecking/#StrictHostKeyChecking/g' /etc/ssh/ssh_config\n    service sshd restart\n\t\n\t# Modify the Serviceguard cluster configuration file.\n\t\n\tcp /usr/local/cmcluster/conf/sgeasy/cluster.ascii /usr/local/cmcluster/conf/sgeasy/cluster.ascii_ORG\n    for i in `cat /usr/local/cmcluster/conf/sgeasy/cluster.ascii | grep -A 1 ibft | grep _IP | awk '{print $2}'`\n    do\n\t\tlineoutput=`ip route | grep $i`\n\t\tif [[ -n $$lineoutput ]]; then\n\t\t\tsubnet=`echo $lineoutput | awk -F/ '{print $1}'`\n\t\t\tline_number=`cat /usr/local/cmcluster/conf/sgeasy/cluster.ascii | grep -n $subnet | awk -F: '{print $1}'`\n\n\t\t\tif [[ -n \"$line_number\" ]] && [[ \"$line_number\" -gt 0 ]]; then\n\t\t\t\t\tsed -e $line_number'd' /usr/local/cmcluster/conf/sgeasy/cluster.ascii > /usr/local/cmcluster/conf/sgeasy/cluster_mod.ascii\n\t\t\t\t\tcp /usr/local/cmcluster/conf/sgeasy/cluster_mod.ascii  /usr/local/cmcluster/conf/sgeasy/cluster.ascii\n\n\t\t\t\t\tsed -e $line_number'd' /usr/local/cmcluster/conf/sgeasy/cluster.ascii > /usr/local/cmcluster/conf/sgeasy/cluster_mod.ascii\n\t\t\t\t\tcp /usr/local/cmcluster/conf/sgeasy/cluster_mod.ascii  /usr/local/cmcluster/conf/sgeasy/cluster.ascii\n\n\t\t\tfi\n\t\tfi\n\t\t\n    grep -v $i /usr/local/cmcluster/conf/sgeasy/cluster.ascii > /usr/local/cmcluster/conf/sgeasy/cluster_mod.ascii\n    cp /usr/local/cmcluster/conf/sgeasy/cluster_mod.ascii  /usr/local/cmcluster/conf/sgeasy/cluster.ascii \n    done\n    grep -v ibft /usr/local/cmcluster/conf/sgeasy/cluster.ascii > /usr/local/cmcluster/conf/sgeasy/cluster_mod.ascii\n    cp /usr/local/cmcluster/conf/sgeasy/cluster_mod.ascii  /usr/local/cmcluster/conf/sgeasy/cluster.ascii \n\t\n\t/usr/local/cmcluster/bin/cmapplyconf -v -C /usr/local/cmcluster/conf/sgeasy/cluster.ascii\n\n    cmruncl\n\tfi\n    \n\nfi\nexit 0\nEND\n\n#\n#\nchmod 754 /root/bootstrap/sshkeySGCludep.sh\n\necho \"==== cat /root/bootstrap/sshkeySGCludep.sh ====\"\ncat /root/bootstrap/sshkeySGCludep.sh\n\n\n\n# add this file to rc.local so that it will be executed at first boot\n#\n#!echo \"sh /root/bootstrap/sshkeySGCludep.sh\" >> ./rc.local\n!echo \"su - root -c /root/bootstrap/sshkeySGCludep.sh\" >> ./rc.local","customAttributes":null,"hpProvided":true,"dependentArtifacts":null}