{"type":"OEDeploymentPlan","hpProvided":true,"customAttributes":[{"constraints":"{\"regex\":\"\",\"helpText\":\"\"}","visible":false,"editable":true,"description":"Local mountpoint on the deployed host for the \nsoftware share. The directory will be created during deployment.","name":"DepotLocalMountpoint","value":"/swdepot","id":"e7f2e00e-cb90-494c-9347-f0b7fced60a3","type":"string"},{"constraints":"{\"options\":[\"Enabled\",\"Disabled\"]}","visible":true,"editable":true,"description":"Defines if SSH shall be enabled on the deployed OS. Possible values are Enabled or Disabled.","name":"SSH","value":"Enabled","id":"9835d518-043c-4883-ac4d-7c8a3fd61c52","type":"option"},{"constraints":"{\"regex\":\"^(?!(ADD|ALL|AMD|AND|ANY|ARE|ASC|AUX|AVG|BIT|CDC|COM|CON|DBA|END|EPS|FOR|GET|GID|IBM|INT|KEY|LOG|LPT|MAP|MAX|MIN|MON|NIX|NOT|NUL|OFF|OLD|OMS|OUT|PAD|PRN|RAW|REF|ROW|SAP|SET|SGA|SHG|SID|SQL|SUM|SYS|TMP|TOP|UID))([A-Z][A-Z0-9]{2})$\",\"helpText\":\"\"}","visible":true,"editable":true,"description":"The SAP System Identification of the SAP HANA database host. Rules for SAP System ID definition apply.","name":"HanaSID","value":"","id":"f3ca5f51-a739-4870-b691-5b09c77e715e","type":"string"},{"constraints":"{\"regex\":\"^(?!(98|99))[0-9]{2}$\",\"helpText\":\"\"}","visible":true,"editable":true,"description":"The two-digit SAP HANA Database Instance Number. Rules for SAP Instance Number apply.","name":"HanaInstanceNumber","value":"00","id":"32aa9b60-3902-455e-bb6e-89d1cd2a0c5e","type":"string"},{"constraints":"{\"regex\":\"\",\"helpText\":\"\"}","visible":false,"editable":true,"description":"Name of the software share.","name":"DepotShareName","value":"[DepotShareName]","id":"a8169aa1-dfb4-48c9-8fd3-6990949545ac","type":"string"},{"constraints":"{\"minlen\":\"6\",\"maxlen\":\"64\"}","visible":true,"editable":true,"description":"The master password of the SAP HANA database that will be used for all SAP HANA users.","name":"HanaMasterPassword","value":"","id":"a8509a8c-c59a-48a0-93a6-821d3c398022","type":"password"},{"constraints":"{\"ipv4static\":true,\"ipv4dhcp\":true,\"ipv4disable\":false,\"parameters\":[\"dns1\",\"dns2\",\"domain\",\"gateway\",\"ipaddress\",\"mac\",\"netmask\"]}","visible":true,"editable":true,"description":"NIC1 on the management network.","name":"ManagementNIC1","value":null,"id":"bcc6e24f-c66e-4831-8cad-126f06c1c75f","type":"nic"},{"constraints":"{\"regex\":\"\",\"helpText\":\"\"}","visible":false,"editable":true,"description":"Name of the LVM partition used for /hana directory.","name":"LvmVolumeNameHana","value":"hana","id":"f767df92-6240-4f96-a4d3-da9ffe4be775","type":"string"},{"constraints":"{\"options\":[\"Yes\",\"No\"]}","visible":true,"editable":true,"description":"Sets the autostart option for HANA after a system reboot. Possible values are Yes and No.","name":"HanaStartAfterReboot","value":"Yes","id":"d210e406-063c-457c-8d46-33c49fc078af","type":"option"},{"constraints":"{\"unit\":\"GiB\"}","visible":false,"editable":true,"description":"Size of the LVM partition required for /usr/sap in GiB.","name":"LvmVolumeSizeSap","value":"5","id":"e0ee2652-d94e-492d-9c9f-6840ed2bcdff","type":"number"},{"constraints":"{\"unit\":\"GiB\"}","visible":false,"editable":true,"description":"Size of the LVM partition required for swap space in GiB.","name":"LvmVolumeSizeSwap","value":"20","id":"3a8f97e8-ae65-4121-8d9a-9ed75a34e763","type":"number"},{"constraints":"{\"helpText\":\"\"}","visible":true,"editable":true,"description":"Full hostname (FQDN) for the deployed OS.","name":"DomainName","value":"","id":"5b692669-3a8f-4834-bc4a-e7708a5b76cc","type":"fqdn"},{"constraints":"{\"ipv4static\":true,\"ipv4dhcp\":true,\"ipv4disable\":true,\"parameters\":[\"dns1\",\"dns2\",\"domain\",\"gateway\",\"ipaddress\",\"mac\",\"netmask\"]}","visible":true,"editable":true,"description":"NIC2 on the management network.","name":"ManagementNIC2","value":null,"id":"4d8a10a6-4013-4b8f-9ec3-f306d401e688","type":"nic"},{"constraints":"{\"regex\":\"\",\"helpText\":\"\"}","visible":false,"editable":true,"description":"Local installation directory for the SAP HANA database. The installation script, local input file and all installation logfiles will be stored here.","name":"InstallDirectory","value":"/root/hpe_ai","id":"578148a4-d16a-4d59-bf10-697e5a6e56df","type":"string"},{"constraints":"{\"unit\":\"GiB\"}","visible":false,"editable":true,"description":"Size of the LVM partition required for /hana in GiB.","name":"LvmVolumeSizeHana","value":"100","id":"0c922589-8105-43fd-9aeb-592a3babae71","type":"number"},{"constraints":"{\"regex\":\"\",\"helpText\":\"\",\"options\":[\"swap\"]}","visible":false,"editable":true,"description":"Name of the LVM partition used for swap space.","name":"LvmVolumeNameSwap","value":"swap","id":"f689cca6-2da7-4336-80c1-df59c260e4ef","type":"string"},{"constraints":"{\"regex\":\"\",\"helpText\":\"\"}","visible":false,"editable":true,"description":"Username for the CIFS software share. For NFS, either delete this attribute in plan script \"HPE - SLES12 – SAP HANA DB - create local input\" file or enter a dummy value.","name":"DepotCifsUsername","value":"[DepotCifsUsername]","id":"191811af-7a01-4066-a07b-b1cc12225c99","type":"string"},{"constraints":"{\"regex\":\"\",\"helpText\":\"\"}","visible":false,"editable":true,"description":"Name of the LVM partition used for /usr/sap directory.","name":"LvmVolumeNameSap","value":"sap","id":"20dbcd34-7a51-4514-86ea-5e5043244c43","type":"string"},{"constraints":"{\"regex\":\"\",\"helpText\":\"\"}","visible":false,"editable":true,"description":"Name of the LVM volume group for the SAP HANA database installation.","name":"LvmVolumeGroupName","value":"sapdata","id":"169ddd1f-00f0-45db-8ae6-46c9e8707fc1","type":"string"},{"constraints":"{\"maxlen\":\"64\"}","visible":false,"editable":true,"description":"Password for the CIFS software share. For NFS, either delete this attribute in plan script \"HPE - SLES12 – SAP HANA DB - create local input file\" or enter a dummy value.","name":"DepotCifsPassword","value":"[DepotCifsPassword]","id":"7c399acc-68d6-4558-ba6b-1749db14aabf","type":"password"},{"constraints":"{\"minlen\":\"8\",\"maxlen\":\"64\",\"options\":[\"\"]}","visible":true,"editable":true,"description":"New password for the root user.","name":"NewRootPassword","value":"","id":"1874089b-f04a-49d5-9ce8-44fab3644ad1","type":"password"},{"constraints":"{\"regex\":\"\",\"helpText\":\"\"}","visible":false,"editable":true,"description":"Directory on the software share that contains the SAP HANA installation media.","name":"DepotSapDirectory","value":"[DepotSapDirectory]","id":"a2fa5a3a-9ed6-4c10-b7f3-eb33097f2998","type":"string"},{"constraints":"{\"helpText\":\"\"}","visible":false,"editable":true,"description":"IP-Address of the software share.","name":"DepotHost","value":"[DepotHost]","id":"4a651724-cf97-4720-ac31-cfc7e673c360","type":"ipv4"},{"constraints":"{\"options\":[\"cifs\",\"nfs\"]}","visible":false,"editable":true,"description":"Network protocol for the software share. Either CIFS or NFS is supported.","name":"DepotMountType","value":"cifs","id":"2a560ea7-7f1f-4971-af9f-503dd1aab83f","type":"option"}],"importMetadata":false,"eTag":null,"created":null,"modified":null,"goldenImageURI":"","oeBuildPlanURI":"HPE - SLES12 - SAP HANA DB - deploy - 2017-10-20","description":"Deploy SAP HANA into a SLES12 golden image.\n\n(c) Copyright 2017 Hewlett Packard Enterprise Development LP. Licensed under the Apache License, Version 2.0  (the \"License\");...","category":null,"uri":null,"status":null,"name":"HPE - SLES12 - SAP HANA DB - deploy - 2017-10-20","id":"152765b4-0869-4e9a-9fb0-36a1ded68ec3","state":null}