{"type":"OeBuildPlan","dependentArtifacts":null,"customAttributes":[],"buildStep":[{"planScriptName":"HPE - SLES12 - SAP HANA DB - mount generalize - 2017-10-20","planScriptUri":"/rest/plan-scripts/3940f4df-65cd-46ec-8eee-abe4ecc619fc","serialNumber":"1","parameters":null},{"planScriptName":"HPE - SLES12 - SAP HANA DB - generalize host - 2017-10-20","planScriptUri":"/rest/plan-scripts/96753b8d-600e-42b5-b5b9-150cfa5aa044","serialNumber":"2","parameters":null},{"planScriptName":"HPE - SLES12 - SAP HANA DB - generalize network - 2017-10-20","planScriptUri":"/rest/plan-scripts/aae9e67b-a92d-467b-8562-ed0d82d10fee","serialNumber":"3","parameters":null},{"planScriptName":"HPE - SLES12 - SAP HANA DB - unmount generalize - 2017-10-20","planScriptUri":"/rest/plan-scripts/9d25b407-ff63-48f9-83e3-77761f82272c","serialNumber":"4","parameters":null}],"eTag":null,"created":null,"modified":null,"hpProvided":true,"buildPlanid":"18835eb4-e616-483e-ac31-c880557d0ebf","oeBuildPlanType":"capture","description":"Removes personalization settings from SLES12.\n\n(c) Copyright 2017 Hewlett Packard Enterprise Development LP. Licensed under the Apache License, Version 2.0  (the \"License\");...","category":null,"uri":null,"status":null,"name":"HPE - SLES12 - SAP HANA DB - generalize - 2017-10-20"}