{"type":"PlanScript","dependentArtifacts":null,"hpProvided":true,"eTag":null,"created":null,"modified":null,"customAttributes":null,"planType":"capture","description":"Mount root partition for generalization.","category":null,"uri":null,"status":null,"name":"HPE - SLES12 - SAP HANA DB - mount generalize - 2017-10-20","id":"3940f4df-65cd-46ec-8eee-abe4ecc619fc","state":null,"content":"# (c) Copyright 2017 Hewlett Packard Enterprise Development LP\n#\n# Licensed under the Apache License, Version 2.0 (the \"License\");\n# you may not use this file except in compliance with the License.\n# You may obtain a copy of the License at http://www.apache.org/licenses/LICENSE-2.0\n#\n# Unless required by applicable law or agreed to in writing, software distributed\n# under the License is distributed on an \"AS IS\" BASIS, WITHOUT WARRANTIES OR\n# CONDITIONS OF ANY KIND, either express or implied. See the License for the\n# specific language governing permissions and limitations under the License.\n\n# List the Volume Groups and Logical Volumes\nvgs\nlvs\nlist-filesystems\n\n# Mount the root partition\nmount /dev/sda3 /\n\n# Create temporary directory\nmkdir-p /tmp/ImageStreamer\n\n# Validate the image\ndownload /etc/os-release ./os-release\n\nupload -<<END /tmp/ImageStreamer/validate_image\n#!/bin/bash\n\nfile=\"./os-release\"\nexp_os=\"SLES\"\nexp_ver=\"12\"\n\nif [ -f \"$file\" ]; then\n    os_name=`awk '/^NAME=/ {print $1}' ./os-release | sed 's/\"//g' | cut -d= -f2`\n    version_id=`awk '/^VERSION_ID=/ {print $1}' ./os-release | sed 's/\"//g' | cut -d= -f2 | cut -d. -f1`\n    if [ \"$os_name\" = \"$exp_os\" ]; then\n        # Validate version \n        if [ \"$version_id\" = \"$exp_ver\" ]; then\n            version_id=`awk '/^VERSION_ID=/ {print $1}' ./os-release | sed 's/\"//g' | cut -d= -f2`\n            echo \"##########################\"\n            echo \"Image validation successfully completed!!!\"\n            echo \"Detected OS: $os_name $version_id\"\n            echo \"Operating system is matching with the expected Operating System\"\n            echo \"##########################\"\n        else\n            echo \"##########################\"\n            echo \"Image validation failed : Operating system is NOT matching with the expected Operating System\"\n            echo \"Please ensure that the Golden Image is of SLES 12.\"\n            echo \"##########################\"\n            exit 1\n        fi\n    fi\nelse\n    echo \"##########################\"\n    echo \"Image validation failed : Operating system is NOT matching with the expected Operating System\"\n    echo \"Please ensure that the Golden Image is of SLES 12.\"\n    echo \"##########################\"\n    exit 1\nfi\nEND\n\ndownload /tmp/ImageStreamer/validate_image ./validate_image\n!source ./validate_image"}