{"type":"OeBuildPlan","dependentArtifacts":null,"customAttributes":[{"constraints":"{\"options\":[\"Enabled\",\"Disabled\"]}","description":"Defines if SSH shall be enabled on the deployed OS. Possible values are Enabled or Disabled.","name":"SSH","value":"Enabled","type":"option"},{"constraints":"{\"regex\":\"\",\"helpText\":\"\"}","description":"Name of the LVM partition used for /hana directory.","name":"LvmVolumeNameHana","value":"hana","type":"string"},{"constraints":"{\"options\":[\"cifs\",\"nfs\"]}","description":"Network protocol for the software share. Either CIFS or NFS is supported.","name":"DepotMountType","value":"cifs","type":"option"},{"constraints":"{\"regex\":\"^(?!(ADD|ALL|AMD|AND|ANY|ARE|ASC|AUX|AVG|BIT|CDC|COM|CON|DBA|END|EPS|FOR|GET|GID|IBM|INT|KEY|LOG|LPT|MAP|MAX|MIN|MON|NIX|NOT|NUL|OFF|OLD|OMS|OUT|PAD|PRN|RAW|REF|ROW|SAP|SET|SGA|SHG|SID|SQL|SUM|SYS|TMP|TOP|UID))([A-Z][A-Z0-9]{2})$\",\"helpText\":\"\"}","description":"The SAP System Identification of the SAP HANA database host. Rules for SAP System ID definition apply.","name":"HanaSID","value":"","type":"string"},{"constraints":"{\"regex\":\"\",\"helpText\":\"\"}","description":"Local mountpoint on the deployed host for the \nsoftware share. The directory will be created during deployment.","name":"DepotLocalMountpoint","value":"/swdepot","type":"string"},{"constraints":"{\"regex\":\"\",\"helpText\":\"\"}","description":"Name of the software share.","name":"DepotShareName","value":"","type":"string"},{"constraints":"{\"unit\":\"GiB\"}","description":"Size of the LVM partition required for /hana in GiB.","name":"LvmVolumeSizeHana","value":"100","type":"number"},{"constraints":"{\"regex\":\"\",\"helpText\":\"\"}","description":"Directory on the software share that contains the SAP HANA installation media.","name":"DepotSapDirectory","value":"","type":"string"},{"constraints":"{\"regex\":\"\",\"helpText\":\"\"}","description":"Name of the LVM volume group for the SAP HANA database installation.","name":"LvmVolumeGroupName","value":"sapdata","type":"string"},{"constraints":"{\"regex\":\"\",\"helpText\":\"\"}","description":"Username for the CIFS software share. For NFS, either delete this attribute in plan script \"HPE - SLES12 – SAP HANA DB - create local input\" file or enter a dummy value.","name":"DepotCifsUsername","value":"","type":"string"},{"constraints":"{\"minlen\":\"6\",\"maxlen\":\"64\"}","description":"The master password of the SAP HANA database that will be used for all SAP HANA users.","name":"HanaMasterPassword","value":"","type":"password"},{"constraints":"{\"regex\":\"\",\"helpText\":\"\"}","description":"Local installation directory for the SAP HANA database. The installation script, local input file and all installation logfiles will be stored here.","name":"InstallDirectory","value":"/root/hpe_ai","type":"string"},{"constraints":"{\"maxlen\":\"64\"}","description":"Password for the CIFS software share. For NFS, either delete this attribute in plan script \"HPE - SLES12 – SAP HANA DB - create local input file\" or enter a dummy value.","name":"DepotCifsPassword","value":"","type":"password"},{"constraints":"{\"helpText\":\"\"}","description":"Full hostname (FQDN) for the deployed OS.","name":"DomainName","value":"","type":"fqdn"},{"constraints":"{\"regex\":\"\",\"helpText\":\"\",\"options\":[\"swap\"]}","description":"Name of the LVM partition used for swap space.","name":"LvmVolumeNameSwap","value":"swap","type":"string"},{"constraints":"{\"unit\":\"GiB\"}","description":"Size of the LVM partition required for swap space in GiB.","name":"LvmVolumeSizeSwap","value":"20","type":"number"},{"constraints":"{\"options\":[\"Yes\",\"No\"]}","description":"Sets the autostart option for HANA after a system reboot. Possible values are Yes and No.","name":"HanaStartAfterReboot","value":"Yes","type":"option"},{"constraints":"{\"unit\":\"GiB\"}","description":"Size of the LVM partition required for /usr/sap in GiB.","name":"LvmVolumeSizeSap","value":"5","type":"number"},{"constraints":"{\"minlen\":\"8\",\"maxlen\":\"64\",\"options\":[\"\"]}","description":"New password for the root user.","name":"NewRootPassword","value":"","type":"password"},{"constraints":"{\"regex\":\"\",\"helpText\":\"\"}","description":"Name of the LVM partition used for /usr/sap directory.","name":"LvmVolumeNameSap","value":"sap","type":"string"},{"constraints":"{\"ipv4static\":true,\"ipv4dhcp\":true,\"ipv4disable\":false,\"parameters\":[\"dns1\",\"dns2\",\"domain\",\"gateway\",\"ipaddress\",\"mac\",\"netmask\"]}","description":"","name":"ManagementNIC1","value":"","type":"nic"},{"constraints":"{\"regex\":\"^(?!(98|99))[0-9]{2}$\",\"helpText\":\"\"}","description":"The two-digit SAP HANA Database Instance Number. Rules for SAP Instance Number apply.","name":"HanaInstanceNumber","value":"00","type":"string"},{"constraints":"{\"ipv4static\":true,\"ipv4dhcp\":true,\"ipv4disable\":true,\"parameters\":[\"dns1\",\"dns2\",\"domain\",\"gateway\",\"ipaddress\",\"mac\",\"netmask\"]}","description":"","name":"ManagementNIC2","value":"","type":"nic"},{"constraints":"{\"helpText\":\"\"}","description":"IP-Address of the software share.","name":"DepotHost","value":"","type":"ipv4"}],"buildStep":[{"planScriptName":"HPE - SLES12 - SAP HANA DB - mount and validate - 2017-10-20","planScriptUri":"/rest/plan-scripts/04b7a703-92aa-4f84-b337-b5aecf597046","serialNumber":"1","parameters":null},{"planScriptName":"HPE - SLES12 - SAP HANA DB - configure multiple NICs - 2017-10-20","planScriptUri":"/rest/plan-scripts/0c5faa56-2e51-454d-b4ca-2006dec3f561","serialNumber":"2","parameters":null},{"planScriptName":"HPE - SLES12 - SAP HANA DB - change root password - 2017-10-20","planScriptUri":"/rest/plan-scripts/cc36732e-ad58-4d19-b103-6941f90e8384","serialNumber":"3","parameters":null},{"planScriptName":"HPE - SLES12 - SAP HANA DB - configure hostname - 2017-10-20","planScriptUri":"/rest/plan-scripts/e05b96bb-266a-4ad5-a7db-0a9fb5094d6a","serialNumber":"4","parameters":null},{"planScriptName":"HPE - SLES12 - SAP HANA DB - manage security services - 2017-10-20","planScriptUri":"/rest/plan-scripts/9250c1e9-db45-45af-828b-a2147c4479c7","serialNumber":"5","parameters":null},{"planScriptName":"HPE - SLES12 - SAP HANA DB - partition SAN disk using LVM - 2017-10-20","planScriptUri":"/rest/plan-scripts/9ae2166b-e62b-42eb-ac46-b8682fda77a5","serialNumber":"6","parameters":null},{"planScriptName":"HPE - SLES12 - SAP HANA DB - update OS settings - 2017-10-20","planScriptUri":"/rest/plan-scripts/f0f032ff-ab95-4d97-8078-6afdcaf089ec","serialNumber":"7","parameters":null},{"planScriptName":"HPE - SLES12 - SAP HANA DB - create local input file - 2017-10-20","planScriptUri":"/rest/plan-scripts/74475518-a779-4584-bc86-68846fb87deb","serialNumber":"8","parameters":null},{"planScriptName":"HPE - SLES12 - SAP HANA DB - create install script - 2017-10-20","planScriptUri":"/rest/plan-scripts/8524d4f8-1728-4b43-a538-58948d14a27e","serialNumber":"9","parameters":null},{"planScriptName":"HPE - SLES12 - SAP HANA DB - unmount - 2017-10-20","planScriptUri":"/rest/plan-scripts/b17cdf9b-f52c-4b5b-b023-813afcef28d5","serialNumber":"10","parameters":null}],"eTag":null,"created":null,"modified":null,"hpProvided":true,"buildPlanid":"58139bd4-abb3-4950-8c59-813b9f38311f","oeBuildPlanType":"deploy","description":"Install SAP HANA into a SLES 12 golden image.\n\n(c) Copyright 2017 Hewlett Packard Enterprise Development LP. Licensed under the Apache License, Version 2.0  (the \"License\");...","category":null,"uri":null,"status":null,"name":"HPE - SLES12 - SAP HANA DB - deploy - 2017-10-20"}