{"type":"PlanScript","dependentArtifacts":null,"hpProvided":true,"eTag":null,"created":null,"modified":null,"customAttributes":null,"planType":"deploy","description":"Creates the input file required for the SAP HANA installation.","category":null,"uri":null,"status":null,"name":"HPE - SLES12 - SAP HANA DB - create local input file - 2017-10-20","id":"74475518-a779-4584-bc86-68846fb87deb","state":null,"content":"# (c) Copyright 2017 Hewlett Packard Enterprise Development LP\n#\n# Licensed under the Apache License, Version 2.0 (the \"License\");\n# you may not use this file except in compliance with the License.\n# You may obtain a copy of the License at #http://www.apache.org/licenses/LICENSE-2.0\n#\n# Unless required by applicable law or agreed to in writing, software distributed\n# under the License is distributed on an \"AS IS\" BASIS, WITHOUT WARRANTIES #OR\n# CONDITIONS OF ANY KIND, either express or implied. See the License for the\n# specific language governing permissions and limitations under the License.\n\nmkdir-p @InstallDirectory:/root/hpe_ai@\n\nupload -<<END @InstallDirectory@/local_input.ini\n#\n# Software Depot parameters\n#\nscrDepotCifsPassword=\"@DepotCifsPassword@\"\nscrDepotCifsUsername=\"@DepotCifsUsername@\"\nscrDepotHost=\"@DepotHost@\"\nscrDepotLocalMountpoint=\"@DepotLocalMountpoint:/swdepot@\"\nscrDepotMountType=\"@DepotMountType:cifs@\"\nscrDepotShareName=\"@DepotShareName@\"\nscrDepotSapDirectory='@DepotSapDirectory@'\n#\n# SAP HANA Database parameters\n#\nscrHostnameFQDN_HDB='@DomainName@'\nscrSID_HDB='@HanaSID@'\nscrInstanceNumber_HDB='@HanaInstanceNumber:00@'\nscrMasterPW_HDB='@HanaMasterPassword@'\nscrAutostartAfterReboot='@HanaStartAfterReboot:yes@'\nEND\n\nchmod 0600 @InstallDirectory@/local_input.ini"}