{"type":"PlanScript","dependentArtifacts":null,"hpProvided":true,"eTag":null,"created":null,"modified":null,"customAttributes":null,"planType":"capture","description":"unmount volume after generalization","category":null,"uri":null,"status":null,"name":"HPE - SLES12 - SAP HANA DB - unmount generalize - 2017-10-20","id":"9d25b407-ff63-48f9-83e3-77761f82272c","state":null,"content":"# (c) Copyright 2017 Hewlett Packard Enterprise Development LP\n#\n# Licensed under the Apache License, Version 2.0 (the \"License\");\n# you may not use this file except in compliance with the License.\n# You may obtain a copy of the License at http://www.apache.org/licenses/LICENSE-2.0\n#\n# Unless required by applicable law or agreed to in writing, software distributed\n# under the License is distributed on an \"AS IS\" BASIS, WITHOUT WARRANTIES OR\n# CONDITIONS OF ANY KIND, either express or implied. See the License for the\n# specific language governing permissions and limitations under the License.\n\n# remove the temporary ImageStreamer directory\nrm-rf /tmp/ImageStreamer\n\n# unmount the root partition\nunmount /"}