{"type":"PlanScript","dependentArtifacts":null,"hpProvided":true,"eTag":null,"created":null,"modified":null,"customAttributes":null,"planType":"general","description":"Unmounts the root partition.","category":null,"uri":null,"status":null,"name":"HPE - SLES12 - SAP HANA DB - unmount - 2017-10-20","id":"b17cdf9b-f52c-4b5b-b023-813afcef28d5","state":null,"content":"# (c) Copyright 2017 Hewlett Packard Enterprise Development LP\n#\n# Licensed under the Apache License, Version 2.0 (the \"License\");\n# you may not use this file except in compliance with the License.\n# You may obtain a copy of the License at http://www.apache.org/licenses/LICENSE-2.0\n#\n# Unless required by applicable law or agreed to in writing, software distributed\n# under the License is distributed on an \"AS IS\" BASIS, WITHOUT WARRANTIES OR\n# CONDITIONS OF ANY KIND, either express or implied. See the License for the\n# specific language governing permissions and limitations under the License.\n\n!echo \"# Restore empty after.local\" >> ./after.local\n!echo \"mv -f /etc/init.d/after.local.backup /etc/init.d/after.local\" >> ./after.local\n\n# upload after.local\nupload ./after.local /etc/init.d/after.local\nchmod 0755 /etc/init.d/after.local\n\n# upload backup file\nupload ./after.local.backup /etc/init.d/after.local.backup\n\necho \"####\"\ncat /etc/init.d/after.local\necho \"####\"\n\n# remove the temporary ImageStreamer directory\nrm-rf /tmp/ImageStreamer\n\n# unmount the root partition\nunmount /"}