{"type":"PlanScript","dependentArtifacts":null,"hpProvided":true,"eTag":null,"created":null,"modified":null,"customAttributes":null,"planType":"deploy","description":"Sets the root user password.","category":null,"uri":null,"status":null,"name":"HPE - SLES12 - SAP HANA DB - change root password - 2017-10-20","id":"cc36732e-ad58-4d19-b103-6941f90e8384","state":null,"content":"# (c) Copyright 2017 Hewlett Packard Enterprise Development LP\n#\n# Licensed under the Apache License, Version 2.0 (the \"License\");\n# you may not use this file except in compliance with the License.\n# You may obtain a copy of the License at http://www.apache.org/licenses/LICENSE-2.0\n#\n# Unless required by applicable law or agreed to in writing, software distributed\n# under the License is distributed on an \"AS IS\" BASIS, WITHOUT WARRANTIES OR\n# CONDITIONS OF ANY KIND, either express or implied. See the License for the\n# specific language governing permissions and limitations under the License.\n\n# Change root's password by running with the master custom service\nupload -<<END /tmp/change_root_password\n#!/bin/bash\n\necho \"root:@NewRootPassword@\" | chpasswd\n\nunlink $0\nEND\n\n# Add script to after.local to run at boot time\n!echo \"# Change root password\" >> ./after.local\n!echo \"sh /tmp/change_root_password\" >> ./after.local"}