{"type":"PlanScript","dependentArtifacts":null,"hpProvided":true,"eTag":null,"created":null,"modified":null,"customAttributes":null,"planType":"deploy","description":"Customize kernel parameters and block devices for SAP HANA.","category":null,"uri":null,"status":null,"name":"HPE - SLES12 - SAP HANA DB - update OS settings - 2017-10-20","id":"f0f032ff-ab95-4d97-8078-6afdcaf089ec","state":null,"content":"# (c) Copyright 2017 Hewlett Packard Enterprise Development LP\n#\n# Licensed under the Apache License, Version 2.0 (the \"License\");\n# you may not use this file except in compliance with the License.\n# You may obtain a copy of the License at #http://www.apache.org/licenses/LICENSE-2.0\n#\n# Unless required by applicable law or agreed to in writing, software distributed\n# under the License is distributed on an \"AS IS\" BASIS, WITHOUT WARRANTIES #OR\n# CONDITIONS OF ANY KIND, either express or implied. See the License for the\n# specific language governing permissions and limitations under the License.\n\n# Add scsi_mod.use_blk_mq=1 and dm_mod.use_blk_mq=1\nupload -<<END /etc/modprobe.d/96-use_blk_mq.conf\n#This file has been created by Image Streamer.\noptions scsi_mod use_blk_mq=1\noptions dm_mod use_blk_mq=1\nEND\n\n\nmkdir-p /etc/saptune/extra\nupload -<<END /etc/saptune/extra/HPE-Recommended_OS_settings.conf\n#This file has been created by Image Streamer.\n######################################################\n# START: tuned profile 'saptune' extra settings\n######################################################\n#\n# 'saptune' extra (custimzed) settings\n#\n# Allows HPE SAP HANA specific tunings\n#\n[sysctl]\n####################################################\n# Settings 2016/04/12\n####################################################\n# Disable response to broadcasts.\n# You don't want yourself becoming a Smurf amplifier.\nnet.ipv4.icmp_echo_ignore_broadcasts = 1\n# enable route verification on all interfaces\nnet.ipv4.conf.all.rp_filter = 1\n# increase the number of possible inotify(7) watches\nfs.inotify.max_user_watches = 65536\n# avoid deleting secondary IPs on deleting the primary IP\nnet.ipv4.conf.default.promote_secondaries = 1\nnet.ipv4.conf.all.promote_secondaries = 1\n####################################################\n# TCP optimization 2016/04/12\n####################################################\n# from Emulex\nnet.core.rmem_default = 64000000\nnet.core.rmem_max = 64000000\nnet.core.wmem_default = 64000000\nnet.core.wmem_max = 64000000\nnet.ipv4.tcp_sack = 1\n# HANA network\nnet.ipv4.tcp_max_orphans = 562144\nnet.ipv4.tcp_max_tw_buckets = 1440000\nnet.ipv4.tcp_mem = 10000000 10000000 13000000\nnet.ipv4.tcp_wmem = 10000000 10000000 10000000\nnet.ipv4.tcp_rmem = 10000000 10000000 10000000\nnet.core.netdev_max_backlog = 600000\nnet.core.optmem_max = 640000000\nnet.ipv4.tcp_app_win = 31\nnet.ipv4.tcp_adv_win_scale = 2\nnet.ipv4.tcp_no_metrics_save = 1\nnet.ipv4.tcp_moderate_rcvbuf = 1\nnet.ipv4.udp_wmem_min = 16384\n# SAP Note: 2382421\n# \"Optimizing the Network Configuration on HANA and OS-Level\"\n# Version 10 from 25.08.2017 / 2017-08-25 (checked: 2017-08-31)\n# https://launchpad.support.sap.com/#/notes/2382421\n# SLES12 SP2 default setting(s):\nnet.ipv4.tcp_window_scaling  = 1\nnet.core.somaxconn = 4096\nnet.ipv4.tcp_max_syn_backlog = 8192\nnet.ipv4.ip_local_port_range = 1024 64999\nnet.ipv4.tcp_tw_reuse  = 1\nnet.ipv4.tcp_tw_recycle  = 1\nnet.ipv4.tcp_timestamps = 1\nnet.ipv4.tcp_syn_retries = 8\n######################################################\n# END:   tuned profile sap-hpe-hana settings\n######################################################\nEND\n\n\n# Enable saptune profiles\nupload -<<END /tmp/enable_saptune_profiles\n#!/bin/bash\n\nFL=\"force_latency\"\nFL_VAL=70\nSAPTUNE_CONF_FILE=\"/usr/lib/tuned/saptune/tuned.conf\"\ngrep -q $FL ${SAPTUNE_CONF_FILE} || sed -i '/\\[cpu\\]/a\\'$FL'='$FL_VAL'' ${SAPTUNE_CONF_FILE}\n\nsed -i 's/\\(^TUNE_FOR_NOTES=\\).*/\\1\\\"HPE\\\"/' /etc/sysconfig/saptune\n\nsaptune daemon stop\nsleep 2\nsaptune daemon start\nsleep 2\nsaptune solution simulate HANA\nsaptune solution apply HANA\nsaptune solution simulate S4HANA-DBSERVER\nsaptune solution apply S4HANA-DBSERVER\nsleep 2\nsaptune note apply HPE\n\nunlink $0\nEND\n\n# Add script to after.local to run on startup\n!echo \"# Enable saptune profiles\" >> ./after.local\n!echo \"sh /tmp/enable_saptune_profiles\" >> ./after.local\n\n\n# Configure disk max_sectors_kb\nupload -<<END /tmp/configure_disk_max_sectors_kb\n#!/bin/bash\n\nfunction nearest_PowerOf2 {\n    # Idea: https://stackoverflow.com/questions/33659076/rounding-to-nearest-power-of-two-in-bash\n    # modified: to return the nearest lower power of 2 for a given value\n    # E.g: '3500' -> '2048'\n    #      '2048' -> '2048'\n\n    A=$1\n    C=1\n    while [ $A -ne 1 ]; do\n        A=$((A>>1))\n        C=$((C<<1))\n    done\n    nearest_POW2=$C\n}\n\nfor dev in /sys/block/*\ndo\n    cur_max_hw_sectors_kb=$(cat $dev/queue/max_hw_sectors_kb)\n    nearest_PowerOf2 $cur_max_hw_sectors_kb\n    cur_max_hw_sectors_kb_adjusted=$nearest_POW2\n    cur_max_sectors_kb=$(cat $dev/queue/max_sectors_kb)\n    if [ \"$cur_max_hw_sectors_kb_adjusted\" -gt \"$cur_max_sectors_kb\" ]; then\n        echo \"$cur_max_hw_sectors_kb_adjusted\" > $dev/queue/max_sectors_kb\n    fi\ndone\n\nfor dev in /sys/block/sd*\ndo\n    echo \"128\" > $dev/queue/nr_requests\ndone\n\nunlink $0\nEND\n\n# Add script to after.local to run on startup\n!echo \"# Configure disk max_sectors_kb\" >> ./after.local\n!echo \"sh /tmp/configure_disk_max_sectors_kb\" >> ./after.local"}