{"type":"OeBuildPlan","dependentArtifacts":null,"customAttributes":[{"constraints":"{\"options\":[\"Enabled\",\"Disabled\"]}","description":"Defines if SSH shall be enabled on the deployed OS. Possible values are Enabled or Disabled.","name":"SSH","value":"Enabled","type":"option"},{"constraints":"{\"options\":[\"cifs\",\"nfs\"]}","description":"Network protocol for the software share. Either CIFS or NFS is supported.","name":"DepotMountType","value":"cifs","type":"option"},{"constraints":"{\"regex\":\"\",\"helpText\":\"\"}","description":"Name of the LVM partition used for /hana directory.","name":"LvmVolumeNameHana","value":"hana","type":"string"},{"constraints":"{\"regex\":\"\",\"helpText\":\"\"}","description":"Local mountpoint on the deployed host for the \nsoftware share. The directory will be created during deployment.","name":"DepotLocalMountpoint","value":"/swdepot","type":"string"},{"constraints":"{\"regex\":\"^(?!(ADD|ALL|AMD|AND|ANY|ARE|ASC|AUX|AVG|BIT|CDC|COM|CON|DBA|END|EPS|FOR|GET|GID|IBM|INT|KEY|LOG|LPT|MAP|MAX|MIN|MON|NIX|NOT|NUL|OFF|OLD|OMS|OUT|PAD|PRN|RAW|REF|ROW|SAP|SET|SGA|SHG|SID|SQL|SUM|SYS|TMP|TOP|UID))([A-Z][A-Z0-9]{2})$\",\"helpText\":\"\"}","description":"The SAP System Identification of the SAP HANA database host. Rules for SAP System ID definition apply.","name":"HanaSID","value":"","type":"string"},{"constraints":"{\"regex\":\"\",\"helpText\":\"\"}","description":"Name of the software share.","name":"DepotShareName","value":"","type":"string"},{"constraints":"{\"regex\":\"\",\"helpText\":\"\"}","description":"Directory on the software share that contains the SAP HANA installation media.","name":"DepotSapDirectory","value":"","type":"string"},{"constraints":"{\"unit\":\"GiB\"}","description":"Size of the LVM partition required for /hana in GiB.","name":"LvmVolumeSizeHana","value":"100","type":"number"},{"constraints":"{\"regex\":\"\",\"helpText\":\"\"}","description":"Name of the LVM volume group for the SAP HANA database installation.","name":"LvmVolumeGroupName","value":"sapdata","type":"string"},{"constraints":"{\"regex\":\"\",\"helpText\":\"\"}","description":"Username for the CIFS software share. For NFS, either delete this attribute in plan script \"HPE - SLES12 – SAP HANA DB - create local input\" file or enter a dummy value.","name":"DepotCifsUsername","value":"","type":"string"},{"constraints":"{\"regex\":\"\",\"helpText\":\"\"}","description":"Local installation directory for the SAP HANA database. The installation script, local input file and all installation logfiles will be stored here.","name":"InstallDirectory","value":"/root/hpe_ai","type":"string"},{"constraints":"{\"minlen\":\"6\",\"maxlen\":\"64\"}","description":"The master password of the SAP HANA database that will be used for all SAP HANA users.","name":"HanaMasterPassword","value":"","type":"password"},{"constraints":"{\"maxlen\":\"64\"}","description":"Password for the CIFS software share. For NFS, either delete this attribute in plan script \"HPE - SLES12 – SAP HANA DB - create local input file\" or enter a dummy value.","name":"DepotCifsPassword","value":"","type":"password"},{"constraints":"{\"helpText\":\"\"}","description":"Full hostname (FQDN) for the deployed OS.","name":"DomainName","value":"","type":"fqdn"},{"constraints":"{\"regex\":\"\",\"helpText\":\"\",\"options\":[\"swap\"]}","description":"Name of the LVM partition used for swap space.","name":"LvmVolumeNameSwap","value":"swap","type":"string"},{"constraints":"{\"unit\":\"GiB\"}","description":"Size of the LVM partition required for swap space in GiB.","name":"LvmVolumeSizeSwap","value":"20","type":"number"},{"constraints":"{\"options\":[\"Yes\",\"No\"]}","description":"Sets the autostart option for HANA after a system reboot. Possible values are Yes and No.","name":"HanaStartAfterReboot","value":"Yes","type":"option"},{"constraints":"{\"unit\":\"GiB\"}","description":"Size of the LVM partition required for /usr/sap in GiB.","name":"LvmVolumeSizeSap","value":"5","type":"number"},{"constraints":"{\"minlen\":\"8\",\"maxlen\":\"64\",\"options\":[\"\"]}","description":"New password for the root user.","name":"NewRootPassword","value":"","type":"password"},{"constraints":"{\"regex\":\"\",\"helpText\":\"\"}","description":"Name of the LVM partition used for /usr/sap directory.","name":"LvmVolumeNameSap","value":"sap","type":"string"},{"constraints":"{\"ipv4static\":true,\"ipv4dhcp\":true,\"ipv4disable\":false,\"parameters\":[\"dns1\",\"dns2\",\"domain\",\"gateway\",\"ipaddress\",\"mac\",\"netmask\"]}","description":"","name":"ManagementNIC1","value":"","type":"nic"},{"constraints":"{\"regex\":\"^(?!(98|99))[0-9]{2}$\",\"helpText\":\"\"}","description":"The two-digit SAP HANA Database Instance Number. Rules for SAP Instance Number apply.","name":"HanaInstanceNumber","value":"00","type":"string"},{"constraints":"{\"ipv4static\":true,\"ipv4dhcp\":true,\"ipv4disable\":true,\"parameters\":[\"dns1\",\"dns2\",\"domain\",\"gateway\",\"ipaddress\",\"mac\",\"netmask\"]}","description":"","name":"ManagementNIC2","value":"","type":"nic"},{"constraints":"{\"helpText\":\"\"}","description":"IP-Address of the software share.","name":"DepotHost","value":"","type":"ipv4"}],"buildStep":[{"planScriptUri":"/rest/plan-scripts/acfb1875-4740-45ac-a912-273095f457c2","planScriptName":"HPE - SLES12 - SAP HANA DB - mount and validate - 2017-10-20","serialNumber":"1","parameters":null},{"planScriptUri":"/rest/plan-scripts/820d0cf9-f647-42ae-9e88-7f1089c7d0d0","planScriptName":"HPE - SLES12 - SAP HANA DB - configure multiple NICs - 2017-10-20","serialNumber":"2","parameters":null},{"planScriptUri":"/rest/plan-scripts/89cb303c-ddbe-4148-a843-206ecf5ee254","planScriptName":"HPE - SLES12 - SAP HANA DB - change root password - 2017-10-20","serialNumber":"3","parameters":null},{"planScriptUri":"/rest/plan-scripts/aabef6b7-fb33-4679-ae16-1a516d6b2eaf","planScriptName":"HPE - SLES12 - SAP HANA DB - configure hostname - 2017-10-20","serialNumber":"4","parameters":null},{"planScriptUri":"/rest/plan-scripts/a998a32a-2d28-4a07-9338-fcadc7a55bd0","planScriptName":"HPE - SLES12 - SAP HANA DB - manage security services - 2017-10-20","serialNumber":"5","parameters":null},{"planScriptUri":"/rest/plan-scripts/34becd39-0dee-4e10-804c-b0824a4927ce","planScriptName":"HPE - SLES12 - SAP HANA DB - partition SAN disk using LVM - 2017-10-20","serialNumber":"6","parameters":null},{"planScriptUri":"/rest/plan-scripts/d407b66c-19df-4c53-9b01-e7ecc9d37cda","planScriptName":"HPE - SLES12 - SAP HANA DB - update OS settings - 2017-10-20","serialNumber":"7","parameters":null},{"planScriptUri":"/rest/plan-scripts/4d200989-1263-434d-965f-a16fcc7aa0c1","planScriptName":"HPE - SLES12 - SAP HANA DB - create local input file - 2017-10-20","serialNumber":"8","parameters":null},{"planScriptUri":"/rest/plan-scripts/fca1845b-60c0-49e6-97d9-ae732910ed04","planScriptName":"HPE - SLES12 - SAP HANA DB - create install script - 2017-10-20","serialNumber":"9","parameters":null},{"planScriptUri":"/rest/plan-scripts/a931f6d4-009b-407e-96e9-108023a4687b","planScriptName":"HPE - SLES12 - SAP HANA DB - unmount - 2017-10-20","serialNumber":"10","parameters":null}],"eTag":null,"created":null,"modified":null,"hpProvided":true,"buildPlanid":"2e1b927c-1849-41f8-85ff-8121fa7c92d9","oeBuildPlanType":"deploy","category":null,"description":"Install SAP HANA into a SLES 12 golden image.\n\n(c) Copyright 2017 Hewlett Packard Enterprise Development LP. Licensed under the Apache License, Version 2.0  (the \"License\");...","status":null,"uri":null,"name":"HPE - SLES12 - SAP HANA DB - deploy - 2017-10-20"}