{"type":"PlanScript","dependentArtifacts":null,"hpProvided":true,"eTag":null,"created":null,"modified":null,"customAttributes":null,"planType":"deploy","category":null,"description":"Partitions the attached SAN storage using LVM.","status":null,"uri":null,"name":"HPE - SLES12 - SAP HANA DB - partition SAN disk using LVM - 2017-10-20","id":"34becd39-0dee-4e10-804c-b0824a4927ce","state":null,"content":"# (c) Copyright 2017 Hewlett Packard Enterprise Development LP\n#\n# Licensed under the Apache License, Version 2.0 (the \"License\");\n# you may not use this file except in compliance with the License.\n# You may obtain a copy of the License at http://www.apache.org/licenses/LICENSE-2.0\n#\n# Unless required by applicable law or agreed to in writing, software distributed\n# under the License is distributed on an \"AS IS\" BASIS, WITHOUT WARRANTIES OR\n# CONDITIONS OF ANY KIND, either express or implied. See the License for the\n# specific language governing permissions and limitations under the License.\n\nupload -<<END /tmp/partition_SAN_disk_using_LVM\n#!/bin/bash\n\n# uncomment for the output\n#multipath -d > /tmp/multipath.out 2>&1\n\n# configure multipath device and get device name\ndmDeviceName=`multipath | awk '/create/{print $2}' | head -n1`\ndmDevice=\"/dev/mapper/${dmDeviceName}\"\n\n# uncomment for the output\n#fdisk -l > /tmp/fdisk.out 2>&1\n\n# partitioning SAN disk\nsgdisk -n1:2048:0 -t1:8e00 \"${dmDevice}\"\n\n# LVM create physical volume\npvcreate -f -y \"${dmDevice}-part1\"\n\n# LVM create logical volume group\nvgcreate -f -y @LvmVolumeGroupName:sapdata@ \"${dmDevice}-part1\"\n\n# LVM create logical volumes\n# swap volume\nlvcreate -y -n @LvmVolumeNameSwap:swap@ -L @LvmVolumeSizeSwap:20@G @LvmVolumeGroupName:sapdata@\n# /usr/sap volume\nlvcreate -y -n @LvmVolumeNameSap:sap@ -L @LvmVolumeSizeSap:5@G @LvmVolumeGroupName:sapdata@\n# /hana volume\nlvcreate -y -n @LvmVolumeNameHana:hana@ -L @LvmVolumeSizeHana:100@G @LvmVolumeGroupName:sapdata@\n\n# create filesystems\nmkswap -L @LvmVolumeNameSwap:swap@ /dev/@LvmVolumeGroupName:sapdata@/@LvmVolumeNameSwap:swap@\nmkfs.xfs -L @LvmVolumeNameSap:sap@ /dev/@LvmVolumeGroupName:sapdata@/@LvmVolumeNameSap:sap@\nmkfs.xfs -L @LvmVolumeNameHana:hana@ /dev/@LvmVolumeGroupName:sapdata@/@LvmVolumeNameHana:hana@\n\n# create mountpoints\n[ -d /usr/sap ] || mkdir -p /usr/sap\n[ -d /hana ] || mkdir /hana\n\n# deactivate swap on local device\nswapoff -a\nsed -i '/swap/ s/^#*/#/' /etc/fstab\n\n# add new mountpoints to /etc/fstab\nsed -i '$a\\#This file has been modified by Image Streamer.' /etc/fstab\nsed -i '$a\\/dev/@LvmVolumeGroupName:sapdata@/@LvmVolumeNameSwap:swap@  swap  swap  defaults  0  0' /etc/fstab\nsed -i '$a\\#This file has been modified by Image Streamer.' /etc/fstab\nsed -i '$a\\/dev/@LvmVolumeGroupName:sapdata@/@LvmVolumeNameSap:sap@  /usr/sap  xfs  defaults  1  1' /etc/fstab\nsed -i '$a\\#This file has been modified by Image Streamer.' /etc/fstab\nsed -i '$a\\/dev/@LvmVolumeGroupName:sapdata@/@LvmVolumeNameHana:hana@  /hana  xfs  defaults  1  1' /etc/fstab\n\n# mount new fstab\nmount -a\n\nunlink $0\nEND\n\n# Add script to after.local to run on startup\n!echo \"# Partition SAN disk and configure LVM\" >> ./after.local\n!echo \"sh /tmp/partition_SAN_disk_using_LVM\" >> ./after.local"}