{"type":"OEDeploymentPlan","hpProvided":true,"customAttributes":[{"visible":false,"editable":true,"constraints":"{\"regex\":\"\",\"helpText\":\"\"}","description":"Local mountpoint on the deployed host for the \nsoftware share. The directory will be created during deployment.","name":"DepotLocalMountpoint","value":"/swdepot","id":"bf46df65-1517-4d1f-a9a4-024dc61c8f99","type":"string"},{"visible":true,"editable":true,"constraints":"{\"ipv4static\":true,\"ipv4dhcp\":true,\"ipv4disable\":false,\"parameters\":[\"dns1\",\"dns2\",\"domain\",\"gateway\",\"ipaddress\",\"mac\",\"netmask\"]}","description":"","name":"ManagementNIC1","value":"","id":"18a5b82e-3c87-4dc6-af44-e0ff5c592eef","type":"nic"},{"visible":true,"editable":true,"constraints":"{\"options\":[\"Enabled\",\"Disabled\"]}","description":"Defines if SSH shall be enabled on the deployed OS. Possible values are Enabled or Disabled.","name":"SSH","value":"Enabled","id":"b13315db-1f93-4268-95f3-be3130b8eb47","type":"option"},{"visible":true,"editable":true,"constraints":"{\"regex\":\"^(?!(ADD|ALL|AMD|AND|ANY|ARE|ASC|AUX|AVG|BIT|CDC|COM|CON|DBA|END|EPS|FOR|GET|GID|IBM|INT|KEY|LOG|LPT|MAP|MAX|MIN|MON|NIX|NOT|NUL|OFF|OLD|OMS|OUT|PAD|PRN|RAW|REF|ROW|SAP|SET|SGA|SHG|SID|SQL|SUM|SYS|TMP|TOP|UID))([A-Z][A-Z0-9]{2})$\",\"helpText\":\"\"}","description":"The SAP System Identification of the SAP HANA database host. Rules for SAP System ID definition apply.","name":"HanaSID","value":"","id":"fab1bde8-7c48-4ea5-b097-7e57d503e4ef","type":"string"},{"visible":false,"editable":true,"constraints":"{\"helpText\":\"\"}","description":"IP-Address of the software share.","name":"DepotHost","value":"172.16.12.22","id":"c393d111-7a0f-4840-93a2-5d68b39b538a","type":"ipv4"},{"visible":true,"editable":true,"constraints":"{\"regex\":\"^(?!(98|99))[0-9]{2}$\",\"helpText\":\"\"}","description":"The two-digit SAP HANA Database Instance Number. Rules for SAP Instance Number apply.","name":"HanaInstanceNumber","value":"00","id":"5351cd43-7af3-4a99-bcad-23c8e6da1d31","type":"string"},{"visible":true,"editable":true,"constraints":"{\"minlen\":\"6\",\"maxlen\":\"64\"}","description":"The master password of the SAP HANA database that will be used for all SAP HANA users.","name":"HanaMasterPassword","value":"","id":"8625167a-c2ef-410b-b21c-34d9d489d42d","type":"password"},{"visible":false,"editable":true,"constraints":"{\"regex\":\"\",\"helpText\":\"\"}","description":"Username for the CIFS software share. For NFS, either delete this attribute in plan script \"HPE - SLES12 – SAP HANA DB - create local input\" file or enter a dummy value.","name":"DepotCifsUsername","value":"DepotCifsUsername","id":"a6bd94bf-a8e5-434a-9a89-10e46e203b56","type":"string"},{"visible":false,"editable":true,"constraints":"{\"regex\":\"\",\"helpText\":\"\"}","description":"Name of the LVM partition used for /hana directory.","name":"LvmVolumeNameHana","value":"hana","id":"38de074a-c1a1-48da-b248-4587f404de0c","type":"string"},{"visible":true,"editable":true,"constraints":"{\"options\":[\"Yes\",\"No\"]}","description":"Sets the autostart option for HANA after a system reboot. Possible values are Yes and No.","name":"HanaStartAfterReboot","value":"Yes","id":"7fff53a8-e466-49f8-ba19-0e9d7e0718a0","type":"option"},{"visible":false,"editable":true,"constraints":"{\"regex\":\"\",\"helpText\":\"\"}","description":"Directory on the software share that contains the SAP HANA installation media.","name":"DepotSapDirectory","value":"DepotSapDirectory","id":"3c174cbc-3ade-4d24-a3da-2ad7031f9e7a","type":"string"},{"visible":false,"editable":true,"constraints":"{\"unit\":\"GiB\"}","description":"Size of the LVM partition required for /usr/sap in GiB.","name":"LvmVolumeSizeSap","value":"5","id":"895fdd1d-fccf-4d13-8ad0-ac71e474f098","type":"number"},{"visible":false,"editable":true,"constraints":"{\"unit\":\"GiB\"}","description":"Size of the LVM partition required for swap space in GiB.","name":"LvmVolumeSizeSwap","value":"20","id":"fc95ec48-931d-4ac8-a1c0-22880dd1fac4","type":"number"},{"visible":false,"editable":true,"constraints":"{\"regex\":\"\",\"helpText\":\"\"}","description":"Name of the software share.","name":"DepotShareName","value":"DepotShareName","id":"4b137e25-42ca-4196-a628-fe4b9f6d069e","type":"string"},{"visible":true,"editable":true,"constraints":"{\"helpText\":\"\"}","description":"Full hostname (FQDN) for the deployed OS.","name":"DomainName","value":"","id":"13d55036-b425-4a95-ad3c-6fa3820e0b70","type":"fqdn"},{"visible":false,"editable":true,"constraints":"{\"regex\":\"\",\"helpText\":\"\"}","description":"Local installation directory for the SAP HANA database. The installation script, local input file and all installation logfiles will be stored here.","name":"InstallDirectory","value":"/root/hpe_ai","id":"e7adb489-f9c6-4fbd-901b-99c9ae1a25d0","type":"string"},{"visible":false,"editable":true,"constraints":"{\"unit\":\"GiB\"}","description":"Size of the LVM partition required for /hana in GiB.","name":"LvmVolumeSizeHana","value":"100","id":"e9b5adaf-8994-43b9-8351-b4e7cab4ed8d","type":"number"},{"visible":false,"editable":true,"constraints":"{\"regex\":\"\",\"helpText\":\"\",\"options\":[\"swap\"]}","description":"Name of the LVM partition used for swap space.","name":"LvmVolumeNameSwap","value":"swap","id":"444cc85f-e9aa-4162-9533-54c5651e4384","type":"string"},{"visible":true,"editable":true,"constraints":"{\"ipv4static\":true,\"ipv4dhcp\":true,\"ipv4disable\":true,\"parameters\":[\"dns1\",\"dns2\",\"domain\",\"gateway\",\"ipaddress\",\"mac\",\"netmask\"]}","description":"","name":"ManagementNIC2","value":"","id":"b023c136-5b73-45ad-91b8-c86d4cf4b969","type":"nic"},{"visible":false,"editable":true,"constraints":"{\"regex\":\"\",\"helpText\":\"\"}","description":"Name of the LVM partition used for /usr/sap directory.","name":"LvmVolumeNameSap","value":"sap","id":"eb832839-34ec-47e6-8fc0-18b61ada8999","type":"string"},{"visible":false,"editable":true,"constraints":"{\"regex\":\"\",\"helpText\":\"\"}","description":"Name of the LVM volume group for the SAP HANA database installation.","name":"LvmVolumeGroupName","value":"sapdata","id":"6ec193b8-224d-4841-8ae1-47595b10077c","type":"string"},{"visible":false,"editable":true,"constraints":"{\"maxlen\":\"64\"}","description":"Password for the CIFS software share. For NFS, either delete this attribute in plan script \"HPE - SLES12 – SAP HANA DB - create local input file\" or enter a dummy value.","name":"DepotCifsPassword","value":"password","id":"4cb08d7d-e665-4b6d-94b4-d3d182eb5035","type":"password"},{"visible":true,"editable":true,"constraints":"{\"minlen\":\"8\",\"maxlen\":\"64\",\"options\":[\"\"]}","description":"New password for the root user.","name":"NewRootPassword","value":"","id":"8829ed95-be53-428c-ba62-93affd242ae8","type":"password"},{"visible":false,"editable":true,"constraints":"{\"options\":[\"cifs\",\"nfs\"]}","description":"Network protocol for the software share. Either CIFS or NFS is supported.","name":"DepotMountType","value":"cifs","id":"b2b9951f-2809-4c25-ba2f-f179ff08cdb4","type":"option"}],"importMetadata":false,"eTag":null,"created":null,"modified":null,"oeBuildPlanURI":"HPE - SLES12 - SAP HANA DB - deploy - 2017-10-20","goldenImageURI":"","category":null,"description":"Deploy SAP HANA into a SLES12 golden image.\n(c) Copyright 2018 Hewlett Packard Enterprise Development LP. Licensed under the Apache License, Version 2.0 (the \"License\");..v","status":null,"uri":null,"name":"HPE - SLES12 - SAP HANA DB - deploy - 2018-03-06","id":"80e8ff8c-ae05-436c-8494-2a90911526c2","state":null}