{"type":"PlanScript","dependentArtifacts":null,"hpProvided":true,"eTag":null,"created":null,"modified":null,"customAttributes":null,"planType":"deploy","category":null,"description":"Deactivates the firewall and set ssh settings.","status":null,"uri":null,"name":"HPE - SLES12 - SAP HANA DB - manage security services - 2017-10-20","id":"a998a32a-2d28-4a07-9338-fcadc7a55bd0","state":null,"content":"# (c) Copyright 2017 Hewlett Packard Enterprise Development LP\n#\n# Licensed under the Apache License, Version 2.0 (the \"License\");\n# you may not use this file except in compliance with the License.\n# You may obtain a copy of the License at http://www.apache.org/licenses/LICENSE-2.0\n#\n# Unless required by applicable law or agreed to in writing, software distributed\n# under the License is distributed on an \"AS IS\" BASIS, WITHOUT WARRANTIES OR\n# CONDITIONS OF ANY KIND, either express or implied. See the License for the\n# specific language governing permissions and limitations under the License.\n\n# Stop and disable firewall service\n!echo \"# Stop and disable firewall service\"     >> ./after.local\n!echo \"systemctl stop SuSEfirewall2.service\"    >> ./after.local\n!echo \"systemctl disable SuSEfirewall2.service\" >> ./after.local\n    \n# Enable/disable ssh service\nupload -<<END /tmp/ImageStreamer/ssh_service\n#!/bin/bash\n\nssh=@SSH:Enabled@\necho \"# Enable/disable ssh service\" >> ./after.local\nif [ \"$ssh\" = \"Enabled\" ]; then\n    echo \"systemctl start sshd.service\"  >> ./after.local\n    echo \"systemctl enable sshd.service\" >> ./after.local\nelse\n    echo \"systemctl stop sshd.service\"    >> ./after.local\n    echo \"systemctl disable sshd.service\" >> ./after.local\nfi\nEND\n\ndownload /tmp/ImageStreamer/ssh_service ./ssh_service\n!source ./ssh_service"}