{"type":"PlanScript","dependentArtifacts":null,"hpProvided":true,"eTag":null,"created":null,"modified":null,"customAttributes":null,"planType":"general","category":null,"description":"Mounts the root partition and validates the golden image.","status":null,"uri":null,"name":"HPE - SLES12 - SAP HANA DB - mount and validate - 2017-10-20","id":"acfb1875-4740-45ac-a912-273095f457c2","state":null,"content":"# (c) Copyright 2017 Hewlett Packard Enterprise Development LP\n#\n# Licensed under the Apache License, Version 2.0 (the \"License\");\n# you may not use this file except in compliance with the License.\n# You may obtain a copy of the License at http://www.apache.org/licenses/LICENSE-2.0\n#\n# Unless required by applicable law or agreed to in writing, software distributed\n# under the License is distributed on an \"AS IS\" BASIS, WITHOUT WARRANTIES OR\n# CONDITIONS OF ANY KIND, either express or implied. See the License for the\n# specific language governing permissions and limitations under the License.\n\n# List the Volume Groups and Logical Volumes\nvgs\nlvs\nlist-filesystems\n\n# Mount the root partition\nmount /dev/sda3 /\n\n# Create temporary directory\nmkdir-p /tmp/ImageStreamer\n\n# Validate the image\ndownload /etc/os-release ./os-release\n\nupload -<<END /tmp/ImageStreamer/validate_image\n#!/bin/bash\n\nfile=\"./os-release\"\nexp_os=\"SLES\"\nexp_ver=\"12\"\n\nif [ -f \"$file\" ]; then\n    os_name=`awk '/^NAME=/ {print $1}' ./os-release | sed 's/\"//g' | cut -d= -f2`\n    version_id=`awk '/^VERSION_ID=/ {print $1}' ./os-release | sed 's/\"//g' | cut -d= -f2 | cut -d. -f1`\n    if [ \"$os_name\" = \"$exp_os\" ]; then\n        # Validate version \n        if [ \"$version_id\" = \"$exp_ver\" ]; then\n            version_id=`awk '/^VERSION_ID=/ {print $1}' ./os-release | sed 's/\"//g' | cut -d= -f2`\n            echo \"##########################\"\n            echo \"Image validation successfully completed!!!\"\n            echo \"Detected OS: $os_name $version_id\"\n            echo \"Operating system is matching with the expected Operating System\"\n            echo \"##########################\"\n        else\n            echo \"##########################\"\n            echo \"Image validation failed : Operating system is NOT matching with the expected Operating System\"\n            echo \"Please ensure that the Golden Image is of SLES 12.\"\n            echo \"##########################\"\n            exit 1\n        fi\n    fi\nelse\n    echo \"##########################\"\n    echo \"Image validation failed : Operating system is NOT matching with the expected Operating System\"\n    echo \"Please ensure that the Golden Image is of SLES 12.\"\n    echo \"##########################\"\n    exit 1\nfi\nEND\n\ndownload /tmp/ImageStreamer/validate_image ./validate_image\n!source ./validate_image\n\necho \"Check Image Streamer capture details\"\n-download /ImageStreamerCapture ./ImageStreamerCapture\n\nupload -<<END /tmp/ImageStreamer/check_capture\n#!/bin/bash\n\nif [ -f ./ImageStreamerCapture ]; then\n    echo \"Capture details:\"\n    cat ./ImageStreamerCapture\nelse\n    echo\n    echo \"WARNING: SLES 12 Golden Image was not captured by Image Streamer.\"\n    echo \"Golden Image may not be prepared for correct personalization.\"\n    echo \"Recommend deploying Golden Image as is and capturing a new\"\n    echo \"Golden Image using Image Streamer via correct capture Build Plan\"\n    echo\nfi\nEND\n\ndownload /tmp/ImageStreamer/check_capture ./check_capture\n!source ./check_capture\n\n-rm-f /ImageStreamerCapture\n\necho \"Copy out after.local\"\ndownload /etc/init.d/after.local ./after.local\n\n# Take a backup\necho \"Take a backup of after.local\"\ndownload /etc/init.d/after.local ./after.local.backup\n\n# Setup after.local file to run scripts at the boot time\n!echo \"# The following commands have been added from the Image Streamer\" >> ./after.local\n!echo \"#\" >> ./after.local"}