{"type":"PlanScript","dependentArtifacts":null,"hpProvided":true,"eTag":null,"created":null,"modified":null,"customAttributes":null,"planType":"capture","category":null,"description":"Remove network settings.","status":null,"uri":null,"name":"HPE - SLES12 - SAP HANA DB - generalize network - 2017-10-20","id":"c849791a-3b6f-4c53-8a6d-12ff960f54bd","state":null,"content":"# (c) Copyright 2017 Hewlett Packard Enterprise Development LP\n#\n# Licensed under the Apache License, Version 2.0 (the \"License\");\n# you may not use this file except in compliance with the License.\n# You may obtain a copy of the License at http://www.apache.org/licenses/LICENSE-2.0\n#\n# Unless required by applicable law or agreed to in writing, software distributed\n# under the License is distributed on an \"AS IS\" BASIS, WITHOUT WARRANTIES OR\n# CONDITIONS OF ANY KIND, either express or implied. See the License for the\n# specific language governing permissions and limitations under the License.\n\n# Generalize the network\n!mkdir new_network\n\n# Copy \"/etc/sysconfig/network/\" directory\ncopy-out /etc/sysconfig/network/ new_network/\n\nupload -<<END /tmp/ImageStreamer/generalize_network \n#!/bin/bash\n\nnet_cfg_files=`ls new_network/network/ | grep \"ifcfg-\"`\n\nfor net_cfg_file in $net_cfg_files; do\n\tif [ \"$net_cfg_file\" != \"ifcfg-lo\" ]; then\n\t\trm -f new_network/network/$net_cfg_file\n\t\techo \"Network interface cfg file $net_cfg_file successfully removed!!!\" \n\tfi\ndone\n\nrm -f new_network/network/ifroute-*\nrm -f new_network/network/routes\nEND\n\ndownload /tmp/ImageStreamer/generalize_network ./generalize_network\n!source ./generalize_network\n\n# Replace the network directory with updated one\nrm-rf /etc/sysconfig/network\ncopy-in new_network/network/ /etc/sysconfig/\n\n# Clear the resolve.conf file\nupload -<<END /etc/resolv.conf\nEND"}