{"type":"OeBuildPlan","dependentArtifacts":null,"customAttributes":[],"buildStep":[{"planScriptUri":"/rest/plan-scripts/8c4f2d34-cb9c-405e-a7fb-c6809ea9993a","planScriptName":"HPE - SLES12 - SAP HANA DB - mount generalize - 2017-10-20","serialNumber":"1","parameters":null},{"planScriptUri":"/rest/plan-scripts/ae5e3cd2-57bc-418d-980b-509078925481","planScriptName":"HPE - SLES12 - SAP HANA DB - generalize host - 2017-10-20","serialNumber":"2","parameters":null},{"planScriptUri":"/rest/plan-scripts/c849791a-3b6f-4c53-8a6d-12ff960f54bd","planScriptName":"HPE - SLES12 - SAP HANA DB - generalize network - 2017-10-20","serialNumber":"3","parameters":null},{"planScriptUri":"/rest/plan-scripts/4679c992-7a86-40b0-9875-56de4754971a","planScriptName":"HPE - SLES12 - SAP HANA DB - unmount generalize - 2017-10-20","serialNumber":"4","parameters":null}],"eTag":null,"created":null,"modified":null,"hpProvided":true,"buildPlanid":"cddf6e77-a26e-43cd-a131-004c47bff14c","oeBuildPlanType":"capture","category":null,"description":"Removes personalization settings from SLES12.\n\n(c) Copyright 2017 Hewlett Packard Enterprise Development LP. Licensed under the Apache License, Version 2.0  (the \"License\");...","status":null,"uri":null,"name":"HPE - SLES12 - SAP HANA DB - generalize - 2017-10-20"}