{"type":"PlanScript","dependentArtifacts":null,"hpProvided":true,"eTag":null,"created":null,"modified":null,"customAttributes":null,"planType":"deploy","category":null,"description":"Copies the installation script install_SAP.sh for installing SAP HANA to the OS. The script will mount the software depot, create the SAP HANA config file, and start the installation. The script will be executed after the first boot of the OS.","status":null,"uri":null,"name":"HPE - SLES12 - SAP HANA DB - create install script - 2017-10-20","id":"fca1845b-60c0-49e6-97d9-ae732910ed04","state":null,"content":"# (c) Copyright 2017 Hewlett Packard Enterprise Development LP\n#\n# Licensed under the Apache License, Version 2.0 (the \"License\");\n# you may not use this file except in compliance with the License.\n# You may obtain a copy of the License at #http://www.apache.org/licenses/LICENSE-2.0\n#\n# Unless required by applicable law or agreed to in writing, software distributed\n# under the License is distributed on an \"AS IS\" BASIS, WITHOUT WARRANTIES #OR\n# CONDITIONS OF ANY KIND, either express or implied. See the License for the\n# specific language governing permissions and limitations under the License.\n\nmkdir-p @InstallDirectory:/root/hpe_ai@\n\nupload -<<END @InstallDirectory@/install_SAP.sh\n#!/bin/bash\n\n_backup_system_files()\n{\n    _info \"Backup some system files in /etc\"\n    cd /etc || _exit_on_error \"ERROR_DIR_CHANGE - Change working directory to '/etc' not possible!\" \"${LINENO}\"\n    for fname in passwd shadow group services hosts exports fstab sysctl.conf; do\n        if [ ! -f \"${fname}.HPE_AI_B4_${scrSID_HDB}\" ]; then\n            cp -pv \"${fname}\" \"${fname}.HPE_AI_B4_${scrSID_HDB}\" >> \"${DEVELOPMENT_LOG}\"\n        fi\n    done\n}\n\n_create_variables()\n{\n    SAP_MEDIA_DIR=\"${scrDepotLocalMountpoint}/${scrDepotSapDirectory}\"\n\n    # convert to uppercase\n    scrSID_HDB=$( echo \"${scrSID_HDB}\" | tr '[:lower:]' '[:upper:]' )\n    # convert to lowercase\n    scrAutostartAfterReboot=$( echo \"${scrAutostartAfterReboot}\" | tr '[:upper:]' '[:lower:]' )\n\n    # HANA database (hdblcm) configuration file\n    HDB_CONF=\"${SCRIPT_DIR}/hdblcm_${scrSID_HDB}.conf\"\n    # HANA database (hdblcm) configuration file template\n    HDB_CONF_TEMPLATE=\"${SAP_MEDIA_DIR}/hdblcm.conf\"\n\n    _debug \"Assigned Software Depot variables:\"\n    _debug \"  scrDepotCifsPassword = '********'\"\n    _debug \"  scrDepotCifsUsername = '${scrDepotCifsUsername}'\"\n    _debug \"  scrDepotHost = '${scrDepotHost}'\"\n    _debug \"  scrDepotLocalMountpoint = '${scrDepotLocalMountpoint}'\"\n    _debug \"  scrDepotMountType = '${scrDepotMountType}'\"\n    _debug \"  scrDepotShareName = '${scrDepotShareName}'\"\n    _debug \"  scrDepotSapDirectory = '${scrDepotSapDirectory}'\"\n\n    _debug \"Assigned SAP HANA database variables:\"\n    _debug \"  scrHostnameFQDN_HDB = '${scrHostnameFQDN_HDB}'\"\n    _debug \"  scrSID_HDB = '${scrSID_HDB}'\"\n    _debug \"  scrInstanceNumber_HDB = '${scrInstanceNumber_HDB}'\"\n    _debug \"  scrMasterPW_HDB = '********'\"\n    _debug \"  scrAutostartAfterReboot = '${scrAutostartAfterReboot}'\"\n    _debug \"  HDB_CONF = '${HDB_CONF}'\"\n    _debug \"  HDB_CONF_TEMPLATE = '${HDB_CONF_TEMPLATE}'\"\n}\n\n_debug()\n{\n    debug_msg=\"${1}\"\n    # writing debug message to development log\n    printf '%s    %s\\n' \"$( date +\"${DATE_FORMAT}\" )\" \"${debug_msg}\" >> \"${DEVELOPMENT_LOG}\"\n}\n\n_exit_on_error()\n{\n    error_msg=\"${1}\"\n    error_line=\"${2}\"\n    error_msg=\"ERROR: ${error_msg}\"\n\n    # writing error message to error log\n    printf '%s\\n' \"${error_msg}\" > \"${ERROR_LOG}\"\n    [ -n \"${error_line}\" ] && error_msg=\"ERROR Line ${error_line}: ${error_msg}\"\n\n    # writing error message to installation and development log\n    printf '%s    %s\\n' \"$( date +\"${DATE_FORMAT}\" )\" \"${error_msg}\" | tee -a \"${INSTALLATION_LOG}\" \"${DEVELOPMENT_LOG}\" >/dev/null\n\n    # Writing error message to stdout\n    printf '%s\\n' \"${error_msg}\" 1>&2\n    exit 1\n}\n\n_info()\n{\n    info_msg=\"${1}\"\n    # writing info message to installation and development log\n    printf '%s    %s\\n' \"$( date +\"${DATE_FORMAT}\" )\" \"${info_msg}\" | tee -a \"${INSTALLATION_LOG}\" \"${DEVELOPMENT_LOG}\" >/dev/null\n}\n\n_initialize()\n{\n    # determine the script directory\n    SCRIPT_DIR=\"$( cd \"$( dirname \"${0}\" )\" && pwd )\"\n    # location of local input file with input parameters\n    LOCAL_INPUT_FILE=\"${SCRIPT_DIR}/local_input.ini\"\n    # source the local input file\n    _source_local_input_file\n    # file with the master passwords for SAP and HANA (default: ${SCRIPT_DIR}/master_password.txt)\n    MASTER_PASSWORD_FILE=\"${SCRIPT_DIR}/master_password.txt\"\n    # installation log file with info messages (default: ${SCRIPT_DIR}/sap_installation.log)\n    INSTALLATION_LOG=\"${SCRIPT_DIR}/sap_installation.log\"\n    # development log file with debug messages (default: ${SCRIPT_DIR}/sap_dev_installation.log)\n    DEVELOPMENT_LOG=\"${SCRIPT_DIR}/sap_dev_installation.log\"\n    # HANA database installation log file (default: ${SCRIPT_DIR}/sap_hdb_installation.log)\n    HDB_LOG=\"${SCRIPT_DIR}/sap_hdb_installation.log\"\n    # error log file with error messages (default: ${SCRIPT_DIR}/sap_error.log)\n    ERROR_LOG=\"${SCRIPT_DIR}/sap_error.log\"\n    # date format for logging\n    DATE_FORMAT=\"%b %d %T\"\n\n    _debug \"Assigned initialization variables:\"\n    _debug \"  SCRIPT_DIR = '${SCRIPT_DIR}'\"\n    _debug \"  LOCAL_INPUT_FILE = '${LOCAL_INPUT_FILE}'\"\n    _debug \"  MASTER_PASSWORD_FILE = '${MASTER_PASSWORD_FILE}'\"\n    _debug \"  INSTALLATION_LOG = '${INSTALLATION_LOG}'\"\n    _debug \"  DEVELOPMENT_LOG = '${DEVELOPMENT_LOG}'\"\n    _debug \"  HDB_LOG = '${HDB_LOG}'\"\n    _debug \"  ERROR_LOG = '${ERROR_LOG}'\"\n    _debug \"  DATE_FORMAT = '${DATE_FORMAT}'\"\n}\n\n_install_hana_db()\n{\n    # locate hdblcm for HANA DB\n    _debug \"HDBLCM -> find -L ${SAP_MEDIA_DIR} -type f -name hdblcm | grep -i HDB_LCM_LINUX\"\n    HDBLCM=$( find -L \"${SAP_MEDIA_DIR}\" -type f -name hdblcm | grep -i \"HDB_LCM_LINUX\" )\n    [ -z \"${HDBLCM}\" ] && _exit_on_error \"NO_HDBLCM_FOUND - There is no hdblcm present in '${SAP_MEDIA_DIR}'.\" \"${LINENO}\"\n    count=$( echo \"${HDBLCM}\" | wc -l )\n    [ \"${count}\" -gt 1 ] && _exit_on_error \"TOO_MANY_HDBLCM_FOUND - There is more than one hdblcm present in '${SAP_MEDIA_DIR}'.\" \"${LINENO}\"\n\n    _info \"HDBLCM -> ${HDBLCM}\"\n    _prepare_hdb_conf\n\n    # save the HANA database master password to file\n    if [ ! -f \"${MASTER_PASSWORD_FILE}\" ] || { [ -f \"${MASTER_PASSWORD_FILE}\" ] && ( ! grep -q \"${scrSID_HDB}:\" \"${MASTER_PASSWORD_FILE}\" ); }; then\n        echo \"${scrSID_HDB}:${scrMasterPW_HDB}\" >> \"${MASTER_PASSWORD_FILE}\"\n        chmod 0600 \"${MASTER_PASSWORD_FILE}\"\n        _info \"Master Password for SID '${scrSID_HDB}' saved in file '${MASTER_PASSWORD_FILE}'\"\n    fi\n    \n    # install HANA DB\n    _info \"Installing SAP HANA database with configuration file '${HDB_CONF}'\"\n    _debug \"To track the installation progress, please check '${HDB_LOG}'\"\n    ${HDBLCM} --batch --configfile=\"${HDB_CONF}\" >> \"${HDB_LOG}\" 2>&1 || _exit_on_error \"HDBLCM_FAILED - HANA DB installation failed. Please check '${HDB_LOG}'.\" \"${LINENO}\"\n    _info \"HANA database installation finished successfully.\"\n}\n\n_mount_software_depot()\n{\n    _info \"Mount SAP Software Depot.\"\n    [ -d \"${scrDepotLocalMountpoint}\" ] || mkdir -p \"${scrDepotLocalMountpoint}\"\n\n    case \"${scrDepotMountType}\" in\n        cifs )\n            _debug \"SAP Software Depot mounted? 'mount | grep -iq \\\"//${scrDepotHost}/${scrDepotShareName} on ${scrDepotLocalMountpoint}\\\"'\"\n            if ( ! mount | grep -iq \"//${scrDepotHost}/${scrDepotShareName} on ${scrDepotLocalMountpoint}\" ); then\n                _debug \"Mounting Software Depot 'mount -t ${scrDepotMountType} -o username=${scrDepotCifsUsername},password=********,sec=ntlm,ro //${scrDepotHost}/${scrDepotShareName} ${scrDepotLocalMountpoint}'\"\n                mount -t \"${scrDepotMountType}\" -o username=\"${scrDepotCifsUsername}\",password=\"${scrDepotCifsPassword}\",sec=ntlm,ro //\"${scrDepotHost}\"/\"${scrDepotShareName}\" \"${scrDepotLocalMountpoint}\" >> \"${DEVELOPMENT_LOG}\" 2>&1 || _exit_on_error \"CIFS_MOUNT_FAILED - Cannot mount Software Depot through CIFS. Depot: '${scrDepotShareName}' Host: '${scrDepotHost}' Protocol: '${scrDepotMountType}'\" \"${LINENO}\"\n                _debug \"SAP Software Depot successfully mounted.\"\n            fi            \n            ;;\n        nfs )\n            # is nfs share already mounted?\n            _debug \"SAP Software Depot mounted? 'mount | grep -iq \\\"//${scrDepotHost}/${scrDepotShareName} on ${scrDepotLocalMountpoint}\\\"'\"\n            if ( ! mount | grep -iq \"${scrDepotHost}:/${scrDepotShareName} on ${scrDepotLocalMountpoint}\" ); then\n                _debug \"Mounting Software Depot 'mount -t ${scrDepotMountType} -o rsize=32768,wsize=32768 ${scrDepotHost}:/${scrDepotShareName} ${scrDepotLocalMountpoint}'\"\n                mount -t \"${scrDepotMountType}\" -o rsize=32768,wsize=32768 \"${scrDepotHost}\":/\"${scrDepotShareName}\" \"${scrDepotLocalMountpoint}\" >> \"${DEVELOPMENT_LOG}\" 2>&1 || _exit_on_error \"NFS_MOUNT_FAILED - Cannot mount Software Depot through NFS. Depot: '${scrDepotShareName}' Host: '${scrDepotHost}' Protocol: '${scrDepotMountType}'\" \"${LINENO}\"\n                _debug \"SAP Software Depot successfully mounted.\"\n            fi\n            ;;\n        * )\n            _exit_on_error \"NO_DEPOT_HOST - Cannot determine how to mount central Software Depot share. Unknown/unsupported protocol ${scrDepotMountType}.\" \"${LINENO}\"\n            ;;\n    esac\n}\n\n_prepare_hdb_conf()\n{\n    if [ -f \"${HDB_CONF_TEMPLATE}\" ]; then\n        _debug \"HDB config template '${HDB_CONF_TEMPLATE}' exists. Copy to '${HDB_CONF}'.\"\n        cp \"${HDB_CONF_TEMPLATE}\" \"${HDB_CONF}\"\n    else\n        _debug \"HDB config file '${HDB_CONF}' will be created.\"\n        _debug \"${HDBLCM} --action=install --dump_configfile_template=${HDB_CONF}\"\n        \"${HDBLCM}\" --action=install --dump_configfile_template=\"${HDB_CONF}\" >> \"${HDB_LOG}\"\n        # remove unused password template file\n        rm \"${HDB_CONF}.xml\"\n    fi\n\n    _debug \"Check values in file '${HDB_CONF}'.\"\n\n    # HDB components to be installed\n    _process_hdb_conf 'components' 'client,server'\n    # HDB Hostname\n    _process_hdb_conf 'hostname' \"$( echo \"${scrHostnameFQDN_HDB}\" | cut -d. -f1 )\"\n    # HDB SID\n    _process_hdb_conf 'sid' \"${scrSID_HDB}\"\n    # HDB Instance Number\n    _process_hdb_conf 'number' \"${scrInstanceNumber_HDB}\"\n    # Use single master password for all users, created during installation ( Default: n )\n    _process_hdb_conf 'use_master_password' 'y'\n    # Master Password for SAP HANA DB\n    _process_hdb_conf 'master_password' \"${scrMasterPW_HDB}\"\n    # Start database after machine reboot\n    [ \"${scrAutostartAfterReboot}\" = \"yes\" ] && _process_hdb_conf 'autostart' 'y'\n    # HDB installation\n    _process_hdb_conf 'action' 'install'\n    # make the file only available for the user\n    chmod 0600 \"${HDB_CONF}\"\n}\n\n_process_hdb_conf()\n{\n    parameter=\"${1}\"\n    value=\"${2}\"\n\n    inifile_value=$( grep \"^${parameter}\\s*=\" \"${HDB_CONF}\" )\n    if [ \"$?\" -eq 0 ]; then\n        # Check if paramater=components\n        if [ \"${parameter}\" = \"components\" ]; then\n            inifile_value=$( echo \"${inifile_value}\" | cut -d= -f2 | tr -d ' ' )\n            if [ -z \"${inifile_value}\" ]; then\n                sed -i \"s|^\\(${parameter}\\)\\s*=.*|\\1=${value}|g\" \"${HDB_CONF}\"\n               _debug \"Set parameter '${parameter}=${value}' in ${HDB_CONF}.\"\n            elif [ \"${inifile_value}\" != \"all\" ]; then\n                for component_value in $( echo \"${value}\" | sed 's/,/ /g' ); do\n                    echo \"${inifile_value}\" | grep -q \"${component_value}\"\n                    [ \"$?\" -ne 0 ] && inifile_value=\"${inifile_value},${component_value}\"\n                done\n                sed -i \"s|^\\(${parameter}\\)\\s*=.*|\\1=${inifile_value}|g\" \"${HDB_CONF}\"\n               _debug \"Set parameter '${parameter}=${inifile_value}' in ${HDB_CONF}.\"\n            fi\n        else\n            sed -i \"s|^\\(${parameter}\\)\\s*=.*|\\1=${value}|g\" \"${HDB_CONF}\"\n            # hide the password for logging\n            echo \"${parameter}\" | grep -iq password && value=\"********\"\n            _debug \"Set parameter '${parameter}=${value}' in ${HDB_CONF}.\"\n        fi\n    else\n        printf '\\n%s\\n' \"${parameter}=${value}\" >> \"${HDB_CONF}\"\n        # hide the password for logging\n        echo \"${parameter}\" | grep -iq password && value=\"********\"\n        _debug \"Parameter not found - set '${parameter}=${value}' in ${HDB_CONF}.\"\n    fi\n}\n\n_source_local_input_file()\n{\n    # check if local_input.ini exists\n    if [ -f \"${LOCAL_INPUT_FILE}\" ]; then\n        # convert from DOS to Unix file format and remove spaces\n        sed -i -e 's/^M$//' -e '/^#/!s/\\s*//g' \"${LOCAL_INPUT_FILE}\"\n        # source the local_input.ini file\n        . \"${LOCAL_INPUT_FILE}\"\n        # make the file only available for the user\n        chmod 0600 \"${LOCAL_INPUT_FILE}\"\n    else\n        _exit_on_error \"NO_LOCAL_INPUT_FILE - '${LOCAL_INPUT_FILE}' file with runtime parameters not found!\" \"${LINENO}\"\n    fi\n}\n\n_initialize\n_create_variables\n_backup_system_files\n_mount_software_depot\n_install_hana_db\n\nEND\n\nchmod 0644 @InstallDirectory@/install_SAP.sh\n\n# Add script to after.local to run on startup\n!echo \"# Start SAP HANA DB installation\" >> ./after.local\n!echo \"sh @InstallDirectory@/install_SAP.sh\" >> ./after.local"}