{"type":"PlanScript","dependentArtifacts":null,"hpProvided":true,"eTag":null,"created":null,"modified":null,"customAttributes":null,"planType":"deploy","description":"set domain for DNS search","category":null,"status":null,"uri":null,"name":"RHEL7 - RAC update resolv.conf","id":"188c4002-cfd9-4844-8f43-a99d1618fb61","state":null,"content":"# (c) Copyright 2018 Hewlett Packard Enterprise Development LP\n#\n# Licensed under the Apache License, Version 2.0 (the \"License\");\n# you may not use this file except in compliance with the License.\n# You may obtain a copy of the License at #http://www.apache.org/licenses/LICENSE-2.0\n#\n# Unless required by applicable law or agreed to in writing, software distributed\n# under the License is distributed on an \"AS IS\" BASIS, WITHOUT WARRANTIES #OR\n# CONDITIONS OF ANY KIND, either express or implied. See the License for the\n# specific language governing permissions and limitations under the License.\n\nupload -<<EOF /tmp/ImageStreamer/update_resolv\n#!/bin/bash\n\nex -c '1,$s/search *.*/search @DomainName@/'  -c wq /etc/resolv.conf\necho \"-------------new resolv.conf------------------\"\ncat /etc/resolv.conf\nEOF\nchmod 755 /tmp/ImageStreamer/update_resolv\ncommand /tmp/ImageStreamer/update_resolv"}