{"type":"PlanScript","dependentArtifacts":null,"hpProvided":true,"eTag":null,"created":null,"modified":null,"customAttributes":null,"planType":"deploy","description":"Update oracle-limits.conf","category":null,"status":null,"uri":null,"name":"RHEL7 - RAC update limits","id":"2c75b666-0476-4250-a6b6-1030942cc7c5","state":null,"content":"# (c) Copyright 2018 Hewlett Packard Enterprise Development LP\n#\n# Licensed under the Apache License, Version 2.0 (the \"License\");\n# you may not use this file except in compliance with the License.\n# You may obtain a copy of the License at #http://www.apache.org/licenses/LICENSE-2.0\n#\n# Unless required by applicable law or agreed to in writing, software distributed\n# under the License is distributed on an \"AS IS\" BASIS, WITHOUT WARRANTIES #OR\n# CONDITIONS OF ANY KIND, either express or implied. See the License for the\n# specific language governing permissions and limitations under the License.\n\n# RHEL 7 - RAC update limits\nupload -<<EOF /tmp/ImageStreamer/update_limits\n#!/bin/bash\nex -c '1,$s/memlock *[0-9][0-9]*/memlock @MEMLOCK@/g' -c wq /etc/security/limits.d/oracle-limits.conf\nEOF\nchmod 755 /tmp/ImageStreamer/update_limits\ncommand /tmp/ImageStreamer/update_limits"}