{"type":"PlanScript","dependentArtifacts":null,"hpProvided":true,"eTag":null,"created":null,"modified":null,"customAttributes":null,"planType":"deploy","description":"This plan script may be used to test failure of OS deployment","category":null,"status":null,"uri":null,"name":"HPE - Foundation 1.0 - attempt or fail deployment","id":"33aaad42-fb7b-467d-a60f-1b66097cc6c3","state":null,"content":"# This plan script may be used to test failure of OS deployment.\necho \"Attempt or Intentionally Fail OS Deployment as Requested.\"\n@DeploymentTesting:Intentionally_Fail_OS_Deployment@"}