{"type":"PlanScript","dependentArtifacts":null,"hpProvided":true,"eTag":null,"created":null,"modified":null,"customAttributes":null,"planType":"deploy","description":"Configure all RAC hostnames and IP addresses","category":null,"status":null,"uri":null,"name":"RHEL7 - RAC hostname configuration Rev2","id":"40fb561b-cb43-442f-b385-cf207584648b","state":null,"content":"# (c) Copyright 2018 Hewlett Packard Enterprise Development LP\n#\n# Licensed under the Apache License, Version 2.0 (the \"License\");\n# you may not use this file except in compliance with the License.\n# You may obtain a copy of the License at #http://www.apache.org/licenses/LICENSE-2.0\n#\n# Unless required by applicable law or agreed to in writing, software distributed\n# under the License is distributed on an \"AS IS\" BASIS, WITHOUT WARRANTIES #OR\n# CONDITIONS OF ANY KIND, either express or implied. See the License for the\n# specific language governing permissions and limitations under the License.\n\n# RHEL7 - RAC hostname configuration\n\n# Set hostname\nupload -<<EOF /etc/hostname\n@HostName@.@DomainName@\nEOF\n# Add /etc/hosts entry for hostname\nupload -<<END /tmp/ImageStreamer/hosts_configure\n#! /bin/bash\ncp /etc/hosts /tmp/ImageStreamer/hosts\nsed '/127.0.0.1/a @PubNetwork.ipaddress@ @HostName@.@DomainName@ @HostName@\\n@OtherhostPubNet_IP@ @OtherHostname@.@DomainName@ @OtherHostname@\\n@PrvNetwork.ipaddress@ @PrvNetworkName@.@DomainName@ @PrvNetworkName@\\n@OtherhostPrvNetwork_IP@ @OtherhostPrvNetName@.@DomainName@ @OtherhostPrvNetName@\\n@Vip_IP@ @Vip@.@DomainName@ @Vip@\\n@OtherhostVip_IP@ @OtherhostVip@.@DomainName@ @OtherhostVip@\\n@Scan2_IP@ @Scan2@.@DomainName@ @Scan2@\\n@Scan3_IP@ @Scan3@.@DomainName@ @Scan3@\\n' </tmp/ImageStreamer/hosts >/etc/hosts\n\ncp /etc/sysconfig/network /tmp/ImageStreamer/network\nsed '/\\HOSTNAME=/s/HOSTNAME=.*/HOSTNAME=@HostName@/g' </tmp/ImageStreamer/network >/etc/sysconfig/network\n\nexit 0\nEND\nchmod 755 /tmp/ImageStreamer/hosts_configure\ncommand /tmp/ImageStreamer/hosts_configure\necho \"-------- new /etc/hostname----------\"\ncat /etc/hostname\necho \"-------- new /etc/hosts ----------\"\ncat /etc/hosts\necho \"-------- new /etc/sysconfig/network  ----------\"\ncat /etc/sysconfig/network"}