{"type":"PlanScript","dependentArtifacts":null,"hpProvided":true,"eTag":null,"created":null,"modified":null,"customAttributes":null,"planType":"general","description":"mount the root partition of the server","category":null,"status":null,"uri":null,"name":"RHEL7 - RAC mount","id":"46d7b8b3-bff2-445b-a301-4b496ab71a9d","state":null,"content":"# (c) Copyright 2018 Hewlett Packard Enterprise Development LP\n#\n# Licensed under the Apache License, Version 2.0 (the \"License\");\n# you may not use this file except in compliance with the License.\n# You may obtain a copy of the License at #http://www.apache.org/licenses/LICENSE-2.0\n#\n# Unless required by applicable law or agreed to in writing, software distributed\n# under the License is distributed on an \"AS IS\" BASIS, WITHOUT WARRANTIES #OR\n# CONDITIONS OF ANY KIND, either express or implied. See the License for the\n# specific language governing permissions and limitations under the License.\n\n# List the Volume Group and lvols:\nvgs\nlvs\nlist-filesystems\n\n# Mount the root partition (Assume that the partition type is Standard)\n#-mount /dev/sda3 /\n\n# Mount the root partition (Assume that the partition type is LVM type)\n-mount /dev/rhel/root /\n\n#Create temporary directory\nmkdir-p /tmp/ImageStreamer"}