{"type":"PlanScript","dependentArtifacts":null,"hpProvided":true,"eTag":null,"created":null,"modified":null,"customAttributes":null,"planType":"deploy","description":"Create script to install Oracle RAC","category":null,"status":null,"uri":null,"name":"RHEL7 - RAC create install_RAC.sh","id":"a432e321-b445-4ea6-ba77-a42a769b0376","state":null,"content":"# (c) Copyright 2018 Hewlett Packard Enterprise Development LP\n#\n# Licensed under the Apache License, Version 2.0 (the \"License\");\n# you may not use this file except in compliance with the License.\n# You may obtain a copy of the License at #http://www.apache.org/licenses/LICENSE-2.0\n#\n# Unless required by applicable law or agreed to in writing, software distributed\n# under the License is distributed on an \"AS IS\" BASIS, WITHOUT WARRANTIES #OR\n# CONDITIONS OF ANY KIND, either express or implied. See the License for the\n# specific language governing permissions and limitations under the License.\n\n# create_install_RAC.sh script\nupload -<<EOF /root/bootstrap/install_RAC.sh\n#!/bin/bash\n#\n# install Oracle RAC\n#\n# First install grid\n#\nsu - grid -c 'unzip /home/grid/linuxx64_12201_grid_home.zip -d /u01/app/12.2.0/grid'\nsu - grid -c 'rm -f /home/grid/linuxx64_12201_grid_home.zip'\n#\n# replace scanName, clusterName, clusterNodes, and passwords in response file\n#\nsu - grid -c \"sed -i 's/scanName=.*/scanName=@Scan1@/' /home/grid/grid-RAC.rsp\"\nsu - grid -c \"sed -i 's/clusterName=.*/clusterName=@ClusterName@/' /home/grid/grid-RAC.rsp\"\nsu - grid -c \"sed -i 's/clusterNodes=.*/clusterNodes=@HostName@.@DomainName@:@Vip@.@DomainName@:HUB,@OtherHostname@:@OtherhostVip@:HUB/' /home/grid/grid-RAC.rsp\"\nsu - grid -c \"sed -i 's/SYSASMPassword=.*/SYSASMPassword=@ASMpassword@/' /home/grid/grid-RAC.rsp\"\nsu - grid -c \"sed -i 's/monitorPassword=.*/monitorPassword=@MonitorPassword@/' /home/grid/grid-RAC.rsp\"\n#\nsu - grid -c '/u01/app/12.2.0/grid/gridSetup.sh  -waitForCompletion -skipPrereqs -silent -responseFile /home/grid/grid-RAC.rsp'\n/u01/app/oraInventory/orainstRoot.sh\n/u01/app/12.2.0/grid/root.sh\nssh @OtherHostname@ '/u01/app/oraInventory/orainstRoot.sh'\nssh @OtherHostname@ '/u01/app/12.2.0/grid/root.sh'\nsu - grid -c '/u01/app/12.2.0/grid/gridSetup.sh -executeConfigTools -silent -responseFile /home/grid/grid-RAC.rsp'\n#\n# Next install Oracle DB sw\n#\nchmod 775 /u01/app\nssh @OtherHostname@ 'chmod 775 /u01/app'\n#\n# replace cluster node names in response file\n#\nsu - oracle -c \"sed -i 's/CLUSTER_NODES=.*/CLUSTER_NODES=@HostName@,@OtherHostname@/' /home/oracle/db-RAC.rsp\"\n#\n# install Oracle DB sw\n#\nsu - oracle -c '/home/oracle/database/runInstaller -waitForCompletion -skipPrereqs -silent -responsefile /home/oracle/db-RAC.rsp'\n/u01/app/oracle/product/12.2.0/dbhome_1/root.sh\nssh @OtherHostname@ '/u01/app/oracle/product/12.2.0/dbhome_1/root.sh'\nEOF\nchmod 0754 /root/bootstrap/install_RAC.sh\necho \"-------created install_RAC.sh----------\"\ncat /root/bootstrap/install_RAC.sh"}