{"type":"PlanScript","dependentArtifacts":null,"hpProvided":true,"eTag":null,"created":null,"modified":null,"customAttributes":null,"planType":"deploy","description":"Create udev rules and multipath.conf for Oracle RAC volumes","category":null,"status":null,"uri":null,"name":"RHEL7 - RAC create udev rules and multipath.conf","id":"b9400b7f-8f49-4545-8fd3-84ea1ff76007","state":null,"content":"# (c) Copyright 2018 Hewlett Packard Enterprise Development LP\n#\n# Licensed under the Apache License, Version 2.0 (the \\\"License\\\");\n# you may not use this file except in compliance with the License.\n# You may obtain a copy of the License at http://www.apache.org/licenses/LICENSE-2.0\n#\n# Unless required by applicable law or agreed to in writing, software distributed\n# under the License is distributed on an \\\"AS IS\\\" BASIS, WITHOUT WARRANTIES OR\n# CONDITIONS OF ANY KIND, either express or implied. See the License for the\n# specific language governing permissions and limitations under the License.\n\nupload -<<END /tmp/ImageStreamer/udevrules_permission_and_multipath-configuration\n#! /bin/bash\n\ncat <<CONF1>/etc/multipath.conf\n# Added by Imagestreamer\ndefaults {\n        polling_interval 10\n        user_friendly_names yes\n        find_multipaths yes\n}\nblacklist {\n}\nmultipaths {\nCONF1\n\necho \"# Following entries added by ImageStreamer\" > /etc/udev/rules.d/12-oracle-permissions.rules\n\nIFS=$';'\n# we expect input something like this \"wwid1,alias1;wwid2,alias2;\"\nfor i in `echo \"@WWIDsAndAliases@\"`\ndo\nlunwwid=$(echo $i | cut -d\",\" -f1)\nlunalias=$(echo $i | cut -d\",\" -f2)\necho ENV\\{DM_NAME\\}==\\\"$lunalias\\\", OWNER:=\\\"grid\\\", GROUP:=\\\"asmadmin\\\", MODE:=\\\"660\\\"  >> /etc/udev/rules.d/12-oracle-permissions.rules\n\t\t\t\tcat <<CONF2>>/etc/multipath.conf\n\t\t\t\t        multipath {\n                wwid $lunwwid\n                alias $lunalias\n        }\nCONF2\ndone\necho \"}\"  >>/etc/multipath.conf\nexit 0\nEND\nchmod 755 /tmp/ImageStreamer/udevrules_permission_and_multipath-configuration\ncommand /tmp/ImageStreamer/udevrules_permission_and_multipath-configuration\necho \"-------- new /etc/multipath.conf ----------\"\ncat /etc/multipath.conf\necho \"-------- new /etc/udev/rules.d/12-oracle-permissions.rules ----------\"\ncat /etc/udev/rules.d/12-oracle-permissions.rules"}