{"type":"OeBuildPlan","dependentArtifacts":null,"buildStep":[{"planScriptUri":"/rest/plan-scripts/46d7b8b3-bff2-445b-a301-4b496ab71a9d","planScriptName":"RHEL7 - RAC mount","serialNumber":"1","parameters":null},{"planScriptUri":"/rest/plan-scripts/40fb561b-cb43-442f-b385-cf207584648b","planScriptName":"RHEL7 - RAC hostname configuration Rev2","serialNumber":"2","parameters":null},{"planScriptUri":"/rest/plan-scripts/188c4002-cfd9-4844-8f43-a99d1618fb61","planScriptName":"RHEL7 - RAC update resolv.conf","serialNumber":"3","parameters":null},{"planScriptUri":"/rest/plan-scripts/e6189983-010a-4852-86ff-c23318d26b08","planScriptName":"RHEL7 - RAC public and private network configuration Rev2","serialNumber":"4","parameters":null},{"planScriptUri":"/rest/plan-scripts/812d924e-28fb-45e9-b841-ac6a85cef952","planScriptName":"RHEL7 - RAC update kernel params","serialNumber":"5","parameters":null},{"planScriptUri":"/rest/plan-scripts/2c75b666-0476-4250-a6b6-1030942cc7c5","planScriptName":"RHEL7 - RAC update limits","serialNumber":"6","parameters":null},{"planScriptUri":"/rest/plan-scripts/b9400b7f-8f49-4545-8fd3-84ea1ff76007","planScriptName":"RHEL7 - RAC create udev rules and multipath.conf","serialNumber":"7","parameters":null},{"planScriptUri":"/rest/plan-scripts/e5d22aea-81f8-43aa-859a-65adabc4708a","planScriptName":"RHEL7 - RAC create firstboot service","serialNumber":"8","parameters":null},{"planScriptUri":"/rest/plan-scripts/e25471ee-032b-4b06-90c9-66c20fa328a1","planScriptName":"RHEL7 - RAC create firstboot.sh script","serialNumber":"9","parameters":null},{"planScriptUri":"/rest/plan-scripts/ef605dc7-b970-49f8-8e3d-cccc7b7dbc3b","planScriptName":"RHEL7 - RAC create sshkeydist.sh","serialNumber":"10","parameters":null},{"planScriptUri":"/rest/plan-scripts/a432e321-b445-4ea6-ba77-a42a769b0376","planScriptName":"RHEL7 - RAC create install_RAC.sh","serialNumber":"11","parameters":null},{"planScriptUri":"/rest/plan-scripts/bf24202b-1544-4e72-938f-6d23a9d20ad3","planScriptName":"RHEL7 - RAC unmount","serialNumber":"12","parameters":null},{"planScriptUri":"/rest/plan-scripts/33aaad42-fb7b-467d-a60f-1b66097cc6c3","planScriptName":"HPE - Foundation 1.0 - attempt or fail deployment","serialNumber":"13","parameters":null}],"customAttributes":[{"constraints":"{\"helpText\":\"\"}","description":"","name":"OtherhostVip_IP","value":"","type":"ipv4"},{"constraints":"{}","description":"","name":"Scan1","value":"","type":"string"},{"constraints":"{\"parameters\":[\"ipaddress\"]}","description":"","name":"Scan2","value":"","type":"string"},{"constraints":"{\"helpText\":\"\"}","description":"","name":"Vip_IP","value":"","type":"ipv4"},{"constraints":"{\"parameters\":[\"ipaddress\"]}","description":"","name":"Scan3","value":"","type":"string"},{"constraints":"{\"parameters\":[\"ipaddress\"]}","description":"","name":"Vip","value":"","type":"string"},{"constraints":"{\"helpText\":\"\"}","description":"","name":"OtherhostPrvNetwork_IP","value":"","type":"ipv4"},{"constraints":"{\"maxlen\":\"20\"}","description":"","name":"GridUserPassword","value":"","type":"password"},{"constraints":"{\"maxlen\":\"20\"}","description":"","name":"OracleUserPassword","value":"","type":"password"},{"constraints":"{}","description":"","name":"ClusterName","value":"","type":"string"},{"constraints":"{\"helpText\":\"\"}","description":"","name":"OtherHostname","value":"","type":"hostname"},{"constraints":"{}","description":"","name":"PrvNetworkName","value":"","type":"string"},{"constraints":"{\"helpText\":\"\",\"options\":[\"\"]}","description":"","name":"DomainName","value":"","type":"fqdn"},{"constraints":"{\"helpText\":\"\"}","description":"","name":"OtherhostPubNet_IP","value":"","type":"ipv4"},{"constraints":"{\"helpText\":\"\"}","description":"","name":"Scan2_IP","value":"","type":"ipv4"},{"constraints":"{}","description":"","name":"DeploymentTesting","value":"Intentionally_Fail_OS_Deployment","type":"string"},{"constraints":"{\"unit\":\"pages\"}","description":"","name":"HUGEPAGES","value":"","type":"number"},{"constraints":"{\"maxlen\":\"20\",\"options\":[\"\"]}","description":"","name":"ASMpassword","value":"","type":"password"},{"constraints":"{}","description":"","name":"WWIDsAndAliases","value":"","type":"string"},{"constraints":"{\"maxlen\":\"20\"}","description":"","name":"MonitorPassword","value":"","type":"password"},{"constraints":"{\"helpText\":\"\",\"options\":[\"\"]}","description":"","name":"HostName","value":"","type":"hostname"},{"constraints":"{\"unit\":\"KB\"}","description":"","name":"MEMLOCK","value":"","type":"number"},{"constraints":"{\"maxlen\":\"20\"}","description":"","name":"RootUserPassword","value":"","type":"password"},{"constraints":"{\"helpText\":\"\"}","description":"","name":"Scan3_IP","value":"","type":"ipv4"},{"constraints":"{}","description":"","name":"OtherhostPrvNetName","value":"","type":"string"},{"constraints":"{\"unit\":\"bytes\"}","description":"","name":"SHMMAX","value":"","type":"number"},{"constraints":"{\"ipv4static\":true,\"ipv4dhcp\":false,\"ipv4disable\":false,\"ipv4noteaming\":false,\"parameters\":[\"gateway\",\"ipaddress\",\"mac\",\"netmask\"]}","description":"","name":"PubNetwork","value":"","type":"nic"},{"constraints":"{\"ipv4static\":true,\"ipv4dhcp\":false,\"ipv4disable\":false,\"ipv4noteaming\":false,\"parameters\":[\"ipaddress\",\"mac\",\"netmask\"]}","description":"","name":"PrvNetwork","value":"","type":"nic"},{"constraints":"{\"parameters\":[\"ipaddress\"]}","description":"","name":"OtherhostVip","value":"","type":"string"}],"eTag":null,"created":null,"modified":null,"hpProvided":true,"buildPlanid":"cb708085-66d3-4f09-84d4-86050b0745ad","oeBuildPlanType":"deploy","description":"Deploy an Oracle RAC node\n(c) Copyright 2018 Hewlett Packard Enterprise Development LP\nLicensed under the Apache License, Version 2.0 (the \"License\");...","category":null,"status":null,"uri":null,"name":"RHEL 7 Deploy RAC Node Rev2"}