{"type":"PlanScript","dependentArtifacts":null,"hpProvided":true,"eTag":null,"created":null,"modified":null,"customAttributes":null,"planType":"deploy","description":"Create first boot script for Oracle RAC install","category":null,"status":null,"uri":null,"name":"RHEL7 - RAC create firstboot.sh script","id":"e25471ee-032b-4b06-90c9-66c20fa328a1","state":null,"content":"# (c) Copyright 2018 Hewlett Packard Enterprise Development LP\n#\n# Licensed under the Apache License, Version 2.0 (the \"License\");\n# you may not use this file except in compliance with the License.\n# You may obtain a copy of the License at #http://www.apache.org/licenses/LICENSE-2.0\n#\n# Unless required by applicable law or agreed to in writing, software distributed\n# under the License is distributed on an \"AS IS\" BASIS, WITHOUT WARRANTIES #OR\n# CONDITIONS OF ANY KIND, either express or implied. See the License for the\n# specific language governing permissions and limitations under the License.\n\necho \"--------------- create firstboot.sh script ----------------\"\n\nmkdir /root/bootstrap\nchmod 0744 /root/bootstrap\n\nupload -<<EOF /root/bootstrap/firstboot.sh \n#!/bin/bash\n\nif [ ! -f  /root/bootstrap/.firstboot ]; then\n        echo \"First time boot, .firstboot not found\"\n        # wait for network to start\n        sleep 30\n        # only run if both nodes are up\n        ping -c1 @OtherHostname@\n        if [ $? -eq 0 ]; then \n            if [ -f /root/bootstrap/sshkeydist.sh ]; then\n                /root/bootstrap/sshkeydist.sh\n                if [ $? -eq 0 ]; then\n                    if [ -f /root/bootstrap/install_RAC.sh ]; then\n                       /root/bootstrap/install_RAC.sh\n                       if [ $? -eq 0 ]; then\n                           # create .firstboot on both hosts\n                           touch /root/bootstrap/.firstboot\n                           ssh @OtherHostname@ 'touch /root/bootstrap/.firstboot'\n                       else \n                            echo \"RAC install failed\"\n                        fi\n                    else\n                       echo \"could not find /root/bootstrap/install_RAC.sh\"\n                    fi\n                else\n                    echo \"ssh key config failed\"\n                fi\n            else\n                echo \"could not find /root/bootstrap/sshkeydist.sh\"\n            fi\n        else\n            echo \"no network connectivity to @OtherHostname@\"\n        fi\nelse\n        echo \"firstboot check complete\"\nfi\nEOF\n\nchmod 0754 /root/bootstrap/firstboot.sh\n\necho \"--------------- created firstboot.sh script ----------------\"\ncat /root/bootstrap/firstboot.sh"}