{"type":"PlanScript","dependentArtifacts":null,"hpProvided":true,"eTag":null,"created":null,"modified":null,"customAttributes":null,"planType":"deploy","description":"Create service to run only at first boot","category":null,"status":null,"uri":null,"name":"RHEL7 - RAC create firstboot service","id":"e5d22aea-81f8-43aa-859a-65adabc4708a","state":null,"content":"# (c) Copyright 2018 Hewlett Packard Enterprise Development LP\n#\n# Licensed under the Apache License, Version 2.0 (the \"License\");\n# you may not use this file except in compliance with the License.\n# You may obtain a copy of the License at #http://www.apache.org/licenses/LICENSE-2.0\n#\n# Unless required by applicable law or agreed to in writing, software distributed\n# under the License is distributed on an \"AS IS\" BASIS, WITHOUT WARRANTIES #OR\n# CONDITIONS OF ANY KIND, either express or implied. See the License for the\n# specific language governing permissions and limitations under the License.\n\nupload -<<EOF /etc/systemd/system/firstboot.service\n[Unit]\nDescription= Configure ssh keys and install Oracle RAC\nAfter=network.target multi-user.target multipathd.service\n[Service]\nType=idle\nTimeoutStartSec=0\nUser=root\nExecStart=/root/bootstrap/firstboot.sh\n[Install]\nWantedBy=multi-user.target\nEOF\nchmod 0664 /etc/systemd/system/firstboot.service\nln-s /etc/systemd/system/firstboot.service /etc/systemd/system/multi-user.target.wants/firstboot.service\necho \"------ created firstboot.service---------------\"\ncat /etc/systemd/system/firstboot.service"}