{"type":"PlanScript","dependentArtifacts":null,"hpProvided":true,"eTag":null,"created":null,"modified":null,"customAttributes":null,"planType":"deploy","description":"Configure network devices for public network and RAC private network","category":null,"status":null,"uri":null,"name":"RHEL7 - RAC public and private network configuration Rev2","id":"e6189983-010a-4852-86ff-c23318d26b08","state":null,"content":"# (c) Copyright 2018 Hewlett Packard Enterprise Development LP\n#\n# Licensed under the Apache License, Version 2.0 (the \"License\");\n# you may not use this file except in compliance with the License.\n# You may obtain a copy of the License at #http://www.apache.org/licenses/LICENSE-2.0\n#\n# Unless required by applicable law or agreed to in writing, software distributed\n# under the License is distributed on an \"AS IS\" BASIS, WITHOUT WARRANTIES #OR\n# CONDITIONS OF ANY KIND, either express or implied. See the License for the\n# specific language governing permissions and limitations under the License.\n\n# Network configuration\n\nupload -<<END /tmp/ImageStreamer/pub_prv_net_configure\n\n#! /bin/bash\ncat <<EOF >/etc/sysconfig/network-scripts/ifcfg-ens3f3\nDEVICE=ens3f3\nBOOTPROTO=none\nHWADDR=@PubNetwork.mac@\nIPADDR=@PubNetwork.ipaddress@\nNETMASK=@PubNetwork.netmask@\nGATEWAY=@PubNetwork.gateway@\nONBOOT=yes\nEOF\n\ncat <<EOF >/etc/sysconfig/network-scripts/ifcfg-ens3f4\nDEVICE=ens3f4\nBOOTPROTO=none\nHWADDR=@PrvNetwork.mac@\nIPADDR=@PrvNetwork.ipaddress@\nNETMASK=@PrvNetwork.netmask@\nONBOOT=yes\nEOF\n\nEND\n\nchmod 755 /tmp/ImageStreamer/pub_prv_net_configure\ncommand /tmp/ImageStreamer/pub_prv_net_configure\necho \"-------- new /etc/sysconfig/network-scripts/ifcfg-ens#f#----------\"\ncat /etc/sysconfig/network-scripts/ifcfg-ens3f3\ncat /etc/sysconfig/network-scripts/ifcfg-ens3f4"}