{"type":"PlanScript","dependentArtifacts":null,"hpProvided":true,"eTag":null,"created":null,"modified":null,"customAttributes":null,"planType":"deploy","description":"Create script to copy SSH keys across RAC nodes","category":null,"status":null,"uri":null,"name":"RHEL7 - RAC create sshkeydist.sh","id":"ef605dc7-b970-49f8-8e3d-cccc7b7dbc3b","state":null,"content":"# (c) Copyright 2018 Hewlett Packard Enterprise Development LP\n#\n# Licensed under the Apache License, Version 2.0 (the \"License\");\n# you may not use this file except in compliance with the License.\n# You may obtain a copy of the License at #http://www.apache.org/licenses/LICENSE-2.0\n#\n# Unless required by applicable law or agreed to in writing, software distributed\n# under the License is distributed on an \"AS IS\" BASIS, WITHOUT WARRANTIES #OR\n# CONDITIONS OF ANY KIND, either express or implied. See the License for the\n# specific language governing permissions and limitations under the License.\n\n# name:\n#   RHEL7 - RAC create sshkeydist.sh\n#\n# Purpose:\n#   Create script to copy SSH keys across RAC nodes for the users \"grid\" & \"oracle\" & \"root\"\n#\n# Creating sshkeydist.sh\n#\nupload -<<END /root/bootstrap/sshkeydist.sh\n\n#! /bin/bash\n#\n# context: \n#    sshkeydist.sh distributes SSH keys across nodes when executed on first boot\n\n\t# Setting up passwdlesslogin for Oracle\n\t\n\tsu oracle -c 'mkdir ~/.ssh; \\\n\tchmod 700 ~/.ssh; \\\n\tssh-keygen -b 1024 -f /home/oracle/.ssh/id_rsa -N \"\";\\\n\tsshpass -p @OracleUserPassword@ ssh-copy-id -f -o StrictHostKeyChecking=no oracle@@@OtherHostname@; \\\n       sshpass -p @OracleUserPassword@ ssh-copy-id  -f -o StrictHostKeyChecking=no oracle@@@HostName@; \\\n\tsleep 3; ssh oracle@@@OtherHostname@ \"(ssh-keygen -N \\\"\\\" -b 1024 -f /home/oracle/.ssh/id_rsa ; \\\n        sshpass -p @OracleUserPassword@ ssh-copy-id  -f -o StrictHostKeyChecking=no oracle@@@OtherHostname@; \\\n\tsshpass -p @OracleUserPassword@ ssh-copy-id  -f -o StrictHostKeyChecking=no oracle@@@HostName@;)\"'\n\n\t# Setting up passwdlesslogin for Grid\n\t\n\tsu grid -c 'mkdir ~/.ssh; \\\n\tchmod 700 ~/.ssh; \\\n\tssh-keygen -b 1024 -f /home/grid/.ssh/id_rsa -N \"\";\\\n\tsshpass -p @GridUserPassword@ ssh-copy-id  -f -o StrictHostKeyChecking=no grid@@@OtherHostname@; \\\n        sshpass -p @GridUserPassword@ ssh-copy-id  -f -o StrictHostKeyChecking=no grid@@@HostName@; \\\n\tsleep 3; ssh grid@@@OtherHostname@ \"(ssh-keygen -N \\\"\\\" -b 1024 -f /home/grid/.ssh/id_rsa; \\\n        sshpass -p @GridUserPassword@ ssh-copy-id  -f -o StrictHostKeyChecking=no grid@@@OtherHostname@; \\\n\tsshpass -p @GridUserPassword@ ssh-copy-id -f -o StrictHostKeyChecking=no grid@@@HostName@;)\"'\n\t\n\t# Setting up passwdlesslogin for root\n\t\n\tmkdir /root/.ssh; \n\tchmod 700 /root/.ssh; \n\tssh-keygen -b 1024 -f /root/.ssh/id_rsa -N \"\";\n\tsshpass -p @RootUserPassword@ ssh-copy-id  -f -o StrictHostKeyChecking=no root@@@OtherHostname@;\n\tsleep 5; ssh-add; ssh root@@@OtherHostname@ \"(ssh-keygen -N \\\"\\\" -b 1024 -f /root/.ssh/id_rsa ; \\\n\tsshpass -p @RootUserPassword@ ssh-copy-id  -f -o StrictHostKeyChecking=no root@@@HostName@;)\"\nEND\n#\n#\nchmod 0754 /root/bootstrap/sshkeydist.sh\n\necho \"==== cat /root/bootstrap/sshkeydist.sh ====\"\ncat /root/bootstrap/sshkeydist.sh"}