{"type":"OeBuildPlan","dependentArtifacts":null,"customAttributes":[],"buildStep":[{"planScriptUri":"/rest/plan-scripts/b1d4ab4a-a578-4c69-8aa8-1380ec2cd32a","planScriptName":"HPE - RHEL7.x - SAP HANA DB - mount generalize - 2018-06-01","serialNumber":"1","parameters":null},{"planScriptUri":"/rest/plan-scripts/3c38dce7-d95f-4320-bd89-e20aef96c890","planScriptName":"HPE - Linux - SAP HANA DB - generalize host - 2018-06-01","serialNumber":"2","parameters":null},{"planScriptUri":"/rest/plan-scripts/92ae5f8f-aed2-44fe-b3bb-c6f5b43a491a","planScriptName":"HPE - RHEL7.x - SAP HANA DB - generalize network - 2018-06-01","serialNumber":"3","parameters":null},{"planScriptUri":"/rest/plan-scripts/d0eb9aa2-e6e4-46b9-8c62-50c456b76a9d","planScriptName":"HPE - Linux - SAP HANA DB - unmount generalize - 2018-06-01","serialNumber":"4","parameters":null}],"eTag":null,"created":null,"modified":null,"hpProvided":true,"buildPlanid":"3c953e6c-13e5-430c-b84b-a4d21e4fb525","oeBuildPlanType":"capture","category":null,"description":"Removes personalization settings from RHEL7.x.\n\n(c) Copyright 2018 Hewlett Packard Enterprise Development LP. Licensed under the Apache License, Version 2.0  (the \"License\");...","status":null,"uri":null,"name":"HPE - RHEL7.x - SAP HANA DB - generalize - 2018-06-01"}