{"type":"OeBuildPlan","dependentArtifacts":null,"customAttributes":[{"constraints":"{\"options\":[\"cifs\",\"nfs\"]}","description":"Network protocol for the software share. Either CIFS or NFS is supported.","name":"DepotMountType","value":"cifs","type":"option"},{"constraints":"{\"regex\":\"\",\"helpText\":\"\"}","description":"Name of the software share.","name":"DepotShareName","value":"","type":"string"},{"constraints":"{\"regex\":\"\",\"helpText\":\"\"}","description":"Directory on the software share that contains the SAP HANA installation media.","name":"DepotSapDirectory","value":"","type":"string"},{"constraints":"{\"regex\":\"\",\"helpText\":\"\"}","description":"Name of the LVM volume group for the SAP HANA database installation.","name":"LvmVolumeGroupName","value":"sapdata","type":"string"},{"constraints":"{\"minlen\":\"6\",\"maxlen\":\"64\"}","description":"The master password of the SAP HANA database that will be used for all SAP HANA users.","name":"HanaMasterPassword","value":"","type":"password"},{"constraints":"{\"regex\":\"\",\"helpText\":\"\"}","description":"Local installation directory for the SAP HANA database. The installation script, local input file and all installation logfiles will be stored here.","name":"InstallDirectory","value":"/root/hpe_ai","type":"string"},{"constraints":"{\"regex\":\"\",\"helpText\":\"\"}","description":"Domain name of the host.","name":"DomainName","value":"","type":"string"},{"constraints":"{\"regex\":\"\",\"helpText\":\"\"}","description":"Name of the LVM partition used for swap space.","name":"LvmVolumeNameSwap","value":"swap","type":"string"},{"constraints":"{\"unit\":\"GiB\"}","description":"Size of the LVM partition required for swap space in GiB.","name":"LvmVolumeSizeSwap","value":"20","type":"number"},{"constraints":"{\"options\":[\"Yes\",\"No\"]}","description":"Sets the autostart option for HANA after a system reboot. Possible values are Yes and No.","name":"HanaStartAfterReboot","value":"Yes","type":"option"},{"constraints":"{\"unit\":\"GiB\"}","description":"Size of the LVM partition required for /usr/sap in GiB.","name":"LvmVolumeSizeSap","value":"5","type":"number"},{"constraints":"{\"regex\":\"^(?!(98|99))[0-9]{2}$\",\"helpText\":\"\"}","description":"The two-digit SAP HANA Database Instance Number. Rules for SAP Instance Number apply.","name":"HanaInstanceNumber","value":"00","type":"string"},{"constraints":"{\"ipv4static\":true,\"ipv4dhcp\":true,\"ipv4disable\":false,\"parameters\":[\"dns1\",\"dns2\",\"domain\",\"gateway\",\"ipaddress\",\"mac\",\"netmask\"]}","description":"","name":"ManagementNIC1","value":"","type":"nic"},{"constraints":"{\"ipv4static\":true,\"ipv4dhcp\":true,\"ipv4disable\":true,\"parameters\":[\"dns1\",\"dns2\",\"domain\",\"gateway\",\"ipaddress\",\"mac\",\"netmask\"]}","description":"","name":"ManagementNIC2","value":"","type":"nic"},{"constraints":"{\"options\":[\"Enabled\",\"Disabled\"]}","description":"Defines if SSH shall be enabled on the deployed OS. Possible values are Enabled or Disabled.","name":"SSH","value":"Enabled","type":"option"},{"constraints":"{\"regex\":\"\",\"helpText\":\"\"}","description":"Name of the LVM partition used for /hana directory.","name":"LvmVolumeNameHana","value":"hana","type":"string"},{"constraints":"{\"options\":[\"False\",\"True\"]}","description":"Defines if the SAP HANA database shall be updated. Possible values are true and false.","name":"HanaUpdate","value":"False","type":"option"},{"constraints":"{\"regex\":\"^(?!(ADD|ALL|AMD|AND|ANY|ARE|ASC|AUX|AVG|BIT|CDC|COM|CON|DBA|END|EPS|FOR|GET|GID|IBM|INT|KEY|LOG|LPT|MAP|MAX|MIN|MON|NIX|NOT|NUL|OFF|OLD|OMS|OUT|PAD|PRN|RAW|REF|ROW|SAP|SET|SGA|SHG|SID|SQL|SUM|SYS|TMP|TOP|UID))([A-Z][A-Z0-9]{2})$\",\"helpText\":\"\"}","description":"The SAP System Identification of the SAP HANA database host. Rules for SAP System ID definition apply.","name":"HanaSID","value":"","type":"string"},{"constraints":"{\"regex\":\"\",\"helpText\":\"\"}","description":"Local mountpoint on the deployed host for the software share. The directory will be created during deployment.","name":"DepotLocalMountpoint","value":"/swdepot","type":"string"},{"constraints":"{\"helpText\":\"\"}","description":"The hostname of the system.","name":"HostName","value":"","type":"hostname"},{"constraints":"{\"unit\":\"GiB\"}","description":"Size of the LVM partition required for /hana in GiB.","name":"LvmVolumeSizeHana","value":"100","type":"number"},{"constraints":"{\"regex\":\"\",\"helpText\":\"\"}","description":"Username for the CIFS software share. For NFS, either delete this attribute in plan script \"HPE - SLES12 – SAP HANA DB - create local input\" file or enter a dummy value.","name":"DepotCifsUsername","value":"","type":"string"},{"constraints":"{\"maxlen\":\"64\"}","description":"Password for the CIFS software share. For NFS, either delete this attribute in plan script \"HPE - SLES12 – SAP HANA DB - create local input file\" or enter a dummy value.","name":"DepotCifsPassword","value":"","type":"password"},{"constraints":"{\"minlen\":\"8\",\"maxlen\":\"64\"}","description":"New password for the root user.","name":"NewRootPassword","value":"","type":"password"},{"constraints":"{\"regex\":\"\",\"helpText\":\"\"}","description":"Name of the LVM partition used for /usr/sap directory.","name":"LvmVolumeNameSap","value":"sap","type":"string"},{"constraints":"{\"helpText\":\"\"}","description":"IP-Address of the software share.","name":"DepotHost","value":"","type":"ipv4"}],"buildStep":[{"planScriptUri":"/rest/plan-scripts/23eccd4b-ef5d-44be-953b-fe99d425a445","planScriptName":"HPE - RHEL7.x - SAP HANA DB - mount and validate - 2018-06-01","serialNumber":"1","parameters":null},{"planScriptUri":"/rest/plan-scripts/4bd7e1dc-eea9-4001-bd71-9acb61a81fe5","planScriptName":"HPE - Linux - SAP HANA DB - configure multiple NICs - 2018-06-01","serialNumber":"2","parameters":null},{"planScriptUri":"/rest/plan-scripts/50f7cff7-e913-44e1-8c19-c85255cfee68","planScriptName":"HPE - Linux - SAP HANA DB - change root password - 2018-06-01","serialNumber":"3","parameters":null},{"planScriptUri":"/rest/plan-scripts/740e6d6e-f7d9-4cd9-8488-58ed091c23d0","planScriptName":"HPE - Linux - SAP HANA DB - configure hostname - 2018-06-01","serialNumber":"4","parameters":null},{"planScriptUri":"/rest/plan-scripts/e91bff21-a61d-4920-81f6-9450a36cc147","planScriptName":"HPE - Linux - SAP HANA DB - manage security services - 2018-06-01","serialNumber":"5","parameters":null},{"planScriptUri":"/rest/plan-scripts/bab98579-6e8e-49f4-9fec-9c8f646465de","planScriptName":"HPE - Linux - SAP HANA DB - partition SAN disk using LVM - 2018-06-01","serialNumber":"6","parameters":null},{"planScriptUri":"/rest/plan-scripts/f4c86660-1a8f-47f0-b0f7-78702ab49901","planScriptName":"HPE - RHEL7.x - SAP HANA DB - update OS settings - 2018-06-01","serialNumber":"7","parameters":null},{"planScriptUri":"/rest/plan-scripts/c18f79b3-1405-463b-86ae-53888eacb44d","planScriptName":"HPE - Linux - SAP HANA DB - create local input file - 2018-06-01","serialNumber":"8","parameters":null},{"planScriptUri":"/rest/plan-scripts/b9ce2cf7-2f62-4295-9fdf-fe3ebb14d770","planScriptName":"HPE - Linux - SAP HANA DB - create install script - 2018-06-01","serialNumber":"9","parameters":null},{"planScriptUri":"/rest/plan-scripts/152c9155-6b06-48e7-ad26-3f415a9d84db","planScriptName":"HPE - RHEL7.x - SAP HANA DB - unmount - 2018-06-01","serialNumber":"10","parameters":null}],"eTag":null,"created":null,"modified":null,"hpProvided":true,"buildPlanid":"3eea50f3-fde2-43aa-810b-564417100e6c","oeBuildPlanType":"deploy","category":null,"description":"Install and maintain SAP HANA on a RHEL7.x golden image.\n\n(c) Copyright 2018 Hewlett Packard Enterprise Development LP. Licensed under the Apache License, Version 2.0  (the \"License\");...","status":null,"uri":null,"name":"HPE - RHEL7.x - SAP HANA DB - deploy - 2018-06-01"}