{"type":"OEDeploymentPlan","hpProvided":true,"customAttributes":[{"editable":true,"visible":true,"constraints":"{\"ipv4static\":true,\"ipv4dhcp\":true,\"ipv4disable\":false,\"parameters\":[\"dns1\",\"dns2\",\"domain\",\"gateway\",\"ipaddress\",\"mac\",\"netmask\"]}","description":"","name":"ManagementNIC1","value":"","id":"9deb679b-a3d9-4678-9d3d-a10ce943f4a0","type":"nic"},{"editable":true,"visible":false,"constraints":"{\"options\":[\"Enabled\",\"Disabled\"]}","description":"Defines if SSH shall be enabled on the deployed OS. Possible values are Enabled or Disabled.","name":"SSH","value":"Enabled","id":"db114c05-3699-46a7-93ea-a6286f0d696a","type":"option"},{"editable":true,"visible":true,"constraints":"{\"regex\":\"^(?!(ADD|ALL|AMD|AND|ANY|ARE|ASC|AUX|AVG|BIT|CDC|COM|CON|DBA|END|EPS|FOR|GET|GID|IBM|INT|KEY|LOG|LPT|MAP|MAX|MIN|MON|NIX|NOT|NUL|OFF|OLD|OMS|OUT|PAD|PRN|RAW|REF|ROW|SAP|SET|SGA|SHG|SID|SQL|SUM|SYS|TMP|TOP|UID))([A-Z][A-Z0-9]{2})$\",\"helpText\":\"\"}","description":"The SAP System Identification of the SAP HANA database host. Rules for SAP System ID definition apply.","name":"HanaSID","value":"","id":"f76cfd1b-6059-45f2-8b21-9ca67f50f01b","type":"string"},{"editable":true,"visible":true,"constraints":"{\"helpText\":\"\"}","description":"The hostname of the system.","name":"HostName","value":"","id":"6461b1d6-b36d-4486-a47d-dc37e18802b1","type":"hostname"},{"editable":true,"visible":false,"constraints":"{\"regex\":\"\",\"helpText\":\"\"}","description":"Username for the CIFS software share. For NFS, either delete this attribute in plan script \"HPE - SLES12 – SAP HANA DB - create local input\" file or enter a dummy value.","name":"DepotCifsUsername","value":"Administrator","id":"4775a74d-8c04-4ed0-8d85-bd9dc108900d","type":"string"},{"editable":true,"visible":true,"constraints":"{\"minlen\":\"8\",\"maxlen\":\"64\"}","description":"New password for the root user.","name":"NewRootPassword","value":"","id":"00558de0-e6e9-4cec-867b-8b165d22bd92","type":"password"},{"editable":true,"visible":false,"constraints":"{\"regex\":\"\",\"helpText\":\"\"}","description":"Name of the LVM partition used for swap space.","name":"LvmVolumeNameSwap","value":"swap","id":"f178f55b-cd1e-4ff9-bf43-1d28988066f4","type":"string"},{"editable":true,"visible":false,"constraints":"{\"unit\":\"GiB\"}","description":"Size of the LVM partition required for swap space in GiB.","name":"LvmVolumeSizeSwap","value":"20","id":"1f7fd027-e9fe-44bb-b452-5360c8fb2dd7","type":"number"},{"editable":true,"visible":false,"constraints":"{\"unit\":\"GiB\"}","description":"Size of the LVM partition required for /usr/sap in GiB.","name":"LvmVolumeSizeSap","value":"5","id":"7709665a-1fa7-4215-a48f-c2c36305b03f","type":"number"},{"editable":true,"visible":false,"constraints":"{\"regex\":\"\",\"helpText\":\"\"}","description":"Directory on the software share that contains the SAP HANA installation media.","name":"DepotSapDirectory","value":"SAP_HANA_PLATFORM_20_SPS03","id":"78d2e74c-ff1f-41b5-acf8-1f0b016b169e","type":"string"},{"editable":true,"visible":false,"constraints":"{\"unit\":\"GiB\"}","description":"Size of the LVM partition required for /hana in GiB.","name":"LvmVolumeSizeHana","value":"100","id":"4760a4a5-8213-4009-adb3-f2b140550e14","type":"number"},{"editable":true,"visible":false,"constraints":"{\"regex\":\"\",\"helpText\":\"\"}","description":"Local mountpoint on the deployed host for the software share. The directory will be created during deployment.","name":"DepotLocalMountpoint","value":"/swdepot","id":"3ed5d30a-0dd5-43c8-b76c-bd704d48f277","type":"string"},{"editable":true,"visible":true,"constraints":"{\"ipv4static\":true,\"ipv4dhcp\":true,\"ipv4disable\":true,\"parameters\":[\"dns1\",\"dns2\",\"domain\",\"gateway\",\"ipaddress\",\"mac\",\"netmask\"]}","description":"","name":"ManagementNIC2","value":"","id":"a399634a-4c7a-4cb9-b9b0-9e66c3bfb6da","type":"nic"},{"editable":true,"visible":false,"constraints":"{\"options\":[\"False\",\"True\"]}","description":"Defines if the SAP HANA database shall be updated. Possible values are true and false.","name":"HanaUpdate","value":"False","id":"b383696b-6383-4454-8ef0-9efa1a47b25a","type":"option"},{"editable":true,"visible":false,"constraints":"{\"options\":[\"cifs\",\"nfs\"]}","description":"Network protocol for the software share. Either CIFS or NFS is supported.","name":"DepotMountType","value":"cifs","id":"3ed3e9fd-3d1a-4d48-b452-00344ecb0598","type":"option"},{"editable":true,"visible":false,"constraints":"{\"helpText\":\"\"}","description":"IP-Address of the software share.","name":"DepotHost","value":"172.16.12.22","id":"fe87acf5-0b6c-46aa-b15d-9883306fdb98","type":"ipv4"},{"editable":true,"visible":true,"constraints":"{\"regex\":\"^(?!(98|99))[0-9]{2}$\",\"helpText\":\"\"}","description":"The two-digit SAP HANA Database Instance Number. Rules for SAP Instance Number apply.","name":"HanaInstanceNumber","value":"00","id":"a42c7aaf-bb0f-4e32-a42a-2d8f4ac305e5","type":"string"},{"editable":true,"visible":true,"constraints":"{\"minlen\":\"6\",\"maxlen\":\"64\"}","description":"The master password of the SAP HANA database that will be used for all SAP HANA users.","name":"HanaMasterPassword","value":"","id":"37cfff87-2386-4567-b9f4-691c4ebcaa6e","type":"password"},{"editable":true,"visible":false,"constraints":"{\"regex\":\"\",\"helpText\":\"\"}","description":"Name of the LVM partition used for /hana directory.","name":"LvmVolumeNameHana","value":"hana","id":"127b01eb-e22b-40b7-a623-3c9f82094c2c","type":"string"},{"editable":true,"visible":true,"constraints":"{\"options\":[\"Yes\",\"No\"]}","description":"Sets the autostart option for HANA after a system reboot. Possible values are Yes and No.","name":"HanaStartAfterReboot","value":"Yes","id":"260f0b12-9c5a-4fe0-b14c-f5cbe2406e31","type":"option"},{"editable":true,"visible":true,"constraints":"{\"regex\":\"\",\"helpText\":\"\"}","description":"Domain name of the host.","name":"DomainName","value":"","id":"63fcc1c8-affb-44cc-a960-8788c1b57de8","type":"string"},{"editable":true,"visible":false,"constraints":"{\"regex\":\"\",\"helpText\":\"\"}","description":"Local installation directory for the SAP HANA database. The installation script, local input file and all installation logfiles will be stored here.","name":"InstallDirectory","value":"/root/hpe_ai","id":"3641b3e5-646a-46d8-92eb-c8abf3d07462","type":"string"},{"editable":true,"visible":false,"constraints":"{\"regex\":\"\",\"helpText\":\"\"}","description":"Name of the LVM partition used for /usr/sap directory.","name":"LvmVolumeNameSap","value":"sap","id":"5ce98e1f-a249-4287-bcc0-06c51cf87449","type":"string"},{"editable":true,"visible":false,"constraints":"{\"maxlen\":\"64\"}","description":"Password for the CIFS software share. For NFS, either delete this attribute in plan script \"HPE - SLES12 – SAP HANA DB - create local input file\" or enter a dummy value.","name":"DepotCifsPassword","value":"password","id":"cb60eaac-6b17-42e6-8a5f-cbec65f78282","type":"password"},{"editable":true,"visible":false,"constraints":"{\"regex\":\"\",\"helpText\":\"\"}","description":"Name of the LVM volume group for the SAP HANA database installation.","name":"LvmVolumeGroupName","value":"sapdata","id":"7ea3b0aa-b768-4a51-834a-d1098f911820","type":"string"},{"editable":true,"visible":false,"constraints":"{\"regex\":\"\",\"helpText\":\"\"}","description":"Name of the software share.","name":"DepotShareName","value":"SWDEPOT","id":"f30ffb50-8499-4c07-93bd-647c9978b7be","type":"string"}],"importMetadata":false,"eTag":null,"created":null,"modified":null,"oeBuildPlanURI":"HPE - RHEL7.x - SAP HANA DB - deploy - 2018-06-01","goldenImageURI":null,"category":null,"description":"Deploy SAP HANA into a RHEL7.x golden image.\n\n(c) Copyright 2018 Hewlett Packard Enterprise Development LP. Licensed under the Apache License, Version 2.0  (the \"License\");...","status":null,"uri":null,"name":"HPE - RHEL7.x - SAP HANA DB - deploy - 2018-06-01","id":"807f9684-9f37-4f39-a9b8-7633631f8905","state":null}