{"type":"PlanScript","dependentArtifacts":null,"hpProvided":true,"eTag":null,"created":null,"modified":null,"customAttributes":null,"planType":"capture","category":null,"description":"Remove network settings.","status":null,"uri":null,"name":"HPE - RHEL7.x - SAP HANA DB - generalize network - 2018-06-01","id":"92ae5f8f-aed2-44fe-b3bb-c6f5b43a491a","state":null,"content":"# (c) Copyright 2018 Hewlett Packard Enterprise Development LP\n#\n# Licensed under the Apache License, Version 2.0 (the \"License\");\n# you may not use this file except in compliance with the License.\n# You may obtain a copy of the License at http://www.apache.org/licenses/LICENSE-2.0\n#\n# Unless required by applicable law or agreed to in writing, software distributed\n# under the License is distributed on an \"AS IS\" BASIS, WITHOUT WARRANTIES OR\n# CONDITIONS OF ANY KIND, either express or implied. See the License for the\n# specific language governing permissions and limitations under the License.\n\n# Generalize the network\n!mkdir new_network\n\n# Copy \"/etc/sysconfig/network-scripts/\" directory\n-copy-out /etc/sysconfig/network-scripts/ new_network/\n\n-upload -<<END /tmp/ImageStreamer/generalize_network \n#!/bin/bash\n\nnet_cfg_files=$( ls new_network/network-scripts/ | grep \"ifcfg-\" )\n\nfor net_cfg_file in ${net_cfg_files}; do\n\tif [ \"${net_cfg_file}\" != \"ifcfg-lo\" ]; then\n\t\trm -f new_network/network-scripts/${net_cfg_file}\n\t\techo \"Network interface cfg file ${net_cfg_file} successfully removed!!!\" \n\tfi\ndone\n\nrm -f new_network/network/route-*\nEND\n\n-download /tmp/ImageStreamer/generalize_network ./generalize_network\n!source ./generalize_network\n\n# Replace the network directory with updated one\n-rm-rf /etc/sysconfig/network-scripts\n-copy-in new_network/network-scripts/ /etc/sysconfig/\n\n# Generalize network file \n-upload -<<END /etc/sysconfig/network\nEND\n\n# Clear the resolve.conf file\n-upload -<<END /etc/resolv.conf\nEND\n\n# Remove host keys\n-glob rm-rf /etc/ssh/ssh_host_*"}