{"type":"PlanScript","dependentArtifacts":null,"hpProvided":true,"eTag":null,"created":null,"modified":null,"customAttributes":null,"planType":"deploy","category":null,"description":"Customize kernel parameters for SAP HANA.","status":null,"uri":null,"name":"HPE - RHEL7.x - SAP HANA DB - update OS settings - 2018-06-01","id":"f4c86660-1a8f-47f0-b0f7-78702ab49901","state":null,"content":"# (c) Copyright 2018 Hewlett Packard Enterprise Development LP\n#\n# Licensed under the Apache License, Version 2.0 (the \"License\");\n# you may not use this file except in compliance with the License.\n# You may obtain a copy of the License at #http://www.apache.org/licenses/LICENSE-2.0\n#\n# Unless required by applicable law or agreed to in writing, software distributed\n# under the License is distributed on an \"AS IS\" BASIS, WITHOUT WARRANTIES OR\n# CONDITIONS OF ANY KIND, either express or implied. See the License for the\n# specific language governing permissions and limitations under the License.\n\n# Disable SELinux - SAP Note 2292690\n-download /etc/selinux/config ./config_selinux\n-upload -<<END /tmp/ImageStreamer/disable_selinux\n#!/bin/bash\n\nsed -i 's/^SELINUX=.*/SELINUX=disabled/g' ./config_selinux\nEND\n\n-download /tmp/ImageStreamer/disable_selinux ./disable_selinux\n!source ./disable_selinux\n-upload ./config_selinux /etc/selinux/config\n\n-mkdir-p /etc/tuned/sap-hpe-hana\n-upload -<<END /etc/tuned/sap-hpe-hana/tuned.conf\n#This file has been created by Image Streamer.\n######################################################\n# START: tuned profile sap-hpe-hana settings\n######################################################\n#\n# tuned configuration for HPE SAP HANA\n# Derived from RHEL/SAP 'sap-hana' profile\n# provided by 'sapconf' RPM\n#\n# Allows HPE SAP HANA specific tunings\n#\n[main]\ninclude = sap-hana\n\n[cpu]\n# SAP Note 2292690\nforce_latency = 70\n\n# Network parameters added - SAP Note 2382421\n[sysctl]\nnet.core.somaxconn = 4096\nnet.ipv4.tcp_max_syn_backlog = 8192\nnet.ipv4.ip_local_port_range = 1024 64999\nnet.ipv4.tcp_tw_reuse = 1\nnet.ipv4.tcp_tw_recycle = 1\nnet.ipv4.tcp_timestamps = 1\nnet.ipv4.tcp_syn_retries = 8\n# recommended values taken from SLES image\nnet.ipv4.tcp_mem = 10000000 10000000 10000000\nnet.ipv4.tcp_wmem = 10000000 10000000 10000000\nnet.ipv4.tcp_rmem = 10000000 10000000 10000000\nnet.ipv4.tcp_window_scaling = 1\nnet.core.rmem_default = 64000000\nnet.core.rmem_max = 64000000\nnet.core.wmem_default = 64000000\nnet.core.wmem_max = 64000000\n######################################################\n# END:   tuned profile sap-hpe-hana settings\n######################################################\nEND\n\n# Enable tuned profile\n-upload -<<END /tmp/enable_tuned_profile\n#!/bin/bash\n\nsystemctl enable tuned\nsystemctl start tuned\n\ntuned-adm profile sap-hpe-hana\n\nunlink \"${0}\"\nEND\n\n# Add script to firstboot.local to run on startup\n!echo \"# Enable tuned profile\" >> ./firstboot.local\n!echo \"sh /tmp/enable_tuned_profile\" >> ./firstboot.local"}