{"type":"PlanScript","uri":null,"category":null,"eTag":null,"created":null,"modified":null,"id":"206603e3-3062-4bf3-bd23-be47c5a61ee4","name":"HPE - ESXi - 3PAR SATP Claim Rule - 2017-04-05","description":"Create 3PAR SATP Claim Rule as per HPE Best Practice","status":null,"state":null,"planType":"deploy","content":"# (c) Copyright 2017 Hewlett Packard Enterprise Development LP\n#\n# Licensed under the Apache License, Version 2.0 (the \"License\");\n# you may not use this file except in compliance with the License.\n# You may obtain a copy of the License at #http://www.apache.org/licenses/LICENSE-2.0\n#\n# Unless required by applicable law or agreed to in writing, software distributed\n# under the License is distributed on an \"AS IS\" BASIS, WITHOUT WARRANTIES #OR\n# CONDITIONS OF ANY KIND, either express or implied. See the License for the\n# specific language governing permissions and limitations under the License.\n\necho \"########################################\"\necho \"Create 3PAR SATP Claim Rule as per HPE Best Practice         \"\necho \"Path Select Policy= Round Robin   iops =1                                 \"\necho \"########################################\"\n\nupload -<<END /ImageStreamer/esxi_satp\n#! /bin/bash\n\ncat <<\"EOF\" >>local.sh\nesxcli storage nmp satp rule add -s \"VMW_SATP_ALUA\" -P \"VMW_PSP_RR\" -O iops=1 -c \"tpgs_on\" -V \"3PARdata\" -M \"VV\" -e \"HP 3PAR Custom iSCSI/FC/FCoE ALUA Rule\"\nEOF\n\nexit 0\nEND\n\ndownload /ImageStreamer/esxi_satp esxi_satp\n!source ./esxi_satp\necho","customAttributes":null,"hpProvided":true,"dependentArtifacts":null}