{"type":"PlanScript","uri":null,"category":null,"eTag":null,"created":null,"modified":null,"id":"b941bb2a-4642-4d75-9d93-ad10290a885f","name":"HPE - ESXi - Syslog Servers - 2017-04-05","description":"Configure ESXi Syslog servers","status":null,"state":null,"planType":"deploy","content":"# (c) Copyright 2017 Hewlett Packard Enterprise Development LP\n#\n# Licensed under the Apache License, Version 2.0 (the \"License\");\n# you may not use this file except in compliance with the License.\n# You may obtain a copy of the License at #http://www.apache.org/licenses/LICENSE-2.0\n#\n# Unless required by applicable law or agreed to in writing, software distributed\n# under the License is distributed on an \"AS IS\" BASIS, WITHOUT WARRANTIES #OR\n# CONDITIONS OF ANY KIND, either express or implied. See the License for the\n# specific language governing permissions and limitations under the License.\n\necho \"########################################\"\necho \"Configure Syslog Servers                                                           \"\necho \"#######################################\"\n\nupload -<<END /ImageStreamer/esxi_syslog\n#! /bin/bash\n\ncat <<\"EOF\" >>local.sh\nesxcli system syslog config set --default-rotate @LogRotate:20@ --loghost @SyslogServers@\nEOF\n\nexit 0\nEND\n\ndownload /ImageStreamer/esxi_syslog esxi_syslog\n!source ./esxi_syslog\necho","customAttributes":null,"hpProvided":true,"dependentArtifacts":null}