{"type":"PlanScript","uri":null,"category":null,"eTag":null,"created":null,"modified":null,"id":"d8d8ad0a-4f45-4beb-9976-d83d87e9b573","name":"HPE - ESXi - Maintenance Mode - 2017-04-05","description":"Configure Maintenance Mode","status":null,"state":null,"planType":"deploy","content":"# (c) Copyright 2017 Hewlett Packard Enterprise Development LP\n#\n# Licensed under the Apache License, Version 2.0 (the \"License\");\n# you may not use this file except in compliance with the License.\n# You may obtain a copy of the License at #http://www.apache.org/licenses/LICENSE-2.0\n#\n# Unless required by applicable law or agreed to in writing, software distributed\n# under the License is distributed on an \"AS IS\" BASIS, WITHOUT WARRANTIES #OR\n# CONDITIONS OF ANY KIND, either express or implied. See the License for the\n# specific language governing permissions and limitations under the License.\n\necho \"#######################################\"\necho \"Configure Maintenance Mode                                                   \"\necho \"#######################################\"\n\nupload -<<END /ImageStreamer/esxi_maintenance_mode\n#! /bin/bash\nif [ \"@MaintenanceMode:enabled@\" = \"enabled\" ];then\ncat <<\"EOF\" >>local.sh\nesxcli system maintenanceMode set -e true\nEOF\nfi\nexit 0\nEND\n\ndownload /ImageStreamer/esxi_maintenance_mode esxi_maintenance_mode\n!source ./esxi_maintenance_mode\necho","customAttributes":null,"hpProvided":true,"dependentArtifacts":null}