{"type":"OEDeploymentPlan","hpProvided":true,"uri":null,"category":null,"eTag":null,"created":null,"modified":null,"id":"2d69cb44-da25-4780-8960-770ff402da92","name":"HPE - SLES12 - SAP HANA - deploy - 2019-04-12","description":"Deploy SAP HANA database into a SLES12 golden image.\n(c) Copyright 2019 Hewlett Packard Enterprise Development LP. Licensed under the Apache License, Version 2.0  (the \"License\");...","status":null,"state":null,"goldenImageURI":null,"oeBuildPlanURI":"HPE - SLES12 - SAP - deploy - 2019-04-12","importMetadata":false,"customAttributes":[{"name":"DepotShareName","visible":false,"value":"SWDEPOT","description":"Name of the software share.","type":"string","constraints":"{\"regex\":\"\",\"helpText\":\"\"}","editable":true,"id":"58a19190-4e75-45e6-9c2b-fb3b6fc0dd76"},{"name":"StartInstanceAfterReboot","visible":true,"value":"Yes","description":"Sets the autostart option for SAP Instances after a system reboot.","type":"option","constraints":"{\"options\":[\"Yes\",\"No\"]}","editable":true,"id":"8ff4d021-2728-4e93-bf4c-51377bf36964"},{"name":"HanaHostName","visible":true,"value":"","description":"FQDN hostname of the SAP HANA server.","type":"fqdn","constraints":"{\"helpText\":\"\"}","editable":true,"id":"711d5226-8fab-42d1-8f92-1f270ca8d53b"},{"name":"NIC2","visible":true,"value":null,"description":"NIC2 on the management network.","type":"nic","constraints":"{\"ipv4static\":true,\"ipv4dhcp\":true,\"ipv4disable\":true,\"parameters\":[\"dns1\",\"dns2\",\"domain\",\"gateway\",\"ipaddress\",\"mac\",\"netmask\"]}","editable":true,"id":"5bb81ead-b431-4de8-8c50-7ed80fbf5cb0"},{"name":"LvmVolumeGroupName","visible":false,"value":"sapdata","description":"Name of the LVM volume group for the SAP installation.","type":"string","constraints":"{\"regex\":\"\",\"helpText\":\"\",\"options\":[\"sapdata\"]}","editable":true,"id":"b124a826-e1f5-4985-a26d-99d6bcc3d57a"},{"name":"DepotHost","visible":false,"value":"172.16.12.22","description":"IP-Address of the software share.","type":"ipv4","constraints":"{\"helpText\":\"\"}","editable":true,"id":"09a6a28a-4241-4912-a45c-e30d1f41076f"},{"name":"HanaInstanceNumber","visible":true,"value":"00","description":"The two-digit SAP HANA Database Instance Number. Rules for SAP Instance Number apply.","type":"string","constraints":"{\"regex\":\"^(?!(98|99))[0-9]{2}$\",\"helpText\":\"\"}","editable":true,"id":"976e6d20-c5b3-42a9-b579-c798b8ca66e1"},{"name":"InstallDirectory","visible":false,"value":"/root/hpe_ai","description":"Local directory for the SAP installation. The installation script, local input file and all installation logfiles will be stored here.","type":"string","constraints":"{\"regex\":\"\",\"helpText\":\"\"}","editable":true,"id":"ecd31d7e-7501-41a7-917b-6b0ed1a821b0"},{"name":"HanaMasterPassword","visible":true,"value":"","description":"The master password of the SAP HANA database that will be used for all SAP HANA users.","type":"password","constraints":"{\"minlen\":\"8\",\"maxlen\":\"64\"}","editable":true,"id":"331edffa-cd44-42ce-bd35-89a81bbc076d"},{"name":"Storage","visible":true,"value":"HPE 3PAR StoreServ","description":"Defines which storage to use.","type":"option","constraints":"{\"options\":[\"HPE 3PAR StoreServ\",\"HPE Synergy D3940\"]}","editable":true,"id":"6d9d5b8d-f9bb-4c8a-8a4d-1c68ce874c48"},{"name":"NIC4","visible":true,"value":null,"description":"NIC4 on the management network for the SD Flex server.","type":"nic","constraints":"{\"ipv4static\":true,\"ipv4dhcp\":true,\"ipv4disable\":true,\"parameters\":[\"domain\",\"gateway\",\"ipaddress\",\"mac\",\"netmask\"]}","editable":true,"id":"3444b683-0657-423a-a87e-b62807f57a1a"},{"name":"SapVersion","visible":false,"value":"S4HANA1809","description":"Defines which SAP Version shall be installed.","type":"option","constraints":"{\"options\":[\"S4HANA1809\",\"BW4HANA10SR1\"]}","editable":true,"id":"6cd2e133-8aa8-4d58-9a3e-d21e7279d47b"},{"name":"SapStack","visible":false,"value":"ABAP","description":"Defines if the ABAP or JAVA Stack of a release shall be installed.","type":"option","constraints":"{\"options\":[\"ABAP\",\"Java\"]}","editable":true,"id":"b60608b3-7fc5-42e6-b10a-52c30931a46a"},{"name":"DepotCifsUsername","visible":false,"value":"Administrator","description":"Username for the CIFS software share. For NFS, either delete this attribute in plan script \"HPE - SLES12 - SAP HANA DB - create local input\" file or enter a dummy value.","type":"string","constraints":"{\"regex\":\"\",\"helpText\":\"\"}","editable":true,"id":"2b083d4f-ebe1-423d-9e67-121c555e7784"},{"name":"SSH","visible":false,"value":"Enabled","description":"Defines if SSH shall be enabled on the deployed OS.","type":"option","constraints":"{\"options\":[\"Enabled\",\"Disabled\"]}","editable":true,"id":"72861f98-f024-4d96-bec4-479f1892e756"},{"name":"SapHostName","visible":false,"value":"saphost.cloud.lab","description":"FQDN hostname for the SAP Application Server.","type":"fqdn","constraints":"{\"helpText\":\"\"}","editable":true,"id":"e87d929d-4592-406f-858d-a68675a10f22"},{"name":"LvmVolumeSizeSapmnt","visible":false,"value":"100","description":"","type":"number","constraints":"{\"unit\":\"GiB\"}","editable":true,"id":"81f4a0be-59c6-456e-acf1-f05781abe7ed"},{"name":"NIC1","visible":true,"value":null,"description":"NIC1 on the management network.","type":"nic","constraints":"{\"ipv4static\":true,\"ipv4dhcp\":true,\"ipv4disable\":false,\"parameters\":[\"dns1\",\"dns2\",\"domain\",\"gateway\",\"ipaddress\",\"mac\",\"netmask\"]}","editable":true,"id":"9e099104-6d5f-451c-9e8d-06e6ce0bf0ab"},{"name":"SapGlobalHost","visible":false,"value":"globalhost.cloud.lab","description":"FQDN hostname of the SAP global host.","type":"fqdn","constraints":"{\"helpText\":\"\"}","editable":true,"id":"98cf5bb3-af8f-4bf4-9820-602a0efbbc9d"},{"name":"LvmVolumeSizeSap","visible":false,"value":"20","description":"Size of the LVM partition required for /usr/sap in GiB.","type":"number","constraints":"{\"unit\":\"GiB\"}","editable":true,"id":"b1ed778c-08d8-4183-9b79-22ad169a5daf"},{"name":"DepotCifsPassword","visible":false,"value":"password","description":"Password for the CIFS software share. For NFS, either delete this attribute in plan script \"HPE - SLES12 - SAP - create local input file\" or enter a dummy value.","type":"password","constraints":"{\"minlen\":\"8\",\"maxlen\":\"64\"}","editable":true,"id":"8756150f-0bdf-4915-aaaf-e14753d5f5b3"},{"name":"LvmVolumeNameSap","visible":false,"value":"sap","description":"Name of the LVM partition used for /usr/sap directory.","type":"string","constraints":"{\"regex\":\"\",\"helpText\":\"\",\"options\":[\"sap\"]}","editable":true,"id":"61845ad1-31a3-4086-95a0-4dd5c9653b9b"},{"name":"HanaSID","visible":true,"value":"","description":"The SAP System Identification of the SAP HANA database host. Rules for SAP System ID definition apply.","type":"string","constraints":"{\"regex\":\"^(?!(ADD|ALL|AMD|AND|ANY|ARE|ASC|AUX|AVG|BIT|CDC|COM|CON|DBA|END|EPS|FOR|GET|GID|IBM|INT|KEY|LOG|LPT|MAP|MAX|MIN|MON|NIX|NOT|NUL|OFF|OLD|OMS|OUT|PAD|PRN|RAW|REF|ROW|SAP|SET|SGA|SHG|SID|SQL|SUM|SYS|TMP|TOP|UID))([A-Z][A-Z0-9]{2})$\",\"helpText\":\"\"}","editable":true,"id":"9c3d7127-1ab9-402e-b042-beb2fe16ff90"},{"name":"DepotSapDirectory","visible":false,"value":"SAP_HANA_PLATFORM_20_SPS03","description":"Directory on the software share that contains the SAP installation media.","type":"string","constraints":"{\"regex\":\"\",\"helpText\":\"\"}","editable":true,"id":"264d3c4a-d5fe-4a11-968a-3e511689f016"},{"name":"DepotMountType","visible":false,"value":"cifs","description":"Network protocol for the software share. Either CIFS or NFS is supported.","type":"option","constraints":"{\"options\":[\"cifs\",\"nfs\"]}","editable":true,"id":"0d1d6072-6c78-47a8-b5fa-6d802cc72b04"},{"name":"LvmVolumeNameHana","visible":false,"value":"hana","description":"Name of the LVM partition used for /hana directory. In case of SAP application only installation, the volume will not be created.","type":"string","constraints":"{\"regex\":\"\",\"helpText\":\"\"}","editable":true,"id":"f8a5dbcc-7d82-4aa7-b406-69fe9991c319"},{"name":"DepotLocalMountpoint","visible":false,"value":"/swdepot","description":"Local mountpoint on the deployed host for the \nsoftware share. The directory will be created during deployment.","type":"string","constraints":"{\"regex\":\"\",\"helpText\":\"\"}","editable":true,"id":"fc307e23-c1e1-4f31-876b-5a293464af8a"},{"name":"SapMasterPassword","visible":false,"value":"password","description":"Master Password for the SAP Application.","type":"password","constraints":"{\"minlen\":\"8\",\"maxlen\":\"64\"}","editable":true,"id":"2fca9768-f8f5-415d-ad9e-696cfee5d52a"},{"name":"HostFunction","visible":false,"value":"db","description":"Defines which SAP function shall be installed.\nPossible values: \"standard\" for SAP Primary Application Server, \"db\" for SAP HANA only installation, \"aas\" for additional SAP Application Server","type":"option","constraints":"{\"options\":[\"standard\",\"db\",\"aas\"]}","editable":true,"id":"d5fd6bd6-af36-4efd-9227-ba27bb3618e5"},{"name":"NIC3","visible":true,"value":null,"description":"NIC3 on the management network for the SD Flex server.","type":"nic","constraints":"{\"ipv4static\":true,\"ipv4dhcp\":true,\"ipv4disable\":true,\"parameters\":[\"domain\",\"gateway\",\"ipaddress\",\"mac\",\"netmask\"]}","editable":true,"id":"82e131d9-3b95-4f24-9848-3ef76e2123af"},{"name":"SapTestRun","visible":false,"value":"false","description":"Defines if the SAP installation shall be started in a test run. \nPossible Values: \n\"false\" Complete installation is executed.\n\"host_preparation\" host is prepared, but SAP installer not started.\n\"sap_summary\" SAP installer is stopped after the summary phase.","type":"option","constraints":"{\"options\":[\"false\",\"host_preparation\",\"sap_summary\"]}","editable":true,"id":"76446c66-de0c-4306-9aec-eb250dd1f32f"},{"name":"HanaUpdate","visible":false,"value":"False","description":"Defines if the SAP HANA database shall be updated. Possible values are true and false.","type":"option","constraints":"{\"options\":[\"False\",\"True\"]}","editable":true,"id":"c45aab97-8925-426d-bcb5-09f1716483fe"},{"name":"LvmVolumeNameSwap","visible":false,"value":"swap","description":"Name of the LVM partition used for swap space.","type":"string","constraints":"{\"regex\":\"\",\"helpText\":\"\",\"options\":[\"swap\"]}","editable":true,"id":"07cdd8ac-cba0-4302-b481-45a2b10dec8b"},{"name":"NewRootPassword","visible":true,"value":"","description":"New password for the root user.","type":"password","constraints":"{\"minlen\":\"8\",\"maxlen\":\"64\"}","editable":true,"id":"cd172788-3a8b-4923-95be-ef803a6dd9c8"},{"name":"LvmVolumeNameSapmnt","visible":false,"value":"sapmnt","description":"Name of the LVM partition used for /sapmnt directory. In case of SAP HANA only installation, the volume will not be created.","type":"string","constraints":"{\"regex\":\"\",\"helpText\":\"\"}","editable":true,"id":"5f503776-8cc4-4704-ac78-2a48401e7a37"},{"name":"SapInstanceNumber","visible":false,"value":"01","description":"The two-digit SAP Instance Number. Rules for SAP Instance Number apply.","type":"string","constraints":"{\"regex\":\"^(?!(98|99))[0-9]{2}$\",\"helpText\":\"\"}","editable":true,"id":"3f41e5e4-ea82-413f-bf34-5b2335d637d6"},{"name":"LvmVolumeSizeSwap","visible":false,"value":"20","description":"Size of the LVM partition required for swap space in GiB.","type":"number","constraints":"{\"unit\":\"GiB\"}","editable":true,"id":"9b97c11f-e8c3-470e-ab90-152c9319ef23"},{"name":"SapSID","visible":false,"value":"S4H","description":"The SAP System Identification of the SAP Application. Rules for SAP System ID definition apply.","type":"string","constraints":"{\"regex\":\"^(?!(ADD|ALL|AMD|AND|ANY|ARE|ASC|AUX|AVG|BIT|CDC|COM|CON|DBA|END|EPS|FOR|GET|GID|IBM|INT|KEY|LOG|LPT|MAP|MAX|MIN|MON|NIX|NOT|NUL|OFF|OLD|OMS|OUT|PAD|PRN|RAW|REF|ROW|SAP|SET|SGA|SHG|SID|SQL|SUM|SYS|TMP|TOP|UID))([A-Z][A-Z0-9]{2})$\",\"helpText\":\"\"}","editable":true,"id":"cdf616dc-d219-40fe-b397-64fb26932108"},{"name":"LvmVolumeSizeHana","visible":false,"value":"200","description":"Size of the LVM partition required for /hana in GiB.","type":"number","constraints":"{\"unit\":\"GiB\"}","editable":true,"id":"e92cd040-8e89-4016-9887-6ff906a955d6"}]}