{"type":"OeBuildPlan","uri":null,"category":null,"eTag":null,"created":null,"modified":null,"buildPlanid":"472ed1b1-3b17-41aa-87e8-193c3f7ffd51","name":"HPE - SLES12 - SAP - deploy - 2019-04-12","description":"Install and maintain SAP application and database on a SLES12 golden image.\n\n(c) Copyright 2019 Hewlett Packard Enterprise Development LP. Licensed under the Apache License, Version 2.0  (the \"License\");...","status":null,"hpProvided":true,"oeBuildPlanType":"deploy","buildStep":[{"planScriptUri":"/rest/plan-scripts/e254fbf6-2e08-4ead-8149-70549d8c3e97","serialNumber":"1","parameters":null,"planScriptName":"HPE - SLES12 - SAP - mount and validate - 2019-04-12"},{"planScriptUri":"/rest/plan-scripts/ae527509-c5b6-4081-b758-61a59833e23f","serialNumber":"2","parameters":null,"planScriptName":"HPE - Linux - SAP - configure multiple NICs - 2019-04-12"},{"planScriptUri":"/rest/plan-scripts/6d3e9892-a432-44c0-8e4c-ad51e4019df0","serialNumber":"3","parameters":null,"planScriptName":"HPE - Linux - SAP - change root password - 2019-04-12"},{"planScriptUri":"/rest/plan-scripts/271a6516-456e-4847-bdff-fa8a483e564f","serialNumber":"4","parameters":null,"planScriptName":"HPE - Linux - SAP - configure hostname - 2019-04-12"},{"planScriptUri":"/rest/plan-scripts/9dd30530-f706-4e8c-85ce-473d70388c83","serialNumber":"5","parameters":null,"planScriptName":"HPE - Linux - SAP - manage security services - 2019-04-12"},{"planScriptUri":"/rest/plan-scripts/95eac1c2-2740-400c-965e-53dcf050176c","serialNumber":"6","parameters":null,"planScriptName":"HPE - Linux - SAP - partition disk using LVM - 2019-04-12"},{"planScriptUri":"/rest/plan-scripts/5021cec1-7fe8-4c8f-a7bb-dbf38ac14b4a","serialNumber":"7","parameters":null,"planScriptName":"HPE - Linux - SAP - create local input file - 2019-04-12"},{"planScriptUri":"/rest/plan-scripts/5bba2953-f6a0-44aa-955d-2f8e526cadf7","serialNumber":"8","parameters":null,"planScriptName":"HPE - Linux - SAP - create install script - 2019-04-12"},{"planScriptUri":"/rest/plan-scripts/8f743bd1-304d-410f-8e90-db0b3e298ac2","serialNumber":"9","parameters":null,"planScriptName":"HPE - SLES12 - SAP - unmount - 2019-04-12"}],"customAttributes":[{"name":"LvmVolumeSizeSapmnt","description":"","value":"100","constraints":"{\"unit\":\"GiB\"}","type":"number"},{"name":"SapSID","description":"The SAP System Identification of the SAP Application. Rules for SAP System ID definition apply.","value":"","constraints":"{\"regex\":\"^(?!(ADD|ALL|AMD|AND|ANY|ARE|ASC|AUX|AVG|BIT|CDC|COM|CON|DBA|END|EPS|FOR|GET|GID|IBM|INT|KEY|LOG|LPT|MAP|MAX|MIN|MON|NIX|NOT|NUL|OFF|OLD|OMS|OUT|PAD|PRN|RAW|REF|ROW|SAP|SET|SGA|SHG|SID|SQL|SUM|SYS|TMP|TOP|UID))([A-Z][A-Z0-9]{2})$\",\"helpText\":\"\"}","type":"string"},{"name":"SapStack","description":"Defines if the ABAP or JAVA Stack of a release shall be installed.","value":"ABAP","constraints":"{\"options\":[\"ABAP\",\"Java\"]}","type":"option"},{"name":"DepotCifsPassword","description":"Password for the CIFS software share. For NFS, either delete this attribute in plan script \"HPE - SLES12 - SAP - create local input file\" or enter a dummy value.","value":"","constraints":"{\"minlen\":\"8\",\"maxlen\":\"64\"}","type":"password"},{"name":"SapTestRun","description":"Defines if the SAP installation shall be started in a test run. \nPossible Values: \n\"false\" Complete installation is executed.\n\"host_preparation\" host is prepared, but SAP installer not started.\n\"sap_summary\" SAP installer is stopped after the summary phase.","value":"false","constraints":"{\"options\":[\"false\",\"host_preparation\",\"sap_summary\"]}","type":"option"},{"name":"SapMasterPassword","description":"Master Password for the SAP Application.","value":"","constraints":"{\"minlen\":\"8\",\"maxlen\":\"64\"}","type":"password"},{"name":"HostFunction","description":"Defines which SAP function shall be installed.\nPossible values: \"standard\" for SAP Primary Application Server, \"db\" for SAP HANA only installation, \"aas\" for additional SAP Application Server","value":"standard","constraints":"{\"options\":[\"standard\",\"db\",\"aas\"]}","type":"option"},{"name":"DepotMountType","description":"Network protocol for the software share. Either CIFS or NFS is supported.","value":"cifs","constraints":"{\"options\":[\"cifs\",\"nfs\"]}","type":"option"},{"name":"InstallDirectory","description":"Local directory for the SAP installation. The installation script, local input file and all installation logfiles will be stored here.","value":"/root/hpe_ai","constraints":"{\"regex\":\"\",\"helpText\":\"\"}","type":"string"},{"name":"LvmVolumeSizeSap","description":"Size of the LVM partition required for /usr/sap in GiB.","value":"20","constraints":"{\"unit\":\"GiB\"}","type":"number"},{"name":"HanaUpdate","description":"Defines if the SAP HANA database shall be updated. Possible values are true and false.","value":"False","constraints":"{\"options\":[\"False\",\"True\"]}","type":"option"},{"name":"LvmVolumeNameSap","description":"Name of the LVM partition used for /usr/sap directory.","value":"sap","constraints":"{\"regex\":\"\",\"helpText\":\"\",\"options\":[\"sap\"]}","type":"string"},{"name":"SapInstanceNumber","description":"The two-digit SAP Instance Number. Rules for SAP Instance Number apply.","value":"01","constraints":"{\"regex\":\"^(?!(98|99))[0-9]{2}$\",\"helpText\":\"\"}","type":"string"},{"name":"LvmVolumeNameSapmnt","description":"Name of the LVM partition used for /sapmnt directory. In case of SAP HANA only installation, the volume will not be created.","value":"sapmnt","constraints":"{\"regex\":\"\",\"helpText\":\"\"}","type":"string"},{"name":"SapVersion","description":"Defines which SAP Version shall be installed.","value":"S4HANA1809","constraints":"{\"options\":[\"S4HANA1809\",\"BW4HANA10SR1\"]}","type":"option"},{"name":"DepotLocalMountpoint","description":"Local mountpoint on the deployed host for the \nsoftware share. The directory will be created during deployment.","value":"/swdepot","constraints":"{\"regex\":\"\",\"helpText\":\"\"}","type":"string"},{"name":"LvmVolumeNameHana","description":"Name of the LVM partition used for /hana directory. In case of SAP application only installation, the volume will not be created.","value":"hana","constraints":"{\"regex\":\"\",\"helpText\":\"\"}","type":"string"},{"name":"HanaMasterPassword","description":"The master password of the SAP HANA database that will be used for all SAP HANA users.","value":"","constraints":"{\"minlen\":\"8\",\"maxlen\":\"64\"}","type":"password"},{"name":"LvmVolumeSizeHana","description":"Size of the LVM partition required for /hana in GiB.","value":"200","constraints":"{\"unit\":\"GiB\"}","type":"number"},{"name":"DepotCifsUsername","description":"Username for the CIFS software share. For NFS, either delete this attribute in plan script \"HPE - SLES12 - SAP HANA DB - create local input\" file or enter a dummy value.","value":"Administrator","constraints":"{\"regex\":\"\",\"helpText\":\"\"}","type":"string"},{"name":"LvmVolumeGroupName","description":"Name of the LVM volume group for the SAP installation.","value":"sapdata","constraints":"{\"regex\":\"\",\"helpText\":\"\",\"options\":[\"sapdata\"]}","type":"string"},{"name":"HanaSID","description":"The SAP System Identification of the SAP HANA database host. Rules for SAP System ID definition apply.","value":"","constraints":"{\"regex\":\"^(?!(ADD|ALL|AMD|AND|ANY|ARE|ASC|AUX|AVG|BIT|CDC|COM|CON|DBA|END|EPS|FOR|GET|GID|IBM|INT|KEY|LOG|LPT|MAP|MAX|MIN|MON|NIX|NOT|NUL|OFF|OLD|OMS|OUT|PAD|PRN|RAW|REF|ROW|SAP|SET|SGA|SHG|SID|SQL|SUM|SYS|TMP|TOP|UID))([A-Z][A-Z0-9]{2})$\",\"helpText\":\"\"}","type":"string"},{"name":"SapHostName","description":"FQDN hostname for the SAP Application Server.","value":"","constraints":"{\"helpText\":\"\"}","type":"fqdn"},{"name":"NIC4","description":"NIC4 on the management network for the SD Flex server.","value":null,"constraints":"{\"ipv4static\":true,\"ipv4dhcp\":true,\"ipv4disable\":true,\"parameters\":[\"domain\",\"gateway\",\"ipaddress\",\"mac\",\"netmask\"]}","type":"nic"},{"name":"LvmVolumeNameSwap","description":"Name of the LVM partition used for swap space.","value":"swap","constraints":"{\"regex\":\"\",\"helpText\":\"\",\"options\":[\"swap\"]}","type":"string"},{"name":"SSH","description":"Defines if SSH shall be enabled on the deployed OS.","value":"Enabled","constraints":"{\"options\":[\"Enabled\",\"Disabled\"]}","type":"option"},{"name":"LvmVolumeSizeSwap","description":"Size of the LVM partition required for swap space in GiB.","value":"20","constraints":"{\"unit\":\"GiB\"}","type":"number"},{"name":"NewRootPassword","description":"New password for the root user.","value":"","constraints":"{\"minlen\":\"8\",\"maxlen\":\"64\"}","type":"password"},{"name":"NIC1","description":"NIC1 on the management network.","value":null,"constraints":"{\"ipv4static\":true,\"ipv4dhcp\":true,\"ipv4disable\":false,\"parameters\":[\"dns1\",\"dns2\",\"domain\",\"gateway\",\"ipaddress\",\"mac\",\"netmask\"]}","type":"nic"},{"name":"NIC2","description":"NIC2 on the management network.","value":null,"constraints":"{\"ipv4static\":true,\"ipv4dhcp\":true,\"ipv4disable\":true,\"parameters\":[\"dns1\",\"dns2\",\"domain\",\"gateway\",\"ipaddress\",\"mac\",\"netmask\"]}","type":"nic"},{"name":"NIC3","description":"NIC3 on the management network for the SD Flex server.","value":null,"constraints":"{\"ipv4static\":true,\"ipv4dhcp\":true,\"ipv4disable\":true,\"parameters\":[\"domain\",\"gateway\",\"ipaddress\",\"mac\",\"netmask\"]}","type":"nic"},{"name":"DepotHost","description":"IP-Address of the software share.","value":"","constraints":"{\"helpText\":\"\"}","type":"ipv4"},{"name":"DepotShareName","description":"Name of the software share.","value":"SWDEPOT","constraints":"{\"regex\":\"\",\"helpText\":\"\"}","type":"string"},{"name":"Storage","description":"Defines which storage to use.","value":"HPE 3PAR StoreServ","constraints":"{\"options\":[\"HPE 3PAR StoreServ\",\"HPE Synergy D3940\"]}","type":"option"},{"name":"HanaHostName","description":"FQDN hostname of the SAP HANA server.","value":"","constraints":"{\"helpText\":\"\"}","type":"fqdn"},{"name":"DepotSapDirectory","description":"Directory on the software share that contains the SAP installation media.","value":"","constraints":"{\"regex\":\"\",\"helpText\":\"\"}","type":"string"},{"name":"SapGlobalHost","description":"FQDN hostname of the SAP global host.","value":"","constraints":"{\"helpText\":\"\"}","type":"fqdn"},{"name":"HanaInstanceNumber","description":"The two-digit SAP HANA Database Instance Number. Rules for SAP Instance Number apply.","value":"00","constraints":"{\"regex\":\"^(?!(98|99))[0-9]{2}$\",\"helpText\":\"\"}","type":"string"},{"name":"StartInstanceAfterReboot","description":"Sets the autostart option for SAP Instances after a system reboot.","value":"Yes","constraints":"{\"options\":[\"Yes\",\"No\"]}","type":"option"}],"dependentArtifacts":null}