{"type":"PlanScript","uri":null,"category":null,"eTag":null,"created":null,"modified":null,"id":"5021cec1-7fe8-4c8f-a7bb-dbf38ac14b4a","name":"HPE - Linux - SAP - create local input file - 2019-04-12","description":"Creates the input file required for the SAP HANA and SAP application installation.","status":null,"state":null,"planType":"deploy","content":"# (c) Copyright 2019 Hewlett Packard Enterprise Development LP\n#\n# Licensed under the Apache License, Version 2.0 (the \"License\");\n# you may not use this file except in compliance with the License.\n# You may obtain a copy of the License at http://www.apache.org/licenses/LICENSE-2.0\n#\n# Unless required by applicable law or agreed to in writing, software distributed\n# under the License is distributed on an \"AS IS\" BASIS, WITHOUT WARRANTIES OR\n# CONDITIONS OF ANY KIND, either express or implied. See the License for the\n# specific language governing permissions and limitations under the License.\n\n-mkdir-p @InstallDirectory:/root/hpe_ai@\n\n-upload -<<END /tmp/ImageStreamer/create_local_input_file\n#!/bin/bash\n\nHostFunction='@HostFunction:standard@'\nHanaHostName='@HanaHostName@'\nSapHostName='@SapHostName@'\n\ncat <<EOF > ./local_input.ini\n#\n# Software Depot and global parameters\n#\nscrDepotCifsPassword='@DepotCifsPassword@'\nscrDepotCifsUsername='@DepotCifsUsername@'\nscrDepotHost='@DepotHost@'\nscrDepotLocalMountpoint='@DepotLocalMountpoint:/swdepot@'\nscrDepotMountType='@DepotMountType:cifs@'\nscrDepotShareName='@DepotShareName@'\nscrDepotSapDirectory='@DepotSapDirectory@'\n#\nscrHostFunction='@HostFunction:standard@'\nscrAutostartAfterReboot='@StartInstanceAfterReboot:yes@'\nEOF\n\nif [ \"${HostFunction,,}\" != \"db\" ]; then\n    cat <<EOF >> ./local_input.ini\n#\n# SAP Application parameters\n#\nscrHostnameFQDN_SAP='@SapHostName@'\nscrSID_SAP='@SapSID@'\nscrInstanceNumber_SAP='@SapInstanceNumber:01@'\nscrSapVersion='@SapVersion@'\nscrSapStack='@SapStack:ABAP@'\nscrMasterPW_SAP='@SapMasterPassword@'\nscrGlobalHost='@SapGlobalHost@'\nscrDryRun='@SapTestRun:false@'\nEOF\nfi\n\ncat <<EOF >> ./local_input.ini\n#\n# SAP HANA Database parameters\n#\nscrHostnameFQDN_HDB='@HanaHostName@'\nscrSID_HDB='@HanaSID@'\nscrInstanceNumber_HDB='@HanaInstanceNumber:00@'\nscrMasterPW_HDB='@HanaMasterPassword@'\nscrUpdateSAPHANA='@HanaUpdate:false@'\nEOF\n\nEND\n-download /tmp/ImageStreamer/create_local_input_file ./create_local_input_file\n!source ./create_local_input_file\n-upload ./local_input.ini @InstallDirectory@/local_input.ini\n-chmod 0600 @InstallDirectory@/local_input.ini","customAttributes":null,"hpProvided":true,"dependentArtifacts":null}