{"type":"OeBuildPlan","uri":null,"category":null,"eTag":null,"created":null,"modified":null,"buildPlanid":"5591e91e-efff-4beb-92d1-fc76c7160482","name":"HPE - SLES12 - SAP - generalize - 2019-04-12","description":"Removes personalization settings from SLES12.\n\n(c) Copyright 2019 Hewlett Packard Enterprise Development LP. Licensed under the Apache License, Version 2.0  (the \"License\");...","status":null,"hpProvided":true,"oeBuildPlanType":"capture","buildStep":[{"planScriptUri":"/rest/plan-scripts/8834cb24-dd92-46c0-b218-69e33572439a","serialNumber":"1","parameters":null,"planScriptName":"HPE - SLES12 - SAP - mount generalize - 2019-04-12"},{"planScriptUri":"/rest/plan-scripts/55cf249b-f3ea-4ecc-af01-b5300f0c337a","serialNumber":"2","parameters":null,"planScriptName":"HPE - Linux - SAP - generalize host - 2019-04-12"},{"planScriptUri":"/rest/plan-scripts/4f210f56-f4da-48a8-bbd6-e3339858ae53","serialNumber":"3","parameters":null,"planScriptName":"HPE - SLES12 - SAP - generalize network - 2019-04-12"},{"planScriptUri":"/rest/plan-scripts/5590058a-795e-4201-b947-a557942bd064","serialNumber":"4","parameters":null,"planScriptName":"HPE - Linux - SAP - unmount generalize - 2019-04-12"}],"customAttributes":[],"dependentArtifacts":null}