{"type":"PlanScript","uri":null,"category":null,"eTag":null,"created":null,"modified":null,"id":"6d3e9892-a432-44c0-8e4c-ad51e4019df0","name":"HPE - Linux - SAP - change root password - 2019-04-12","description":"Sets the root user password.","status":null,"state":null,"planType":"deploy","content":"# (c) Copyright 2019 Hewlett Packard Enterprise Development LP\n#\n# Licensed under the Apache License, Version 2.0 (the \"License\");\n# you may not use this file except in compliance with the License.\n# You may obtain a copy of the License at http://www.apache.org/licenses/LICENSE-2.0\n#\n# Unless required by applicable law or agreed to in writing, software distributed\n# under the License is distributed on an \"AS IS\" BASIS, WITHOUT WARRANTIES OR\n# CONDITIONS OF ANY KIND, either express or implied. See the License for the\n# specific language governing permissions and limitations under the License.\n\n# Change the root password\n-upload -<<END /tmp/change_root_password\n#!/bin/bash\n\necho \"root:@NewRootPassword@\" | chpasswd\n\nunlink \"${0}\"\nEND\n\n# Add script to firstboot.local to run on startup\n!echo \"# Change root password\" >> ./firstboot.local\n!echo \"sh /tmp/change_root_password\" >> ./firstboot.local","customAttributes":null,"hpProvided":true,"dependentArtifacts":null}