{"type":"PlanScript","uri":null,"category":null,"eTag":null,"created":null,"modified":null,"id":"8834cb24-dd92-46c0-b218-69e33572439a","name":"HPE - SLES12 - SAP - mount generalize - 2019-04-12","description":"Mount root partition for generalization.","status":null,"state":null,"planType":"capture","content":"# (c) Copyright 2019 Hewlett Packard Enterprise Development LP\n#\n# Licensed under the Apache License, Version 2.0 (the \"License\");\n# you may not use this file except in compliance with the License.\n# You may obtain a copy of the License at http://www.apache.org/licenses/LICENSE-2.0\n#\n# Unless required by applicable law or agreed to in writing, software distributed\n# under the License is distributed on an \"AS IS\" BASIS, WITHOUT WARRANTIES OR\n# CONDITIONS OF ANY KIND, either express or implied. See the License for the\n# specific language governing permissions and limitations under the License.\n\n# List the Volume Groups and Logical Volumes\n-vgs\n-lvs\n-list-filesystems\n\n# Mount the root partition (we assume that the partition type is standard)\n-mount /dev/sda3 /\n\n# Create temporary directory\n-mkdir-p /tmp/ImageStreamer\n\n# Download OS release file\n-download /etc/os-release ./os-release\n\n-upload -<<END /tmp/ImageStreamer/validate_image\n#!/bin/bash\n\nos_release=\"./os-release\"\nexp_os=\"SLES\"\nexp_ver=\"12\"\n\nif [ -f \"${os_release}\" ]; then\n    version_id=$( awk '/^VERSION_ID=/ {print $1}' \"${os_release}\" | sed 's/\"//g' | cut -d= -f2 | cut -d. -f1 )\n    if ( grep -iq \"${exp_os}\" \"${os_release}\" ) && [ \"${version_id}\" = \"${exp_ver}\" ]; then\n        echo \"##########################\"\n        echo \"Image validation successfully completed!\"\n        echo \"Detected OS: $( grep ^PRETTY_NAME \"${os_release}\" | sed 's/\"//g' | cut -d= -f2 )\"\n        echo \"Operating system is matching with the expected Operating System\"\n        echo \"##########################\"\n    else\n        echo \"##########################\"\n        echo \"Image validation failed: Operating system is NOT matching with the expected Operating System\"\n        echo \"Detected OS: $( grep ^PRETTY_NAME \"${os_release}\" | sed 's/\"//g' | cut -d= -f2 )\"\n        echo \"Please ensure that the Golden Image is of SLES 12\"\n        echo \"##########################\"\n        exit 1\n    fi\nelse\n    echo \"##########################\"\n    echo \"Image validation failed: Operating system is NOT matching with the expected Operating System\"\n    echo \"Please ensure that the Golden Image is of SLES 12\"\n    echo \"##########################\"\n    exit 1\nfi\nEND\n\n-download /tmp/ImageStreamer/validate_image ./validate_image\n!source ./validate_image","customAttributes":null,"hpProvided":true,"dependentArtifacts":null}