{"type":"OEDeploymentPlan","hpProvided":true,"uri":null,"category":null,"eTag":null,"created":null,"modified":null,"id":"9032efc1-5e63-4779-8413-05951415afce","name":"HPE - SLES12 - SAP S4HANA - deploy - 2019-04-12","description":"Deploy SAP S/4HANA into a SLES12 golden image. (c) Copyright 2019 Hewlett Packard Enterprise Development LP. Licensed under the Apache License, Version 2.0 (the \"License\");...","status":null,"state":null,"goldenImageURI":null,"oeBuildPlanURI":"HPE - SLES12 - SAP - deploy - 2019-04-12","importMetadata":false,"customAttributes":[{"name":"DepotShareName","visible":false,"value":"SWDEPOT","description":"Name of the software share.","type":"string","constraints":"{\"regex\":\"\",\"helpText\":\"\"}","editable":true,"id":"0f138b92-04df-4ca0-80f9-a6c130b9b6b8"},{"name":"StartInstanceAfterReboot","visible":true,"value":"Yes","description":"Sets the autostart option for SAP Instances after a system reboot.","type":"option","constraints":"{\"options\":[\"Yes\",\"No\"]}","editable":true,"id":"ad1717b1-dadb-44cd-9621-d4d23a026bd9"},{"name":"HanaHostName","visible":true,"value":"","description":"FQDN hostname of the SAP HANA server.","type":"fqdn","constraints":"{\"helpText\":\"\"}","editable":true,"id":"b643afac-5b3d-49be-a284-1e26c026228a"},{"name":"HostFunction","visible":true,"value":"standard","description":"Defines which SAP function shall be installed.\nPossible values: \"standard\" for SAP Primary Application Server, \"db\" for SAP HANA only installation, \"aas\" for additional SAP Application Server","type":"option","constraints":"{\"options\":[\"standard\",\"db\",\"aas\"]}","editable":true,"id":"709d966f-f76a-4d1c-b503-9391b7cd3b31"},{"name":"NIC2","visible":true,"value":null,"description":"NIC2 on the management network.","type":"nic","constraints":"{\"ipv4static\":true,\"ipv4dhcp\":true,\"ipv4disable\":true,\"parameters\":[\"dns1\",\"dns2\",\"domain\",\"gateway\",\"ipaddress\",\"mac\",\"netmask\"]}","editable":true,"id":"55c7e927-8b4d-41da-9217-6ae50465a962"},{"name":"LvmVolumeGroupName","visible":false,"value":"sapdata","description":"Name of the LVM volume group for the SAP installation.","type":"string","constraints":"{\"regex\":\"\",\"helpText\":\"\",\"options\":[\"sapdata\"]}","editable":true,"id":"b2362f86-7503-4d27-8dcf-3810dbdae801"},{"name":"DepotHost","visible":false,"value":"172.16.12.22","description":"IP-Address of the software share.","type":"ipv4","constraints":"{\"helpText\":\"\"}","editable":true,"id":"d922027d-f4bd-49ab-b340-582cb1682481"},{"name":"HanaInstanceNumber","visible":true,"value":"00","description":"The two-digit SAP HANA Database Instance Number. Rules for SAP Instance Number apply.","type":"string","constraints":"{\"regex\":\"^(?!(98|99))[0-9]{2}$\",\"helpText\":\"\"}","editable":true,"id":"219aec09-2145-496d-8c2c-ad1a59c8e674"},{"name":"InstallDirectory","visible":false,"value":"/root/hpe_ai","description":"Local directory for the SAP installation. The installation script, local input file and all installation logfiles will be stored here.","type":"string","constraints":"{\"regex\":\"\",\"helpText\":\"\"}","editable":true,"id":"f9f269a3-d718-4c81-a6d7-199e2b63f2b7"},{"name":"HanaMasterPassword","visible":true,"value":"","description":"The master password of the SAP HANA database that will be used for all SAP HANA users.","type":"password","constraints":"{\"minlen\":\"8\",\"maxlen\":\"64\"}","editable":true,"id":"35da9ef2-0a12-47d2-aee8-093b06f0cc22"},{"name":"Storage","visible":true,"value":"HPE 3PAR StoreServ","description":"Defines which storage to use.","type":"option","constraints":"{\"options\":[\"HPE 3PAR StoreServ\",\"HPE Synergy D3940\"]}","editable":true,"id":"5f99de3c-2230-4cfe-8e4c-93e05e250e2d"},{"name":"NIC4","visible":true,"value":null,"description":"NIC4 on the management network for the SD Flex server.","type":"nic","constraints":"{\"ipv4static\":true,\"ipv4dhcp\":true,\"ipv4disable\":true,\"parameters\":[\"domain\",\"gateway\",\"ipaddress\",\"mac\",\"netmask\"]}","editable":true,"id":"e621d37a-8e07-49e8-ab70-0ab8f8e538ca"},{"name":"SapVersion","visible":false,"value":"S4HANA1809","description":"Defines which SAP Version shall be installed.","type":"option","constraints":"{\"options\":[\"S4HANA1809\",\"BW4HANA10SR1\"]}","editable":true,"id":"52a1591f-e27c-4bda-9752-94e1c4e7647b"},{"name":"SapStack","visible":false,"value":"ABAP","description":"Defines if the ABAP or JAVA Stack of a release shall be installed.","type":"option","constraints":"{\"options\":[\"ABAP\",\"Java\"]}","editable":true,"id":"90e7c967-504f-492f-8e37-e1ef643c60c7"},{"name":"DepotCifsUsername","visible":false,"value":"Administrator","description":"Username for the CIFS software share. For NFS, either delete this attribute in plan script \"HPE - SLES12 - SAP HANA DB - create local input\" file or enter a dummy value.","type":"string","constraints":"{\"regex\":\"\",\"helpText\":\"\"}","editable":true,"id":"7ad04593-5deb-435d-ad2c-7626fdc3a7c9"},{"name":"SSH","visible":false,"value":"Enabled","description":"Defines if SSH shall be enabled on the deployed OS.","type":"option","constraints":"{\"options\":[\"Enabled\",\"Disabled\"]}","editable":true,"id":"ac4a68c7-6405-48a2-89bb-6aaf6c223360"},{"name":"LvmVolumeSizeSapmnt","visible":false,"value":"100","description":"","type":"number","constraints":"{\"unit\":\"GiB\"}","editable":true,"id":"d269150c-3ae8-465e-9270-6eaf7eeebc46"},{"name":"NIC1","visible":true,"value":null,"description":"NIC1 on the management network.","type":"nic","constraints":"{\"ipv4static\":true,\"ipv4dhcp\":true,\"ipv4disable\":false,\"parameters\":[\"dns1\",\"dns2\",\"domain\",\"gateway\",\"ipaddress\",\"mac\",\"netmask\"]}","editable":true,"id":"69f315d4-950b-4c95-88fa-7b74b041ea68"},{"name":"DepotSapDirectory","visible":false,"value":"S4HANA1809","description":"Directory on the software share that contains the SAP installation media.","type":"string","constraints":"{\"regex\":\"\",\"helpText\":\"\"}","editable":true,"id":"ebc71c49-c4b0-4346-9486-97042652b1d7"},{"name":"LvmVolumeSizeSap","visible":false,"value":"20","description":"Size of the LVM partition required for /usr/sap in GiB.","type":"number","constraints":"{\"unit\":\"GiB\"}","editable":true,"id":"eb75e08e-2405-4e72-853f-b598790a3791"},{"name":"DepotCifsPassword","visible":false,"value":"password","description":"Password for the CIFS software share. For NFS, either delete this attribute in plan script \"HPE - SLES12 - SAP - create local input file\" or enter a dummy value.","type":"password","constraints":"{\"minlen\":\"8\",\"maxlen\":\"64\"}","editable":true,"id":"9065b6d2-c38e-4d0d-96ef-d432afd46491"},{"name":"LvmVolumeNameSap","visible":false,"value":"sap","description":"Name of the LVM partition used for /usr/sap directory.","type":"string","constraints":"{\"regex\":\"\",\"helpText\":\"\",\"options\":[\"sap\"]}","editable":true,"id":"f42399cd-95c4-4935-9ee4-bff9e2abccc8"},{"name":"HanaSID","visible":true,"value":"","description":"The SAP System Identification of the SAP HANA database host. Rules for SAP System ID definition apply.","type":"string","constraints":"{\"regex\":\"^(?!(ADD|ALL|AMD|AND|ANY|ARE|ASC|AUX|AVG|BIT|CDC|COM|CON|DBA|END|EPS|FOR|GET|GID|IBM|INT|KEY|LOG|LPT|MAP|MAX|MIN|MON|NIX|NOT|NUL|OFF|OLD|OMS|OUT|PAD|PRN|RAW|REF|ROW|SAP|SET|SGA|SHG|SID|SQL|SUM|SYS|TMP|TOP|UID))([A-Z][A-Z0-9]{2})$\",\"helpText\":\"\"}","editable":true,"id":"28c2a163-10ce-457e-bf71-20607045680a"},{"name":"DepotMountType","visible":false,"value":"cifs","description":"Network protocol for the software share. Either CIFS or NFS is supported.","type":"option","constraints":"{\"options\":[\"cifs\",\"nfs\"]}","editable":true,"id":"10025a5f-fa83-47e8-a75e-2b04c621060d"},{"name":"LvmVolumeNameHana","visible":false,"value":"hana","description":"Name of the LVM partition used for /hana directory. In case of SAP application only installation, the volume will not be created.","type":"string","constraints":"{\"regex\":\"\",\"helpText\":\"\"}","editable":true,"id":"91726346-b18f-4941-9a1b-bb14bcbd6c97"},{"name":"DepotLocalMountpoint","visible":false,"value":"/swdepot","description":"Local mountpoint on the deployed host for the \nsoftware share. The directory will be created during deployment.","type":"string","constraints":"{\"regex\":\"\",\"helpText\":\"\"}","editable":true,"id":"7f42de56-6b42-44ea-a6f8-c5c7a43415b0"},{"name":"NIC3","visible":true,"value":null,"description":"NIC3 on the management network for the SD Flex server.","type":"nic","constraints":"{\"ipv4static\":true,\"ipv4dhcp\":true,\"ipv4disable\":true,\"parameters\":[\"domain\",\"gateway\",\"ipaddress\",\"mac\",\"netmask\"]}","editable":true,"id":"df207bc1-1a13-4c48-b313-09ead0eb6555"},{"name":"SapInstanceNumber","visible":true,"value":"01","description":"The two-digit SAP Instance Number. Rules for SAP Instance Number apply.","type":"string","constraints":"{\"regex\":\"^(?!(98|99))[0-9]{2}$\",\"helpText\":\"\"}","editable":true,"id":"abf4d1e7-02c1-454c-9616-40cf767b5bb3"},{"name":"SapGlobalHost","visible":true,"value":"","description":"FQDN hostname of the SAP global host.","type":"fqdn","constraints":"{\"helpText\":\"\"}","editable":true,"id":"c9584edc-ce5c-42f0-a6dd-a03cab2725a0"},{"name":"SapTestRun","visible":false,"value":"false","description":"Defines if the SAP installation shall be started in a test run. \nPossible Values: \n\"false\" Complete installation is executed.\n\"host_preparation\" host is prepared, but SAP installer not started.\n\"sap_summary\" SAP installer is stopped after the summary phase.","type":"option","constraints":"{\"options\":[\"false\",\"host_preparation\",\"sap_summary\"]}","editable":true,"id":"39b79a8e-03b7-4b99-956d-b8dae58472fb"},{"name":"SapMasterPassword","visible":true,"value":"","description":"Master Password for the SAP Application.","type":"password","constraints":"{\"minlen\":\"8\",\"maxlen\":\"64\"}","editable":true,"id":"776562e8-1ef4-4686-bfe2-6877a6c854ea"},{"name":"HanaUpdate","visible":false,"value":"False","description":"Defines if the SAP HANA database shall be updated. Possible values are true and false.","type":"option","constraints":"{\"options\":[\"False\",\"True\"]}","editable":true,"id":"e5b36989-5e44-46c2-a1fd-03f9d7fc4ed7"},{"name":"LvmVolumeNameSwap","visible":false,"value":"swap","description":"Name of the LVM partition used for swap space.","type":"string","constraints":"{\"regex\":\"\",\"helpText\":\"\",\"options\":[\"swap\"]}","editable":true,"id":"d500907d-36d7-4e9e-bb39-b56fb3c6384b"},{"name":"NewRootPassword","visible":true,"value":"","description":"New password for the root user.","type":"password","constraints":"{\"minlen\":\"8\",\"maxlen\":\"64\"}","editable":true,"id":"4915de93-da2b-4458-aa05-a2ada66ed5b6"},{"name":"LvmVolumeNameSapmnt","visible":false,"value":"sapmnt","description":"Name of the LVM partition used for /sapmnt directory. In case of SAP HANA only installation, the volume will not be created.","type":"string","constraints":"{\"regex\":\"\",\"helpText\":\"\"}","editable":true,"id":"6e02db93-9cde-452d-919e-fb912963c983"},{"name":"SapHostName","visible":true,"value":"","description":"FQDN hostname for the SAP Application Server.","type":"fqdn","constraints":"{\"helpText\":\"\"}","editable":true,"id":"57862acb-8bd9-45f7-bc0a-4a8a9007aeb7"},{"name":"LvmVolumeSizeSwap","visible":false,"value":"20","description":"Size of the LVM partition required for swap space in GiB.","type":"number","constraints":"{\"unit\":\"GiB\"}","editable":true,"id":"d9abe17a-0972-4be9-aad1-0a4b159db069"},{"name":"LvmVolumeSizeHana","visible":false,"value":"200","description":"Size of the LVM partition required for /hana in GiB.","type":"number","constraints":"{\"unit\":\"GiB\"}","editable":true,"id":"9234ba6f-4da5-4fc9-825a-fd004c208b35"},{"name":"SapSID","visible":true,"value":"","description":"The SAP System Identification of the SAP Application. Rules for SAP System ID definition apply.","type":"string","constraints":"{\"regex\":\"^(?!(ADD|ALL|AMD|AND|ANY|ARE|ASC|AUX|AVG|BIT|CDC|COM|CON|DBA|END|EPS|FOR|GET|GID|IBM|INT|KEY|LOG|LPT|MAP|MAX|MIN|MON|NIX|NOT|NUL|OFF|OLD|OMS|OUT|PAD|PRN|RAW|REF|ROW|SAP|SET|SGA|SHG|SID|SQL|SUM|SYS|TMP|TOP|UID))([A-Z][A-Z0-9]{2})$\",\"helpText\":\"\"}","editable":true,"id":"9925d3b1-b482-4c75-bc54-45dc0812dd3f"}]}