{"type":"PlanScript","uri":null,"category":null,"eTag":null,"created":null,"modified":null,"id":"9dd30530-f706-4e8c-85ce-473d70388c83","name":"HPE - Linux - SAP - manage security services - 2019-04-12","description":"Enables or disables security services.","status":null,"state":null,"planType":"deploy","content":"# (c) Copyright 2019 Hewlett Packard Enterprise Development LP\n#\n# Licensed under the Apache License, Version 2.0 (the \"License\");\n# you may not use this file except in compliance with the License.\n# You may obtain a copy of the License at http://www.apache.org/licenses/LICENSE-2.0\n#\n# Unless required by applicable law or agreed to in writing, software distributed\n# under the License is distributed on an \"AS IS\" BASIS, WITHOUT WARRANTIES OR\n# CONDITIONS OF ANY KIND, either express or implied. See the License for the\n# specific language governing permissions and limitations under the License.\n\n# Enable/disable ssh service\n-upload -<<END /tmp/ImageStreamer/ssh_service\n#!/bin/bash\n\nssh=@SSH:Enabled@\nif [ \"${ssh}\" = \"Enabled\" ]; then\n    echo \"# Enable and start the ssh service\" >> ./firstboot.local\n    echo \"systemctl enable sshd.service\"      >> ./firstboot.local\n    echo \"systemctl start sshd.service\"       >> ./firstboot.local\nelse\n    echo \"# Disable and stop the ssh service\" >> ./firstboot.local\n    echo \"systemctl disable sshd.service\"     >> ./firstboot.local\n    echo \"systemctl stop sshd.service\"        >> ./firstboot.local\nfi\nEND\n\n-download /tmp/ImageStreamer/ssh_service ./ssh_service\n!source ./ssh_service\n\n# Change the name of the iSCSI initiator to reflect the name assigned by OneView\nupload -<<END /tmp/set_iscsi_initiator\n#!/bin/bash\n\niname=$( cat /sys/firmware/ibft/initiator/initiator-name )\necho \"InitiatorName=${iname}\" > /etc/iscsi/initiatorname.iscsi\nsystemctl restart iscsi.service\n\nunlink \"${0}\"\nEND\n\n# Add script to firstboot.local to run on startup\n!echo \"# Change the name of the iSCSI initiator\" >> ./firstboot.local\n!echo \"sh /tmp/set_iscsi_initiator\" >> ./firstboot.local","customAttributes":null,"hpProvided":true,"dependentArtifacts":null}