{"type":"PlanScript","dependentArtifacts":null,"hpProvided":true,"category":null,"eTag":null,"created":null,"modified":null,"customAttributes":null,"planType":"deploy","description":"Register the deployed host in DNS and with Red Hat Satellite","status":null,"uri":null,"name":"055-RHEL-7.4-register-DNSandSatellite","id":"002a6ba3-f061-459d-99e8-9770c1a64317","state":null,"content":"# (c) Copyright 2017 Hewlett Packard Enterprise Development LP\n#\n# Licensed under the Apache License, Version 2.0 (the \"License\");\n# you may not use this file except in compliance with the License.\n# You may obtain a copy of the License at http://www.apache.org/licenses/LICENSE-2.0\n#\n# Unless required by applicable law or agreed to in writing, software distributed\n# under the License is distributed on an \"AS IS\" BASIS, WITHOUT WARRANTIES OR\n# CONDITIONS OF ANY KIND, either express or implied. See the License for the\n# specific language governing permissions and limitations under the License.\n\n#register with DNS\nupload -<<END /tmp/updateDNS\nipaddr=@Team0NIC1.ipaddress@\nhostname=@ServerFQDN@\ndnskey=@DNSKey@\necho \"update delete\" $hostname  > /tmp/dnsinput\necho \"update add\" $hostname \"86400 A\" $ipaddr >> /tmp/dnsinput\necho \"send\" >> /tmp/dnsinput\nnsupdate -y $dnskey /tmp/dnsinput\nrm -f /tmp/dnsinput\nunlink $0\nEND\n\n#register with Satellite\nupload -<<END /tmp/registerSatellite\norgname=@OrgName@\nactivationkey=@ActivationKey@\nsubscription-manager register --org=\"$orgname\" --activationkey=\"$activationkey\"\nunlink $0\nEND\n\necho ***** updateDNS  *****\ncat /tmp/updateDNS\n#\n# add this file to rc.local so that it will be executed at first boot\n#\n!echo \"sh /tmp/updateDNS\" >> rc.local\n!echo \"sh /tmp/registerSatellite\" >> rc.local"}