{"type":"OeBuildPlan","dependentArtifacts":null,"customAttributes":[{"constraints":"{\"minimum\":\"1\",\"maximum\":\"51200\",\"unit\":\"MiB\"}","description":"Size of new OS Volume to be created.","name":"VolumeSize","value":"","type":"number"}],"buildStep":[{"planScriptUri":"/rest/plan-scripts/100b5377-cff8-48c1-ba32-d7839b3b9ae8","planScriptName":"HPE - Foundation 1.0 - create empty OS Volume","serialNumber":"1","parameters":null}],"category":null,"eTag":null,"created":null,"modified":null,"hpProvided":true,"buildPlanid":"045e5c6b-16f1-4b3d-ae4c-e23b54897c46","oeBuildPlanType":"deploy","description":"Create empty OS Volume version 1.00 \nCreate an empty OS Volume to be the target for OS install.","status":null,"uri":null,"name":"HPE - Foundation 2.0 - create larger volume"}