{"type":"PlanScript","dependentArtifacts":null,"hpProvided":true,"category":null,"eTag":null,"created":null,"modified":null,"customAttributes":null,"planType":"capture","description":"remove user settings","status":null,"uri":null,"name":"RHEL-7.4-generalize-users","id":"1521ce38-4202-4db9-9ec4-b164a36e68f1","state":null,"content":"#This script generalizes the users\n#Download user configuration files\ndownload /etc/passwd ./passwd\ndownload /etc/group ./group\n\nupload -<<END /tmp/ImageStreamer/generalize_users\n#! /bin/bash\nusers=`awk '$0 == \"#Following users have been added from Image Streamer\" {i=1;next};i && i++ <= i' ./passwd | cut -d: -f1`\nfor user in $users\ndo\n\trm -rf /home/$user\ndone\nsed -ie \"/#Following/,$ d\" ./passwd\nsed -ie \"/#Following/,$ d\" ./group\nexit 0\nEND\n\ndownload /tmp/ImageStreamer/generalize_users ./generalize_users\n!source ./generalize_users\n\nupload ./passwd /etc/passwd\nupload ./group /etc/group"}