{"type":"OeBuildPlan","dependentArtifacts":null,"customAttributes":[{"constraints":"{\"helpText\":\"fully qualified hostname for the  server\"}","description":"fully qualified hostname for the  server","name":"ServerFQDN","value":"","type":"fqdn"},{"constraints":"{\"regex\":\"\",\"helpText\":\"\"}","description":"Allow SSH Access to the deployed server.","name":"SSH","value":"Enabled","type":"string"},{"constraints":"{\"regex\":\"\",\"helpText\":\"\"}","description":"Device Mapper drive for the NFS  mount","name":"DeviceMapperDrive","value":"/dev/sda","type":"string"},{"constraints":"{\"regex\":\"\",\"helpText\":\"Red Hat Satellite activation key\"}","description":"Red Hat Satellite activation key","name":"ActivationKey","value":"HPE-OCP","type":"string"},{"constraints":"{\"ipv4static\":true,\"ipv4dhcp\":false,\"ipv4disable\":false,\"parameters\":[\"mac\"]}","description":"","name":"Team0NIC2","value":"","type":"nic"},{"constraints":"{\"ipv4static\":true,\"ipv4dhcp\":false,\"ipv4disable\":false,\"parameters\":[\"dns1\",\"dns2\",\"domain\",\"gateway\",\"ipaddress\",\"mac\",\"netmask\"]}","description":"","name":"Team0NIC1","value":"","type":"nic"},{"constraints":"{\"regex\":\"\",\"helpText\":\"root SSH key from Ansible server\"}","description":"root SSH key from Ansible server","name":"AnsibleSSHKey","value":"","type":"string"},{"constraints":"{\"helpText\":\"IP address of the Network Time Protocol server\"}","description":"IP address of the Network Time Protocol server","name":"NtpServer","value":"10.60.1.123","type":"ipv4"},{"constraints":"{\"regex\":\"\",\"helpText\":\"Forces a wipe of the Device Mapper drive.  Set to Yes to wipe the drive.\"}","description":"Forces a wipe of the Device Mapper drive.  Set to Yes to wipe the drive.","name":"DeviceMapperForceDelete","value":"No","type":"string"},{"constraints":"{\"regex\":\"\",\"helpText\":\"Red Hat Satellite organization name\"}","description":"Red Hat Satellite organization name","name":"OrgName","value":"hpe_cloud","type":"string"},{"constraints":"{\"maxlen\":\"40\"}","description":"DNS key to allow  automatic registration with DNS","name":"DNSKey","value":"rndc-key:2U6lgTBb+AiRVGtVhg/6BQ==","type":"password"},{"constraints":"{\"maxlen\":\"20\"}","description":"","name":"NewRootPassword","value":"Synergy2017!","type":"password"}],"buildStep":[{"planScriptUri":"/rest/plan-scripts/0375b858-b97b-4396-afaa-a8170055dd2e","planScriptName":"000-RHEL7.4-mount-and-validate","serialNumber":"1","parameters":null},{"planScriptUri":"/rest/plan-scripts/55762abc-433d-44cc-bea6-fdc94bfe0f5d","planScriptName":"010-RHEL-7.4-set-iscsi-initiatorname","serialNumber":"2","parameters":null},{"planScriptUri":"/rest/plan-scripts/f79ebcb2-d7ce-4dc5-9713-0cc504e3d523","planScriptName":"020-RHEL-7.4-change-root-password","serialNumber":"3","parameters":null},{"planScriptUri":"/rest/plan-scripts/25a2f4b2-d867-496e-a33b-c697c3668a53","planScriptName":"030-RHEL7.4-configure-network","serialNumber":"4","parameters":null},{"planScriptUri":"/rest/plan-scripts/84c06390-2613-4caf-bdaf-d6d0babd319f","planScriptName":"040-RHEL-7.4-configure-NTP","serialNumber":"5","parameters":null},{"planScriptUri":"/rest/plan-scripts/607213a0-7b48-490f-b222-e15868acfcf0","planScriptName":"050-RHEL-7.4-configure-hostname","serialNumber":"6","parameters":null},{"planScriptUri":"/rest/plan-scripts/002a6ba3-f061-459d-99e8-9770c1a64317","planScriptName":"055-RHEL-7.4-register-DNSandSatellite","serialNumber":"7","parameters":null},{"planScriptUri":"/rest/plan-scripts/78e9c558-022f-40af-b2c9-cd249a63876d","planScriptName":"070-RHEL-7.4-enable-ansible-ssh","serialNumber":"8","parameters":null},{"planScriptUri":"/rest/plan-scripts/a60bf327-1d5f-43f8-bda6-2cccd844af43","planScriptName":"085-RHEL-7.4-erase-all-datadrives","serialNumber":"9","parameters":null},{"planScriptUri":"/rest/plan-scripts/f2dc2031-2f7d-4e9e-842c-e2071ab6ad43","planScriptName":"100-RHEL-7.4-manage-security-services","serialNumber":"10","parameters":null},{"planScriptUri":"/rest/plan-scripts/cd06ca58-3ee3-467c-9605-7e518a38548d","planScriptName":"999-RHEL7.4-unmount","serialNumber":"11","parameters":null}],"category":null,"eTag":null,"created":null,"modified":null,"hpProvided":true,"buildPlanid":"1ce1142a-fdfd-48be-96e5-b8d33dc09cfb","oeBuildPlanType":"deploy","description":"Deploy the OpenShift load balancer / NFS server","status":null,"uri":null,"name":"RHEL74-OpenShift-LB-NFS-11-9-2017"}