{"type":"OEDeploymentPlan","hpProvided":true,"customAttributes":[{"constraints":"{\"minimum\":\"1\",\"maximum\":\"51200\",\"unit\":\"MiB\"}","visible":true,"editable":true,"description":"Size of new OS Volume to be created.","name":"VolumeSize","value":"","id":"fdaae51d-e969-4504-8d43-a1ae9369c701","type":"number"}],"importMetadata":false,"category":null,"eTag":null,"created":null,"modified":null,"goldenImageURI":"","oeBuildPlanURI":"HPE - Foundation 2.0 - create larger volume","description":"Create a volume up to 50GB","status":null,"uri":null,"name":"HPE-Create Empty volume","id":"201ce2ce-aaad-4176-b4a8-d563725ef7ab","state":null}