{"type":"PlanScript","dependentArtifacts":null,"hpProvided":true,"category":null,"eTag":null,"created":null,"modified":null,"customAttributes":null,"planType":"capture","description":"remove network configuration","status":null,"uri":null,"name":"RHEL-7.4-generalize-network","id":"2e1beaae-c522-4be2-bec4-575bdf5def86","state":null,"content":"#Generalize the network\n!mkdir new_network\n\n#Copy \"/etc/sysconfig/network-scripts/\" directory\ncopy-out /etc/sysconfig/network-scripts/ new_network/\n\nupload -<<END /tmp/ImageStreamer/gen_network_conf \n#!/bin/bash\nnet_cfg_files=`ls new_network/network-scripts/ | grep \"ifcfg-\"`\n\nfor net_cfg_file in $net_cfg_files\ndo\n\tif [ $net_cfg_file  != \"ifcfg-lo\" ]\n\tthen\n\t\trm -rf new_network/network-scripts/$net_cfg_file \n\t\techo \"Network interface cfg file $net_cfg_file successfully removed!!!\" \n\tfi\ndone\nexit 0\nEND\n\ndownload /tmp/ImageStreamer/gen_network_conf ./gen_network_conf\n!source ./gen_network_conf\n\n#Replace the network directory with updated one\nrm-rf /etc/sysconfig/network-scripts\n\ncopy-in new_network/network-scripts/ /etc/sysconfig/\n\n#Clear the resolve.conf file\nupload -<<END /etc/resolv.conf\nEND"}