{"type":"PlanScript","dependentArtifacts":null,"hpProvided":true,"category":null,"eTag":null,"created":null,"modified":null,"customAttributes":null,"planType":"deploy","description":"Import the ansible ssh key to allow playbooks to run without requiring password","status":null,"uri":null,"name":"070-RHEL-7.4-enable-ansible-ssh","id":"78e9c558-022f-40af-b2c9-cd249a63876d","state":null,"content":"# (c) Copyright 2017 Hewlett Packard Enterprise Development LP\n#\n# Licensed under the Apache License, Version 2.0 (the \"License\");\n# you may not use this file except in compliance with the License.\n# You may obtain a copy of the License at http://www.apache.org/licenses/LICENSE-2.0\n#\n# Unless required by applicable law or agreed to in writing, software distributed\n# under the License is distributed on an \"AS IS\" BASIS, WITHOUT WARRANTIES OR\n# CONDITIONS OF ANY KIND, either express or implied. See the License for the\n# specific language governing permissions and limitations under the License.\n\n\n#import the ansible ssh key\n\nupload -<<END /tmp/ansible_ssh\n#! /bin/bash\nsshkey=\"@AnsibleSSHKey@\"\nmkdir -p ~/.ssh/\necho $sshkey >> ~/.ssh/authorized_keys\nchmod 700 ~/.ssh/authorized_keys\nunlink $0\nEND\n\n!echo \"sh /tmp/ansible_ssh\" >> rc.local"}