{"type":"PlanScript","dependentArtifacts":null,"hpProvided":true,"category":null,"eTag":null,"created":null,"modified":null,"customAttributes":null,"planType":"deploy","description":"Erase all the drives so they can be used for docker volumes and container-native storage.","status":null,"uri":null,"name":"085-RHEL-7.4-erase-all-datadrives","id":"a60bf327-1d5f-43f8-bda6-2cccd844af43","state":null,"content":"# (c) Copyright 2017 Hewlett Packard Enterprise Development LP\n#\n# Licensed under the Apache License, Version 2.0 (the \"License\");\n# you may not use this file except in compliance with the License.\n# You may obtain a copy of the License at http://www.apache.org/licenses/LICENSE-2.0\n#\n# Unless required by applicable law or agreed to in writing, software distributed\n# under the License is distributed on an \"AS IS\" BASIS, WITHOUT WARRANTIES OR\n# CONDITIONS OF ANY KIND, either express or implied. See the License for the\n# specific language governing permissions and limitations under the License.\n\n#\n# name:\n#   RHEL-7.4-erase-all-datadatadrives\n#\n# Purpose:\n#   Erase data drives.  This will erase any drive specified therefore need to be careful not to delete the image streamer boot volume!\n#  First volume is always for docker containers, second volume, if supplied, is for container-native storage\n# Custom Attributes\n#   DeviceMapperDrive=/dev/sda,/dev/sdb\n#   DeviceMapperForceDelete=No, accepted value = Yes or No\n\nupload -<<END /tmp/erase_datadrive\n#! /bin/bash\n#\n# context: \n#    first boot\n#\nDiskNames=@DeviceMapperDrive@\nforcedelete=@DeviceMapperForceDelete:No@\nIFS=\",\"\necho \"DiskNames\" >> /tmp/erasedisks.log 2>&1\necho $DiskNames >> /tmp/erasedisks.log 2>&1\n\nlsblk >> /tmp/erasedisks.log 2>&1\nif [ $forcedelete == Yes ] ; then\nfor DiskName in $DiskNames; do\necho \"Disk to delete\" >>/tmp/erasedisks.log\necho $DiskName >>/tmp/erasedisks.log\nfor vg in $(lsblk -n -l  $DiskName | awk -F- '/lvm/ {print $1}' | sort -u); do \n    vgremove --yes /dev/$vg  >> /tmp/erasedisks.log 2>&1\ndone\nsgdisk -Z $DiskName  >> /tmp/erasedisks.log 2>&1\ndd if=/dev/zero of=$DiskName bs=1M count=1024\ndone\npartprobe\nvgscan --cache >> /tmp/erasedisks.log 2>&1\nfi # forcedelete\nlsblk >> /tmp/erasedisks.log\n\nunlink $0\nEND\n\necho \"*** Erase all datadrives\"\ncat /tmp/erase_datadrive\n\n# add this file to rc.local so that it will be executed at first boot\n#\n!echo \"sh /tmp/erase_datadrive\" >> rc.local"}