{"type":"PlanScript","dependentArtifacts":null,"hpProvided":true,"category":null,"eTag":null,"created":null,"modified":null,"customAttributes":null,"planType":"deploy","description":"configure the docker_storage_setup file and then run the openshift script to configure the volume and then start docker service","status":null,"uri":null,"name":"090-RHEL-7.4-configure-docker","id":"c445132e-55c5-4129-b261-0c19df90824e","state":null,"content":"# (c) Copyright 2017 Hewlett Packard Enterprise Development LP\n#\n# Licensed under the Apache License, Version 2.0 (the \"License\");\n# you may not use this file except in compliance with the License.\n# You may obtain a copy of the License at http://www.apache.org/licenses/LICENSE-2.0\n#\n# Unless required by applicable law or agreed to in writing, software distributed\n# under the License is distributed on an \"AS IS\" BASIS, WITHOUT WARRANTIES OR\n# CONDITIONS OF ANY KIND, either express or implied. See the License for the\n# specific language governing permissions and limitations under the License.\n\n#\n# name:\n#   RHEL-7.4-configure-docker\n#\n# Purpose:\n#   prepare docker storage for use by openshift\n#   enable and start docker service\n#\n# Custom Attributes\n#   DeviceMapperDrive=/dev/sda\n\nupload -<<END /tmp/Configure_Storage\n#! /bin/bash\n#\n# context:\n#    first boot\n#\n# Multiple disknames can be present.  First one is always for docker.  Ignore the \n# second name if present\n\nset -x\nIFS=\",\"\nDiskNames=@DeviceMapperDrive:/dev/sda@\nset -- $DiskNames\nDiskName=$1\n\nrm -f /etc/sysconfig/docker-storage-setup\n\ncat <<EOF >/etc/sysconfig/docker-storage-setup\nDEVS=$DiskName\nVG=docker_vg\nWIPE_SIGNATURES=true\nEOF\n\nsystemctl stop docker\nrm -rf /var/lib/docker\ndocker-storage-setup >> /tmp/docker-storage-setup.log\nsleep 20s\nsystemctl enable docker\nsystemctl start docker\nunlink $0\nEND\n\n#\necho ***** Configure_Storage\ncat /tmp/Configure_Storage\n\n#\n# add this file to rc.local so that it will be executed at first boot\n#\n!echo \"sh /tmp/Configure_Storage\" >> rc.local"}