{"type":"OeBuildPlan","dependentArtifacts":null,"customAttributes":[],"buildStep":[{"planScriptUri":"/rest/plan-scripts/f3c816dc-0f7a-48ba-a336-dd0c8ae9b6d8","planScriptName":"RHEL-7.4-mount-generalize","serialNumber":"1","parameters":null},{"planScriptUri":"/rest/plan-scripts/2e1beaae-c522-4be2-bec4-575bdf5def86","planScriptName":"RHEL-7.4-generalize-network","serialNumber":"2","parameters":null},{"planScriptUri":"/rest/plan-scripts/c48383f2-029d-4d0c-b1bc-94bdf25b257a","planScriptName":"RHEL-7.4-generalize-host","serialNumber":"3","parameters":null},{"planScriptUri":"/rest/plan-scripts/1521ce38-4202-4db9-9ec4-b164a36e68f1","planScriptName":"RHEL-7.4-generalize-users","serialNumber":"4","parameters":null},{"planScriptUri":"/rest/plan-scripts/11cb2377-6102-4fde-968c-31c08403c8ef","planScriptName":"RHEL-7.4-unmount-generalize","serialNumber":"5","parameters":null}],"category":null,"eTag":null,"created":null,"modified":null,"hpProvided":true,"buildPlanid":"d571b279-b322-4a7c-aca9-07fa4d82a8e0","oeBuildPlanType":"capture","description":"Remove personalization settings from RHEL 7.4. (c) Copyright 2017 Hewlett Packard Enterprise Development LP Licensed under the Apache License, Version 2.0 (the \"License\");...","status":null,"uri":null,"name":"RHEL-7.4-generalize-2017-08-18"}