{"type":"PlanScript","dependentArtifacts":null,"hpProvided":true,"eTag":null,"created":null,"modified":null,"customAttributes":null,"planType":"deploy","category":null,"description":"customize kernel parameters.","status":null,"uri":null,"name":"RHEL 7 - Oracle - update kernel params - 2017-05-15","id":"1403cecc-dded-4c0a-ad02-e827e4d3143f","state":null,"content":"# (c) Copyright 2017 Hewlett Packard Enterprise Development LP\n#\n# Licensed under the Apache License, Version 2.0 (the \"License\");\n# you may not use this file except in compliance with the License.\n# You may obtain a copy of the License at #http://www.apache.org/licenses/LICENSE-2.0\n#\n# Unless required by applicable law or agreed to in writing, software distributed\n# under the License is distributed on an \"AS IS\" BASIS, WITHOUT WARRANTIES #OR\n# CONDITIONS OF ANY KIND, either express or implied. See the License for the\n# specific language governing permissions and limitations under the License.\n\nupload -<<EOF /tmp/ImageStreamer/update_kernel_params\n#!/bin/bash\n\nex -c '1,$s/vm.nr_hugepages *= *[0-9]*/vm.nr_hugepages = @HUGEPAGES@/g'  -c '1,$s/kernel.shmmax *= *[0-9]*/kernel.shmmax = @SHMMAX@/g' -c wq /etc/sysctl.conf\nEOF\nchmod 755 /tmp/ImageStreamer/update_kernel_params\ncommand /tmp/ImageStreamer/update_kernel_params"}