{"type":"OeBuildPlan","dependentArtifacts":null,"customAttributes":[{"constraints":"{}","description":"","name":"asmpassword","value":"","type":"string"},{"constraints":"{}","description":"","name":"eth4_mac","value":"","type":"string"},{"constraints":"{}","description":"","name":"Hostname_ipaddress","value":"","type":"string"},{"constraints":"{}","description":"","name":"asmmonitorpassword","value":"","type":"string"},{"constraints":"{}","description":"","name":"MEMLOCK","value":"","type":"string"},{"constraints":"{}","description":"","name":"eth4_gateway","value":"","type":"string"},{"constraints":"{}","description":"","name":"SHMMAX","value":"","type":"string"},{"constraints":"{}","description":"","name":"eth4_netmask","value":"","type":"string"},{"constraints":"{}","description":"","name":"eth4_ipaddress","value":"","type":"string"},{"constraints":"{}","description":"","name":"DomainName","value":"","type":"string"},{"constraints":"{}","description":"","name":"eth4_dhcp","value":"DHCP","type":"string"},{"constraints":"{}","description":"","name":"OrigHostname","value":"","type":"string"},{"constraints":"{}","description":"","name":"DataDiskWWN","value":"","type":"string"},{"constraints":"{}","description":"","name":"Hostname","value":"","type":"string"},{"constraints":"{}","description":"","name":"HUGEPAGES","value":"","type":"string"}],"buildStep":[{"planScriptUri":"/rest/plan-scripts/f3f90fb5-8c58-4315-8b6d-ff5a8d7043f1","planScriptName":"RHEL 7 - mount - deploy - 2017-05-15","parameters":null,"serialNumber":"1"},{"planScriptUri":"/rest/plan-scripts/a2f432b1-530c-465b-bfb1-7c9a4531cbf1","planScriptName":"RHEL 7 - change root volume name - 2017-05-15","parameters":null,"serialNumber":"2"},{"planScriptUri":"/rest/plan-scripts/a09d4c79-7623-4e80-ad7f-384a7e5942c2","planScriptName":"RHEL 7 - hostname configuration - 2017-05-15","parameters":null,"serialNumber":"3"},{"planScriptUri":"/rest/plan-scripts/54c4290d-b204-4000-aad4-d84a025fc4f1","planScriptName":"RHEL 7 - update resolv.conf - 2017-05-15","parameters":null,"serialNumber":"4"},{"planScriptUri":"/rest/plan-scripts/2baadc7a-02f5-4bac-9afa-e8657c2811ec","planScriptName":"RHEL 7 - eth4 configuration - 2017-05-15","parameters":null,"serialNumber":"5"},{"planScriptUri":"/rest/plan-scripts/1403cecc-dded-4c0a-ad02-e827e4d3143f","planScriptName":"RHEL 7 - Oracle - update kernel params - 2017-05-15","parameters":null,"serialNumber":"6"},{"planScriptUri":"/rest/plan-scripts/2e173193-9516-4282-86a0-51ef09e13683","planScriptName":"RHEL 7 - Oracle - update limits - 2017-05-15","parameters":null,"serialNumber":"7"},{"planScriptUri":"/rest/plan-scripts/fbe369d9-a188-4b03-aa09-360e77844eaf","planScriptName":"RHEL 7 - Oracle - update udev rules - 2017-05-15","parameters":null,"serialNumber":"8"},{"planScriptUri":"/rest/plan-scripts/f9a8ea48-bcc0-43f6-8d41-e457282435cd","planScriptName":"RHEL 7 - Oracle - create firstboot service - 2017-05-15","parameters":null,"serialNumber":"9"},{"planScriptUri":"/rest/plan-scripts/ae6569e7-3990-4798-9020-110288eb68ea","planScriptName":"RHEL 7 - Oracle - create firstboot.sh script - 2017-05-15","parameters":null,"serialNumber":"10"},{"planScriptUri":"/rest/plan-scripts/b14fe871-d161-46d3-996a-a5560f5b2e1b","planScriptName":"RHEL 7 – Oracle – create install script - 2017-05-15","parameters":null,"serialNumber":"11"},{"planScriptUri":"/rest/plan-scripts/9c0f1cf9-2b23-47d1-9c2b-2cdf8cca2077","planScriptName":"RHEL 7 - umount - 2017-05-15","parameters":null,"serialNumber":"12"}],"eTag":null,"created":null,"modified":null,"etag":null,"hpProvided":true,"oeBuildPlanType":"deploy","buildPlanid":"5f1ef8d2-7bbd-4b24-ac72-0d3de331ac76","category":null,"description":"Deploy Oracle. (c) Copyright 2017 Hewlett Packard Enterprise Development LP. Licensed under the Apache License, Version 2.0 (the \"License\");...","status":null,"uri":null,"name":"HPE - RHEL 7 Oracle Deploy - 2017-05-15"}