{"type":"PlanScript","dependentArtifacts":null,"hpProvided":true,"eTag":null,"created":null,"modified":null,"customAttributes":null,"planType":"deploy","category":null,"description":"Set hostname.","status":null,"uri":null,"name":"RHEL 7 - hostname configuration - 2017-05-15","id":"a09d4c79-7623-4e80-ad7f-384a7e5942c2","state":null,"content":"# (c) Copyright 2017 Hewlett Packard Enterprise Development LP\n#\n# Licensed under the Apache License, Version 2.0 (the \"License\");\n# you may not use this file except in compliance with the License.\n# You may obtain a copy of the License at #http://www.apache.org/licenses/LICENSE-2.0\n#\n# Unless required by applicable law or agreed to in writing, software distributed\n# under the License is distributed on an \"AS IS\" BASIS, WITHOUT WARRANTIES #OR\n# CONDITIONS OF ANY KIND, either express or implied. See the License for the\n# specific language governing permissions and limitations under the License.\n\n# Set hostname\nupload -<<EOF /etc/hostname\n@Hostname@.@DomainName@\nEOF\n\n# Add /etc/hosts entry for hostname\nupload -<<END /tmp/ImageStreamer/hosts_configure\n#! /bin/bash\n\ncp /etc/hosts /tmp/ImageStreamer/hosts\nsed '/127.0.0.1/a @Hostname_ipaddress@   @Hostname@.@DomainName@   @Hostname@\n' </tmp/ImageStreamer/hosts >/etc/hosts\n\nexit 0\nEND\nchmod 755 /tmp/ImageStreamer/hosts_configure\ncommand /tmp/ImageStreamer/hosts_configure\n\necho \"-------- new /etc/hostname----------\"\ncat /etc/hostname\n\necho \"-------- new /etc/hosts ----------\"\ncat /etc/hosts"}