{"type":"PlanScript","dependentArtifacts":null,"hpProvided":true,"eTag":null,"created":null,"modified":null,"customAttributes":null,"planType":"deploy","category":null,"description":"Change root volume name.","status":null,"uri":null,"name":"RHEL 7 - change root volume name - 2017-05-15","id":"a2f432b1-530c-465b-bfb1-7c9a4531cbf1","state":null,"content":"# (c) Copyright 2017 Hewlett Packard Enterprise Development LP\n#\n# Licensed under the Apache License, Version 2.0 (the \"License\");\n# you may not use this file except in compliance with the License.\n# You may obtain a copy of the License at #http://www.apache.org/licenses/LICENSE-2.0\n#\n# Unless required by applicable law or agreed to in writing, software distributed\n# under the License is distributed on an \"AS IS\" BASIS, WITHOUT WARRANTIES #OR\n# CONDITIONS OF ANY KIND, either express or implied. See the License for the\n# specific language governing permissions and limitations under the License.\n\n# Rename volume group for new hostname\n!echo \"---Original volume group name---\"\nvgs\nvgrename rhel_@OrigHostname@ rhel_@Hostname@\n!echo \"---New volume group name---\"\nvgs\n\nupload -<<END /tmp/ImageStreamer/grub_configure\n#! /bin/bash\n\necho \"-------- original grub ----------\"\ncat /etc/default/grub\n\necho \"-------- original grub.cfg ----------\"\ncat /boot/efi/EFI/redhat/grub.cfg\n\necho \"------- original fstab ---------------\"\ncat /etc/fstab\n\nex -c '1,$s/@OrigHostname@/@Hostname@/g' -c wq /etc/default/grub\nex -c '1,$s/@OrigHostname@/@Hostname@/g' -c wq /boot/efi/EFI/redhat/grub.cfg\nex -c '1,$s/@OrigHostname@/@Hostname@/g' -c wq /etc/fstab\n#Hack due to hyphen in hostname\nex -c '1,$s/aps41--19/@Hostname@/g' -c wq /boot/efi/EFI/redhat/grub.cfg\nex -c '1,$s/aps41--19/@Hostname@/g' -c wq /etc/fstab\n\necho \"-------- new grub ----------\"\ncat /etc/default/grub\n\necho \"-------- new grub.cfg ----------\"\ncat /boot/efi/EFI/redhat/grub.cfg\n\necho \"------- new fstab ---------------\"\ncat /etc/fstab\n\nexit 0\nEND\nchmod 755 /tmp/ImageStreamer/grub_configure\ncommand /tmp/ImageStreamer/grub_configure"}