{"type":"PlanScript","dependentArtifacts":null,"hpProvided":true,"eTag":null,"created":null,"modified":null,"customAttributes":null,"planType":"deploy","category":null,"description":"Create first boot script for Oracle.","status":null,"uri":null,"name":"RHEL 7 - Oracle - create firstboot.sh script - 2017-05-15","id":"ae6569e7-3990-4798-9020-110288eb68ea","state":null,"content":"# (c) Copyright 2017 Hewlett Packard Enterprise Development LP\n#\n# Licensed under the Apache License, Version 2.0 (the \"License\");\n# you may not use this file except in compliance with the License.\n# You may obtain a copy of the License at #http://www.apache.org/licenses/LICENSE-2.0\n#\n# Unless required by applicable law or agreed to in writing, software distributed\n# under the License is distributed on an \"AS IS\" BASIS, WITHOUT WARRANTIES #OR\n# CONDITIONS OF ANY KIND, either express or implied. See the License for the\n# specific language governing permissions and limitations under the License.\n\necho \"--------------- create firstboot.sh script ----------------\"\n\nupload -<<END /tmp/ImageStreamer/firstboot_script\n#!/bin/bash\n\nmkdir -p /root/bootstrap\nchmod 0744 /root/bootstrap\n\ncat > /root/bootstrap/firstboot.sh <<EOF \n#!/bin/bash\n\nif [ ! -f  /root/bootstrap/.firstboot ]; then\n        echo \"First time boot, .firstboot not found\"\n        if [ -f /root/bootstrap/install.sh ]; then\n                /root/bootstrap/install.sh\n        else\n                echo \"could not find /root/bootstrap/install.sh\"\n        fi\n        # this is a one time script\n        touch /root/bootstrap/.firstboot\nelse\n        echo \"firstboot check complete\"\nfi\nEOF\n\nchmod 0754 /root/bootstrap/firstboot.sh\nEND\n\nchmod 0755 /tmp/ImageStreamer/firstboot_script\ncommand /tmp/ImageStreamer/firstboot_script\n\necho \"--------------- created firstboot.sh script ----------------\"\ncat /root/bootstrap/firstboot.sh"}