{"type":"PlanScript","dependentArtifacts":null,"hpProvided":true,"eTag":null,"created":null,"modified":null,"customAttributes":null,"planType":"deploy","category":null,"description":"Create Oracle installer script.","status":null,"uri":null,"name":"RHEL 7 – Oracle – create install script - 2017-05-15","id":"b14fe871-d161-46d3-996a-a5560f5b2e1b","state":null,"content":"# (c) Copyright 2017 Hewlett Packard Enterprise Development LP\n#\n# Licensed under the Apache License, Version 2.0 (the \"License\");\n# you may not use this file except in compliance with the License.\n# You may obtain a copy of the License at #http://www.apache.org/licenses/LICENSE-2.0\n#\n# Unless required by applicable law or agreed to in writing, software distributed\n# under the License is distributed on an \"AS IS\" BASIS, WITHOUT WARRANTIES #OR\n# CONDITIONS OF ANY KIND, either express or implied. See the License for the\n# specific language governing permissions and limitations under the License.\n\n# create install.sh script\nupload -<<EOF /root/bootstrap/install.sh\n#!/bin/bash\n#\n# find and set name of device for ASM diskgroup\n#\nmultipath -ll |grep @DataDiskWWN@ > mpath\nsed -i 's/ (.*$//g' mpath\nsed -i 's/^/\\\\\\/dev\\\\\\/mapper\\\\\\//g' mpath\nREPLACE=`cat mpath`\nSED_COMMAND='s/^oracle.install.asm.diskGroup.disks=.*/oracle.install.asm.diskGroup.disks='${REPLACE}'/g'\nsu - grid -c \"sed -i '${SED_COMMAND}' /home/grid/grid-single-instance.rsp\"\n#\n# set passwords in grid response file\n#\nsu - grid -c \"sed -i 's/^oracle.install.asm.SYSASMPassword=.*/oracle.install.asm.SYSASMPassword=@asmpassword@/' /home/grid/grid-single-instance.rsp\"\nsu - grid -c \"sed -i 's/^oracle.install.asm.monitorPassword=.*/oracle.install.asm.monitorPassword=@asmmonitorpassword@/' /home/grid/grid-single-instance.rsp\"\n#\n# replace hostname in response files\n#\nsu - grid -c \"sed -i 's/^ORACLE_HOSTNAME=.*/ORACLE_HOSTNAME=@Hostname@/' /home/grid/grid-single-instance.rsp\"\nsu - oracle -c \"sed -i 's/^ORACLE_HOSTNAME=.*/ORACLE_HOSTNAME=@Hostname@/' /home/oracle/db-single-instance.rsp\"\n#\n# grid install\n#\nsu - grid -c \"/home/grid/runInstaller -waitforcompletion -ignoreSysPrereqs -ignorePrereq -silent -responseFile /home/grid/grid-single-instance.rsp\"\n/u01/app/oraInventory/orainstRoot.sh\n/u01/app/grid/12c/root.sh\n#\n# create cfgrsp.properties since it contains passwords\n#\nsu - grid -c \"echo 'oracle.assistants.asm|S_ASMPASSWORD=@asmpassword@' > /home/grid/cfgrsp.properties\"\nsu - grid -c \"echo 'oracle.assistants.asm|S_ASMMONITORPASSWORD=@asmmonitorpassword@' >> /home/grid/cfgrsp.properties\"\n#\nsu - grid -c \"/u01/app/grid/12c/cfgtoollogs/configToolAllCommands RESPONSE_FILE=cfgrsp.properties\"\n#\n# oracle install\n#\nsu - oracle -c \"/home/oracle/database/runInstaller -waitforcompletion -silent -ignoreSysPrereqs -ignorePrereq -responseFile /home/oracle/db-single-instance.rsp\"\n/u01/app/oracle/12c/root.sh\nEOF\n\nchmod 0754 /root/bootstrap/install.sh\n\necho \"-------- created install.sh----------\"\ncat /root/bootstrap/install.sh"}