{"type":"PlanScript","dependentArtifacts":null,"hpProvided":true,"eTag":null,"created":null,"modified":null,"customAttributes":null,"planType":"deploy","category":null,"description":"Mount filesystems.","status":null,"uri":null,"name":"RHEL 7 - mount - deploy - 2017-05-15","id":"f3f90fb5-8c58-4315-8b6d-ff5a8d7043f1","state":null,"content":"# (c) Copyright 2017 Hewlett Packard Enterprise Development LP\n#\n# Licensed under the Apache License, Version 2.0 (the \"License\");\n# you may not use this file except in compliance with the License.\n# You may obtain a copy of the License at #http://www.apache.org/licenses/LICENSE-2.0\n#\n# Unless required by applicable law or agreed to in writing, software distributed\n# under the License is distributed on an \"AS IS\" BASIS, WITHOUT WARRANTIES #OR\n# CONDITIONS OF ANY KIND, either express or implied. See the License for the\n# specific language governing permissions and limitations under the License.\n\n!echo \"Logical Volumes in Golden Image:\"\nlvs\n\n!echo \"File Systems in Golden Image:\"\nlist-filesystems\n\n!echo \"Mounting File Systems:\"\nmount /dev/rhel_@OrigHostname@/root /\nmount /dev/sda2 /boot\nmount /dev/sda1 /boot/efi\nmkdir-p /tmp/ImageStreamer"}