{"type":"PlanScript","dependentArtifacts":null,"hpProvided":true,"eTag":null,"created":null,"modified":null,"customAttributes":null,"planType":"deploy","category":null,"description":"Create first boot service for Oracle.","status":null,"uri":null,"name":"RHEL 7 - Oracle - create firstboot service - 2017-05-15","id":"f9a8ea48-bcc0-43f6-8d41-e457282435cd","state":null,"content":"# (c) Copyright 2017 Hewlett Packard Enterprise Development LP\n#\n# Licensed under the Apache License, Version 2.0 (the \"License\");\n# you may not use this file except in compliance with the License.\n# You may obtain a copy of the License at #http://www.apache.org/licenses/LICENSE-2.0\n#\n# Unless required by applicable law or agreed to in writing, software distributed\n# under the License is distributed on an \"AS IS\" BASIS, WITHOUT WARRANTIES #OR\n# CONDITIONS OF ANY KIND, either express or implied. See the License for the\n# specific language governing permissions and limitations under the License.\n\nupload -<<EOF /etc/systemd/system/firstboot.service\n\n[Unit]\nDescription= Install and configure Oracle single instance\nAfter=network.target multi-user.target multipathd.service\n\n[Service]\nType=idle\nTimeoutStartSec=0\nUser=root\nExecStart=/root/bootstrap/firstboot.sh\n\n[Install]\nWantedBy=multi-user.target\nEOF\n\nchmod 0664 /etc/systemd/system/firstboot.service\nln-s /etc/systemd/system/firstboot.service /etc/systemd/system/multi-user.target.wants/firstboot.service\n\necho \"------ created firstboot.service---------------\"\ncat /etc/systemd/system/firstboot.service"}