{"type":"PlanScript","dependentArtifacts":null,"hpProvided":true,"eTag":null,"created":null,"modified":null,"customAttributes":null,"planType":"deploy","category":null,"description":"Update udev rules.","status":null,"uri":null,"name":"RHEL 7 - Oracle - update udev rules - 2017-05-15","id":"fbe369d9-a188-4b03-aa09-360e77844eaf","state":null,"content":"# (c) Copyright 2017 Hewlett Packard Enterprise Development LP\n#\n# Licensed under the Apache License, Version 2.0 (the \"License\");\n# you may not use this file except in compliance with the License.\n# You may obtain a copy of the License at #http://www.apache.org/licenses/LICENSE-2.0\n#\n# Unless required by applicable law or agreed to in writing, software distributed\n# under the License is distributed on an \"AS IS\" BASIS, WITHOUT WARRANTIES #OR\n# CONDITIONS OF ANY KIND, either express or implied. See the License for the\n# specific language governing permissions and limitations under the License.\n\n# update udev rules\nupload -<<EOF /tmp/ImageStreamer/configure_udev\n#!/bin/bash\n#\n# set WWN for Oracle data disk in udev permissions file\n#\nsed -i 's/^RESULT==.*/RESULT==\"@DataDiskWWN@\", \\\\ /' /etc/udev/rules.d/12-oracle-permissions.rules\n#\necho \"-------- updated 12-oracle-permissions.rules----------\"\ncat /etc/udev/rules.d/12-oracle-permissions.rules\nEOF\n\nchmod 0755  /tmp/ImageStreamer/configure_udev\ncommand /tmp/ImageStreamer/configure_udev"}