{"type":"PlanScript","dependentArtifacts":null,"hpProvided":true,"eTag":null,"created":null,"modified":null,"customAttributes":null,"planType":"deploy","category":null,"description":"create addRACnode.sh script","status":null,"uri":null,"name":"RHEL 7 - RAC create addRACnode.sh script - 2017-05-16","id":"62cd4f68-2558-4c32-924d-8a9e3f0c5ead","state":null,"content":"# (c) Copyright 2017 Hewlett Packard Enterprise Development LP\n#\n# Licensed under the Apache License, Version 2.0 (the \"License\");\n# you may not use this file except in compliance with the License.\n# You may obtain a copy of the License at #http://www.apache.org/licenses/LICENSE-2.0\n#\n# Unless required by applicable law or agreed to in writing, software distributed\n# under the License is distributed on an \"AS IS\" BASIS, WITHOUT WARRANTIES #OR\n# CONDITIONS OF ANY KIND, either express or implied. See the License for the\n# specific language governing permissions and limitations under the License.\n\n# create addRACnode.sh script\nupload -<<EOF /root/bootstrap/addRACnode.sh\n#!/bin/bash\n#\n# run addnode.sh for both grid and oracle accounts\n#\n# grid account\n#\nsu - grid -c \"ssh @HostnameNode1@ '/u01/app/grid/12c/addnode/addnode.sh -ignoreSysPrereqs -ignorePrereq -silent \"CLUSTER_NEW_NODES={@HostnameNode3@}\" \"CLUSTER_NEW_VIRTUAL_HOSTNAMES={@VipNode3@}\"'\"\n/u01/app/oraInventory/orainstRoot.sh\n/u01/app/grid/12c/root.sh\n#\n# oracle account\n#\nsu - oracle -c \"ssh @HostnameNode1@ '/u01/app/oracle/12c/addnode/addnode.sh -silent \"CLUSTER_NEW_NODES={@HostnameNode3@}\"'\"\n/u01/app/oracle/12c/root.sh\n\nEOF\n\nchmod 0754 /root/bootstrap/addRACnode.sh\n\necho \"-------- created addRACnode.sh----------\"\ncat /root/bootstrap/addRACnode.sh"}