{"type":"PlanScript","dependentArtifacts":null,"hpProvided":true,"eTag":null,"created":null,"modified":null,"customAttributes":null,"planType":"deploy","category":null,"description":"create sshkey_config.sh for oracle user","status":null,"uri":null,"name":"RHEL 7 - RAC oracle create sshkey_config.sh - 2017-05-16","id":"677c2555-b637-476c-93f1-a660b73d9454","state":null,"content":"# (c) Copyright 2017 Hewlett Packard Enterprise Development LP\n#\n# Licensed under the Apache License, Version 2.0 (the \"License\");\n# you may not use this file except in compliance with the License.\n# You may obtain a copy of the License at #http://www.apache.org/licenses/LICENSE-2.0\n#\n# Unless required by applicable law or agreed to in writing, software distributed\n# under the License is distributed on an \"AS IS\" BASIS, WITHOUT WARRANTIES #OR\n# CONDITIONS OF ANY KIND, either express or implied. See the License for the\n# specific language governing permissions and limitations under the License.\n\necho \"----------- create sshkey_config.sh for oracle user -----------\"\n\nupload -<<END /tmp/ImageStreamer/create_sshkey_config_oracle\n\ncat > /home/oracle/bootstrap/sshkey_config.sh <<EOF \n#!/bin/bash\n# script to configure ssh keys for oracle user\n#\n# generate keys for node3\n#\nssh-keygen -b 1024 -f /home/oracle/.ssh/id_rsa -N \"\"\n#\n# copy public key to node1\n#\n/usr/local/bin/sshpass -p@oraclePassword@  scp -o StrictHostkeyChecking=no  /home/oracle/.ssh/id_rsa.pub @HostnameNode1@:./.ssh/node3_rsa\n#\n# copy public key into authorized_keys file on node1\n#\n/usr/local/bin/sshpass -p@oraclePassword@ ssh -o StrictHostkeyChecking=no @HostnameNode1@  \"cat /home/oracle/.ssh/node3_rsa >> /home/oracle/.ssh/authorized_keys\"\n#\n# copy public key to node2\n#\n/usr/local/bin/sshpass -p@oraclePassword@  scp -o StrictHostkeyChecking=no  /home/oracle/.ssh/id_rsa.pub @HostnameNode2@:./.ssh/node3_rsa\n#\n# copy public key into authorized_keys file on node2\n#\n/usr/local/bin/sshpass -p@oraclePassword@ ssh -o StrictHostkeyChecking=no @HostnameNode2@ \"cat /home/oracle/.ssh/node3_rsa >> /home/oracle/.ssh/authorized_keys\"\n#\n# copy node1's public key to node3\n#\n/usr/local/bin/sshpass -p@oraclePassword@  scp -o StrictHostkeyChecking=no  @HostnameNode1@:./.ssh/id_rsa.pub /home/oracle/.ssh/node1_rsa\n#\n# copy node1's public key into authorized_keys file on node3\n#\ncat /home/oracle/.ssh/node1_rsa >> /home/oracle/.ssh/authorized_keys\n#\n# copy node2's public key to node3\n#\n/usr/local/bin/sshpass -p@oraclePassword@  scp -o StrictHostkeyChecking=no  @HostnameNode2@:./.ssh/id_rsa.pub /home/oracle/.ssh/node2_rsa\n#\n# copy node2's public key into authorized_keys file on node3\n#\ncat /home/oracle/.ssh/node2_rsa >> /home/oracle/.ssh/authorized_keys\n#\n# copy node3's public key into authorized_keys file on node3\n#\ncat /home/oracle/.ssh/id_rsa.pub >> /home/oracle/.ssh/authorized_keys\n#\n# add Node3 to known_hosts on all three nodes\n#\n/usr/local/bin/sshpass -p@oraclePassword@ ssh -o StrictHostkeyChecking=no @HostnameNode1@ \"cp .ssh/known_hosts .ssh/known_hosts_tmp; sed '/@HostnameNode2@/a @HostnameNode3@,@HostnameNode3_IP@ @KnownHostsString@' < .ssh/known_hosts_tmp > .ssh/known_hosts\"\n#\n/usr/local/bin/sshpass -p@oraclePassword@ ssh -o StrictHostkeyChecking=no @HostnameNode2@ \"cp .ssh/known_hosts .ssh/known_hosts_tmp; sed '/@HostnameNode1@/a @HostnameNode3@,@HostnameNode3_IP@ @KnownHostsString@' < .ssh/known_hosts_tmp > .ssh/known_hosts\"\n#\ncp /home/oracle/.ssh/known_hosts /home/oracle/.ssh/known_hosts_tmp; sed '/@HostnameNode2@/a @HostnameNode3@,@HostnameNode3_IP@ @KnownHostsString@' < /home/oracle/.ssh/known_hosts_tmp > /home/oracle/.ssh/known_hosts\nEOF\n\nchmod 0754 /home/oracle/bootstrap/sshkey_config.sh\nchown oracle:oinstall /home/oracle/bootstrap/sshkey_config.sh\nEND\n\nchmod 755 /tmp/ImageStreamer/create_sshkey_config_oracle\ncommand /tmp/ImageStreamer/create_sshkey_config_oracle\n\necho \"----------- created sshkey_config.sh for oracle user -----------\"\ncat /home/oracle/bootstrap/sshkey_config.sh"}