{"type":"PlanScript","dependentArtifacts":null,"hpProvided":true,"eTag":null,"created":null,"modified":null,"customAttributes":null,"planType":"deploy","category":null,"description":"create sshkey_config.sh for grid  user","status":null,"uri":null,"name":"RHEL 7 - RAC grid create sshkey_config.sh - 2017-05-16","id":"910d3113-009c-4404-b9bb-8b45fd669dc1","state":null,"content":"# (c) Copyright 2017 Hewlett Packard Enterprise Development LP\n#\n# Licensed under the Apache License, Version 2.0 (the \"License\");\n# you may not use this file except in compliance with the License.\n# You may obtain a copy of the License at #http://www.apache.org/licenses/LICENSE-2.0\n#\n# Unless required by applicable law or agreed to in writing, software distributed\n# under the License is distributed on an \"AS IS\" BASIS, WITHOUT WARRANTIES #OR\n# CONDITIONS OF ANY KIND, either express or implied. See the License for the\n# specific language governing permissions and limitations under the License.\n\necho \"--------create sshkey_config.sh for grid  user----------\"\n\nupload -<<END /tmp/ImageStreamer/create_sshkey_config_grid\n\ncat > /home/grid/bootstrap/sshkey_config.sh <<EOF \n#!/bin/bash\n# script to update hosts files and configure ssh keys\n#\n# add this server to hosts file on other nodes\n#\n# Node1\n#\n/usr/local/bin/sshpass -p@rootPassword@ ssh -o StrictHostkeyChecking=no -l root @HostnameNode1@ \"cp /etc/hosts /tmp/hosts; sed '/127.0.0.1/a @HostnameNode3_IP@  @HostnameNode3@.@DomainName@ @HostnameNode3@\\n@PrvNode3_IP@ @PrvNode3@.@DomainName@ @PrvNode3@\\n@VipNode3_IP@ @VipNode3@.@DomainName@ @VipNode3@' < /tmp/hosts > /etc/hosts\"\n#\n# Node2\n#\n/usr/local/bin/sshpass -p@rootPassword@ ssh -o StrictHostkeyChecking=no -l root @HostnameNode2@ \"cp /etc/hosts /tmp/hosts; sed '/127.0.0.1/a @HostnameNode3_IP@  @HostnameNode3@.@DomainName@ @HostnameNode3@\\n@PrvNode3_IP@  @PrvNode3@.@DomainName@ @PrvNode3@\\n@VipNode3_IP@  @VipNode3@.@DomainName@ @VipNode3@' < /tmp/hosts > /etc/hosts\"\n#\n# generate keys for node3\n#\nssh-keygen -b 1024 -f /home/grid/.ssh/id_rsa -N \"\"\n#\n# copy public key to node1\n#\n/usr/local/bin/sshpass -p@gridPassword@  scp -o StrictHostkeyChecking=no  /home/grid/.ssh/id_rsa.pub @HostnameNode1@:./.ssh/node3_rsa\n#\n# copy public key into authorized_keys file on node1\n#\n/usr/local/bin/sshpass -p@gridPassword@ ssh -o StrictHostkeyChecking=no @HostnameNode1@  \"cat /home/grid/.ssh/node3_rsa >> /home/grid/.ssh/authorized_keys\"\n#\n# copy public key to node2\n#\n/usr/local/bin/sshpass -p@gridPassword@  scp -o StrictHostkeyChecking=no  /home/grid/.ssh/id_rsa.pub @HostnameNode2@:./.ssh/node3_rsa\n#\n# copy public key into authorized_keys file on node2\n#\n/usr/local/bin/sshpass -p@gridPassword@ ssh -o StrictHostkeyChecking=no @HostnameNode2@ \"cat /home/grid/.ssh/node3_rsa >> /home/grid/.ssh/authorized_keys\"\n#\n# copy node1's public key to node3\n#\n/usr/local/bin/sshpass -p@gridPassword@  scp -o StrictHostkeyChecking=no  @HostnameNode1@:./.ssh/id_rsa.pub /home/grid/.ssh/node1_rsa\n#\n# copy node1's public key into authorized_keys file on node3\n#\ncat /home/grid/.ssh/node1_rsa >> /home/grid/.ssh/authorized_keys\n#\n# copy node2's public key to node3\n#\n/usr/local/bin/sshpass -p@gridPassword@  scp -o StrictHostkeyChecking=no  @HostnameNode2@:./.ssh/id_rsa.pub /home/grid/.ssh/node2_rsa\n#\n# copy node2's public key into authorized_keys file on node3\n#\ncat /home/grid/.ssh/node2_rsa >> /home/grid/.ssh/authorized_keys\n#\n# copy node3's public key into authorized_keys file on node3\n#\ncat /home/grid/.ssh/id_rsa.pub >> /home/grid/.ssh/authorized_keys\n#\n# add Node3 to known_hosts on all three nodes\n#\n/usr/local/bin/sshpass -p@gridPassword@ ssh -o StrictHostkeyChecking=no @HostnameNode1@ \"cp .ssh/known_hosts .ssh/known_hosts_tmp; sed '/@HostnameNode2@/a @HostnameNode3@,@HostnameNode3_IP@ @KnownHostsString@' < .ssh/known_hosts_tmp > .ssh/known_hosts\"\n#\n/usr/local/bin/sshpass -p@gridPassword@ ssh -o StrictHostkeyChecking=no @HostnameNode2@ \"cp .ssh/known_hosts .ssh/known_hosts_tmp; sed '/@HostnameNode1@/a @HostnameNode3@,@HostnameNode3_IP@ @KnownHostsString@' < .ssh/known_hosts_tmp > .ssh/known_hosts\"\n#\ncp /home/grid/.ssh/known_hosts /home/grid/.ssh/known_hosts_tmp; sed '/@HostnameNode2@/a @HostnameNode3@,@HostnameNode3_IP@ @KnownHostsString@' < /home/grid/.ssh/known_hosts_tmp > /home/grid/.ssh/known_hosts\nEOF\n\nchmod 0754 /home/grid/bootstrap/sshkey_config.sh\nchown grid:oinstall /home/grid/bootstrap/sshkey_config.sh\nEND\n\nchmod 755 /tmp/ImageStreamer/create_sshkey_config_grid\ncommand /tmp/ImageStreamer/create_sshkey_config_grid\n\necho \"--------created sshkey_config.sh for grid  user----------\"\ncat /home/grid/bootstrap/sshkey_config.sh"}