{"type":"PlanScript","dependentArtifacts":null,"hpProvided":true,"eTag":null,"created":null,"modified":null,"customAttributes":null,"planType":"deploy","category":null,"description":"Set hostname","status":null,"uri":null,"name":"RHEL 7 - RAC hostname configuration - 2017-05-16","id":"9b66e80e-cd7e-473e-8964-a8b56850d662","state":null,"content":"# (c) Copyright 2017 Hewlett Packard Enterprise Development LP\n#\n# Licensed under the Apache License, Version 2.0 (the \"License\");\n# you may not use this file except in compliance with the License.\n# You may obtain a copy of the License at #http://www.apache.org/licenses/LICENSE-2.0\n#\n# Unless required by applicable law or agreed to in writing, software distributed\n# under the License is distributed on an \"AS IS\" BASIS, WITHOUT WARRANTIES #OR\n# CONDITIONS OF ANY KIND, either express or implied. See the License for the\n# specific language governing permissions and limitations under the License.\n\n# Set hostname\nupload -<<EOF /etc/hostname\n@HostnameNode3@.@DomainName@\nEOF\n\n# Add /etc/hosts entry for hostname\nupload -<<END /tmp/ImageStreamer/hosts_configure\n#! /bin/bash\n\ncp /etc/hosts /tmp/ImageStreamer/hosts\nsed '/127.0.0.1/a @HostnameNode3_IP@   @HostnameNode3@.@DomainName@   @HostnameNode3@\\n@HostnameNode1_IP@ @HostnameNode1@.@DomainName@ @HostnameNode1@\\n @HostnameNode2_IP@ @HostnameNode2@.@DomainName@ @HostnameNode2@\\n@PrvNode1_IP@ @PrvNode1@.@DomainName@ @PrvNode1@\\n@PrvNode2_IP@ @PrvNode2@.@DomainName@ @PrvNode2@\\n@PrvNode3_IP@ @PrvNode3@.@DomainName@ @PrvNode3@\\n@VipNode1_IP@ @VipNode1@.@DomainName@ @VipNode1@\\n@VipNode2_IP@ @VipNode2@.@DomainName@ @VipNode2@\\n@VipNode3_IP@ @VipNode3@.@DomainName@ @VipNode3@\\n@Scan1_IP@ @Scan1@.@DomainName@ @Scan1@\\n@Scan2_IP@ @Scan2@.@DomainName@ @Scan2@\\n@Scan3_IP@ @Scan3@.@DomainName@ @Scan3@\\n\n' </tmp/ImageStreamer/hosts >/etc/hosts\n\nexit 0\nEND\nchmod 755 /tmp/ImageStreamer/hosts_configure\ncommand /tmp/ImageStreamer/hosts_configure\n\necho \"-------- new /etc/hostname----------\"\ncat /etc/hostname\n\necho \"-------- new /etc/hosts ----------\"\ncat /etc/hosts"}