{"type":"PlanScript","dependentArtifacts":null,"hpProvided":true,"eTag":null,"created":null,"modified":null,"customAttributes":null,"planType":"deploy","category":null,"description":"Config eth4 network configuration","status":null,"uri":null,"name":"RHEL 7 - RAC public network configuration - 2017-05-16","id":"b5445a18-8f78-4b27-9ebd-43adae342993","state":null,"content":"# (c) Copyright 2017 Hewlett Packard Enterprise Development LP\n#\n# Licensed under the Apache License, Version 2.0 (the \"License\");\n# you may not use this file except in compliance with the License.\n# You may obtain a copy of the License at #http://www.apache.org/licenses/LICENSE-2.0\n#\n# Unless required by applicable law or agreed to in writing, software distributed\n# under the License is distributed on an \"AS IS\" BASIS, WITHOUT WARRANTIES #OR\n# CONDITIONS OF ANY KIND, either express or implied. See the License for the\n# specific language governing permissions and limitations under the License.\n\n# config eth4 network configuration\nupload -<<END /tmp/ImageStreamer/eth4_configure\n#! /bin/bash\n\n# Check if this is a request to configure for DHCP \nif [ \"@eth4_dhcp:DHCP@\" = \"DHCP\"  ]; then\n\ncat <<EOF > /etc/sysconfig/network-scripts/ifcfg-eth4\nDEVICE=eth4\nBOOTPROTO=dhcp\nHWADDR=@HostnameNode3_mac@\nONBOOT=yes\nEOF\n\nelse\n\ncat <<EOF > /etc/sysconfig/network-scripts/ifcfg-eth4\nDEVICE=eth4\nBOOTPROTO=static\nHWADDR=@HostnameNode3_mac@\nIPADDR=@HostnameNode3_IP@\nNETMASK=@HostnameNode3_netmask@\nGATEWAY=@HostnameNode3_gateway@\nONBOOT=yes\nEOF\n\nfi\n\nexit 0\nEND\nchmod 755 /tmp/ImageStreamer/eth4_configure\ncommand /tmp/ImageStreamer/eth4_configure\n\necho \"-------- new /etc/sysconfig/network-scripts/ifcfg-eth4 ----------\"\ncat /etc/sysconfig/network-scripts/ifcfg-eth4"}