{"type":"PlanScript","dependentArtifacts":null,"hpProvided":true,"eTag":null,"created":null,"modified":null,"customAttributes":null,"planType":"deploy","category":null,"description":"create firstboot services","status":null,"uri":null,"name":"RHEL 7 - RAC create firstboot services - 2017-05-16","id":"bbe0c272-75b6-4cd7-ba12-6782e28ad664","state":null,"content":"# (c) Copyright 2017 Hewlett Packard Enterprise Development LP\n#\n# Licensed under the Apache License, Version 2.0 (the \"License\");\n# you may not use this file except in compliance with the License.\n# You may obtain a copy of the License at #http://www.apache.org/licenses/LICENSE-2.0\n#\n# Unless required by applicable law or agreed to in writing, software distributed\n# under the License is distributed on an \"AS IS\" BASIS, WITHOUT WARRANTIES #OR\n# CONDITIONS OF ANY KIND, either express or implied. See the License for the\n# specific language governing permissions and limitations under the License.\n\n# create firstboot services\nupload -<<EOF /etc/systemd/system/firstboot-grid.service\n[Unit]\nDescription=Configure ssh keys for grid\nAfter=network.target\n\n[Service]\nType=oneshot\nUser=grid\nExecStart=/home/grid/bootstrap/firstboot.sh\n\n[Install]\nWantedBy=multi-user.target\nEOF\n\nchmod 0664 /etc/systemd/system/firstboot-grid.service\nln-s /etc/systemd/system/firstboot-grid.service /etc/systemd/system/multi-user.target.wants/firstboot-grid.service\n\necho \"------ created firstboot-grid.service---------------\"\ncat /etc/systemd/system/firstboot-grid.service\n\n\nupload -<<EOF /etc/systemd/system/firstboot-oracle.service\n[Unit]\nDescription=Configure ssh keys for oracle\nAfter=network.target firstboot-grid.service\n\n[Service]\nType=oneshot\nUser=oracle\nExecStart=/home/oracle/bootstrap/firstboot.sh\n\n[Install]\nWantedBy=multi-user.target\nEOF\n\nchmod 0664 /etc/systemd/system/firstboot-oracle.service\nln-s /etc/systemd/system/firstboot-oracle.service /etc/systemd/system/multi-user.target.wants/firstboot-oracle.service\n\necho \"------ created firstboot-oracle.service---------------\"\ncat /etc/systemd/system/firstboot-oracle.service\n\nupload -<<EOF /etc/systemd/system/firstboot-addnode.service\n\n[Unit]\nDescription= Add Oracle RAC node\nAfter=network.target firstboot-grid.service firstboot-oracle.service multi-user.target\n\n[Service]\nType=idle\nTimeoutStartSec=0\nUser=root\nExecStart=/root/bootstrap/firstboot-addnode.sh\n\n[Install]\nWantedBy=multi-user.target\nEOF\n\nchmod 0664 /etc/systemd/system/firstboot-addnode.service\nln-s /etc/systemd/system/firstboot-addnode.service /etc/systemd/system/multi-user.target.wants/firstboot-addnode.service\n\necho \"------ created firstboot-addnode.service---------------\"\ncat /etc/systemd/system/firstboot-addnode.service"}