{"type":"OeBuildPlan","dependentArtifacts":null,"customAttributes":[{"constraints":"{}","description":"","name":"gridPassword","value":"","type":"string"},{"constraints":"{}","description":"","name":"Scan1","value":"","type":"string"},{"constraints":"{}","description":"","name":"Scan2","value":"","type":"string"},{"constraints":"{}","description":"","name":"Scan3","value":"","type":"string"},{"constraints":"{}","description":"","name":"HostnameNode2","value":"","type":"string"},{"constraints":"{}","description":"","name":"HostnameNode1","value":"","type":"string"},{"constraints":"{}","description":"","name":"PrvNode2","value":"","type":"string"},{"constraints":"{}","description":"","name":"HostnameNode3","value":"","type":"string"},{"constraints":"{}","description":"","name":"PrvNode3","value":"","type":"string"},{"constraints":"{}","description":"","name":"PrvNode1","value":"","type":"string"},{"constraints":"{}","description":"","name":"HostnameNode1_IP","value":"","type":"string"},{"constraints":"{}","description":"","name":"VipNode1_IP","value":"","type":"string"},{"constraints":"{}","description":"","name":"KnownHostsString","value":"","type":"string"},{"constraints":"{}","description":"","name":"HostnameNode2_IP","value":"","type":"string"},{"constraints":"{}","description":"","name":"DomainName","value":"","type":"string"},{"constraints":"{}","description":"","name":"HostnameNode3_IP","value":"","type":"string"},{"constraints":"{}","description":"","name":"Scan1_IP","value":"","type":"string"},{"constraints":"{}","description":"","name":"VipNode3","value":"","type":"string"},{"constraints":"{}","description":"","name":"VipNode2","value":"","type":"string"},{"constraints":"{}","description":"","name":"VipNode1","value":"","type":"string"},{"constraints":"{}","description":"","name":"OrigHostname","value":"","type":"string"},{"constraints":"{}","description":"","name":"Scan2_IP","value":"","type":"string"},{"constraints":"{}","description":"","name":"Hostname","value":"","type":"string"},{"constraints":"{}","description":"","name":"HUGEPAGES","value":"","type":"string"},{"constraints":"{}","description":"","name":"PrvNode3_netmask","value":"","type":"string"},{"constraints":"{}","description":"","name":"VipNode2_IP","value":"","type":"string"},{"constraints":"{}","description":"","name":"PrvNode3_mac","value":"","type":"string"},{"constraints":"{}","description":"","name":"rootPassword","value":"","type":"string"},{"constraints":"{}","description":"","name":"VipNode3_IP","value":"","type":"string"},{"constraints":"{}","description":"","name":"HostnameNode3_gateway","value":"","type":"string"},{"constraints":"{}","description":"","name":"PrvNode1_IP","value":"","type":"string"},{"constraints":"{}","description":"","name":"HostnameNode3_netmask","value":"","type":"string"},{"constraints":"{}","description":"","name":"PrvNode2_IP","value":"","type":"string"},{"constraints":"{}","description":"","name":"MEMLOCK","value":"","type":"string"},{"constraints":"{}","description":"","name":"oraclePassword","value":"","type":"string"},{"constraints":"{}","description":"","name":"Scan3_IP","value":"","type":"string"},{"constraints":"{}","description":"","name":"SHMMAX","value":"","type":"string"},{"constraints":"{}","description":"","name":"PrvNode3_IP","value":"","type":"string"},{"constraints":"{}","description":"","name":"eth4_dhcp","value":"DHCP","type":"string"},{"constraints":"{}","description":"","name":"HostnameNode3_mac","value":"","type":"string"}],"buildStep":[{"planScriptUri":"/rest/plan-scripts/3e7edb0e-a92d-4de5-ad41-4ec3664ffb29","planScriptName":"RHEL7 - mount - deploy - 2017-05-16","parameters":null,"serialNumber":"1"},{"planScriptUri":"/rest/plan-scripts/d94a9d38-ad1a-4aac-9d1a-0f1f8edb2f8c","planScriptName":"RHEL7 - change root volume name - 2017-05-16","parameters":null,"serialNumber":"2"},{"planScriptUri":"/rest/plan-scripts/9b66e80e-cd7e-473e-8964-a8b56850d662","planScriptName":"RHEL 7 - RAC hostname configuration - 2017-05-16","parameters":null,"serialNumber":"3"},{"planScriptUri":"/rest/plan-scripts/6e3fd6d8-fb6f-481f-9a95-1547527f21d4","planScriptName":"RHEL 7 - update resolv.conf - 2017-05-16","parameters":null,"serialNumber":"4"},{"planScriptUri":"/rest/plan-scripts/b5445a18-8f78-4b27-9ebd-43adae342993","planScriptName":"RHEL 7 - RAC public network configuration - 2017-05-16","parameters":null,"serialNumber":"5"},{"planScriptUri":"/rest/plan-scripts/f8ca076f-586c-4811-b6c1-8ec77e1f229c","planScriptName":"RHEL 7 – RAC private network configuration - 2017-05-16","parameters":null,"serialNumber":"6"},{"planScriptUri":"/rest/plan-scripts/b8d67c20-3ba7-4dc2-918a-225143a34ae5","planScriptName":"RHEL 7 - Oracle - update kernel params - 2017-05-16","parameters":null,"serialNumber":"7"},{"planScriptUri":"/rest/plan-scripts/f9359ff9-d8e0-4d56-8140-f33ea36df84b","planScriptName":"RHEL 7 - Oracle - update limits - 2017-05-16","parameters":null,"serialNumber":"8"},{"planScriptUri":"/rest/plan-scripts/bbe0c272-75b6-4cd7-ba12-6782e28ad664","planScriptName":"RHEL 7 - RAC create firstboot services - 2017-05-16","parameters":null,"serialNumber":"9"},{"planScriptUri":"/rest/plan-scripts/ee9e0864-c846-4c79-8fef-7d7bf9904e7f","planScriptName":"RHEL 7 - RAC create firstboot.sh scripts - 2017-05-16","parameters":null,"serialNumber":"10"},{"planScriptUri":"/rest/plan-scripts/910d3113-009c-4404-b9bb-8b45fd669dc1","planScriptName":"RHEL 7 - RAC grid create sshkey_config.sh - 2017-05-16","parameters":null,"serialNumber":"11"},{"planScriptUri":"/rest/plan-scripts/677c2555-b637-476c-93f1-a660b73d9454","planScriptName":"RHEL 7 - RAC oracle create sshkey_config.sh - 2017-05-16","parameters":null,"serialNumber":"12"},{"planScriptUri":"/rest/plan-scripts/62cd4f68-2558-4c32-924d-8a9e3f0c5ead","planScriptName":"RHEL 7 - RAC create addRACnode.sh script - 2017-05-16","parameters":null,"serialNumber":"13"},{"planScriptUri":"/rest/plan-scripts/1db83716-a4f8-4a18-99c2-4a94cccb8671","planScriptName":"RHEL 7 - umount - 2017-05-16","parameters":null,"serialNumber":"14"}],"eTag":null,"created":null,"modified":null,"etag":null,"hpProvided":true,"oeBuildPlanType":"deploy","buildPlanid":"c2b845b4-7f1f-43dd-a25a-6f5309aa8ff1","category":null,"description":"Add a node to the RAC. \n(c) Copyright 2017 Hewlett Packard Enterprise Development LP. Licensed under the Apache License, Version 2.0 (the \"License\");...","status":null,"uri":null,"name":"HPE - RHEL 7 RAC Add Node - 2017-05-16"}