{"type":"PlanScript","dependentArtifacts":null,"hpProvided":true,"eTag":null,"created":null,"modified":null,"customAttributes":null,"planType":"deploy","category":null,"description":"create firstboot.sh scripts","status":null,"uri":null,"name":"RHEL 7 - RAC create firstboot.sh scripts - 2017-05-16","id":"ee9e0864-c846-4c79-8fef-7d7bf9904e7f","state":null,"content":"# (c) Copyright 2017 Hewlett Packard Enterprise Development LP\n#\n# Licensed under the Apache License, Version 2.0 (the \"License\");\n# you may not use this file except in compliance with the License.\n# You may obtain a copy of the License at #http://www.apache.org/licenses/LICENSE-2.0\n#\n# Unless required by applicable law or agreed to in writing, software distributed\n# under the License is distributed on an \"AS IS\" BASIS, WITHOUT WARRANTIES #OR\n# CONDITIONS OF ANY KIND, either express or implied. See the License for the\n# specific language governing permissions and limitations under the License.\n\necho \"--------------- create firstboot.sh scripts ----------------\"\n\nupload -<<END /tmp/ImageStreamer/firstboot_scripts\n#!/bin/bash\n\nmkdir -p /root/bootstrap\nchmod 0744 /root/bootstrap\n\ncat > /root/bootstrap/firstboot-addnode.sh <<EOF \n#!/bin/bash\n\nif [ ! -f  /root/bootstrap/.firstboot_addnode ]; then\n        echo \"First time boot, .firstboot_addnode not found\"\n        if [ -f /root/bootstrap/addRACnode.sh ]; then\n                /root/bootstrap/addRACnode.sh\n        else\n                echo \"could not find /root/bootstrap/addRACnode.sh\"\n        fi\n        # this is a one time script\n        touch /root/bootstrap/.firstboot_addnode\nelse\n        echo \"firstboot check complete\"\nfi\nEOF\n\nchmod 0754 /root/bootstrap/firstboot-addnode.sh\n\nmkdir -p /home/grid/bootstrap\nchmod 0744 /home/grid/bootstrap\nchown grid:oinstall /home/grid/bootstrap\n\ncat > /home/grid/bootstrap/firstboot.sh <<EOF\n#!/bin/bash\n\nif [ ! -f /home/grid/bootstrap/.firstboot ]; then\n        echo \"First time boot, .firstboot not found\"\n        if [ -f /home/grid/bootstrap/sshkey_config.sh ]; then\n                /home/grid/bootstrap/sshkey_config.sh\n        else\n                echo \"could not find /home/grid/bootstrap/sshkey_config.sh\"\n        fi\n        # this is a one time script\n        touch /home/grid/bootstrap/.firstboot\nelse\n        echo \"firstboot check complete\"\nfi\nEOF\n\nchmod 0754 /home/grid/bootstrap/firstboot.sh\nchown grid:oinstall /home/grid/bootstrap/firstboot.sh\n\nmkdir -p /home/oracle/bootstrap\nchmod 0744 /home/oracle/bootstrap\nchown oracle:oinstall /home/oracle/bootstrap\n\ncat > /home/oracle/bootstrap/firstboot.sh <<EOF\n#!/bin/bash\n\nif [ ! -f /home/oracle/bootstrap/.firstboot ]; then\n        echo \"First time boot, .firstboot not found\"\n        if [ -f /home/oracle/bootstrap/sshkey_config.sh ]; then\n                /home/oracle/bootstrap/sshkey_config.sh\n        else\n                echo \"could not find /home/oracle/bootstrap/sshkey_config.sh\"\n        fi\n        # this is a one time script\n        touch /home/oracle/bootstrap/.firstboot\nelse\n        echo \"firstboot check complete\"\nfi\nEOF\n\nchmod 0754 /home/oracle/bootstrap/firstboot.sh\nchown oracle:oinstall /home/oracle/bootstrap/firstboot.sh\nEND\n\nchmod 0755 /tmp/ImageStreamer/firstboot_scripts\ncommand /tmp/ImageStreamer/firstboot_scripts\n\necho \"--------------- created firstboot.sh scripts ----------------\"\ncat /root/bootstrap/firstboot-addnode.sh\ncat /home/grid/bootstrap/firstboot.sh\ncat /home/oracle/bootstrap/firstboot.sh"}