{"type":"PlanScript","dependentArtifacts":null,"hpProvided":true,"eTag":null,"created":null,"modified":null,"customAttributes":null,"planType":"deploy","category":null,"description":"config Oracle RAC private network configuration","status":null,"uri":null,"name":"RHEL 7 – RAC private network configuration - 2017-05-16","id":"f8ca076f-586c-4811-b6c1-8ec77e1f229c","state":null,"content":"# (c) Copyright 2017 Hewlett Packard Enterprise Development LP\n#\n# Licensed under the Apache License, Version 2.0 (the \"License\");\n# you may not use this file except in compliance with the License.\n# You may obtain a copy of the License at #http://www.apache.org/licenses/LICENSE-2.0\n#\n# Unless required by applicable law or agreed to in writing, software distributed\n# under the License is distributed on an \"AS IS\" BASIS, WITHOUT WARRANTIES #OR\n# CONDITIONS OF ANY KIND, either express or implied. See the License for the\n# specific language governing permissions and limitations under the License.\n\n# config Oracle RAC private network configuration\nupload -<<END /tmp/ImageStreamer/privatenet_configure\n#! /bin/bash\n\n# Image Streamer NIC attribute expansion is currently broken.\n# There should be a NIC.dhcp value indicating if DCHP is selected.\n# Empty values incorrectly expand to their attribute name like NIC.dns3\n\n# Check if this is probably a request to configure for DHCP \nif [ \"@eth4_dhcp:DHCP@\" = \"DHCP\"  ]; then\n\ncat <<EOF > /etc/sysconfig/network-scripts/ifcfg-ens3f6\nDEVICE=ens3f6\nBOOTPROTO=dhcp\nHWADDR=@PrvNode3_mac@\nONBOOT=yes\nEOF\n\nelse\n\ncat <<EOF > /etc/sysconfig/network-scripts/ifcfg-ens3f6\nDEVICE=ens3f6\nBOOTPROTO=none\nHWADDR=@PrvNode3_mac@\nIPADDR=@PrvNode3_IP@\nNETMASK=@PrvNode3_netmask@\nONBOOT=yes\nEOF\n\nfi\n\nexit 0\nEND\nchmod 755 /tmp/ImageStreamer/privatenet_configure\ncommand /tmp/ImageStreamer/privatenet_configure\n\necho \"-------- new /etc/sysconfig/network-scripts/ifcfg-ens3f6 ----------\"\ncat /etc/sysconfig/network-scripts/ifcfg-ens3f6"}