{"type":"PlanScript","uri":null,"category":null,"eTag":null,"created":null,"modified":null,"id":"016aefff-3790-4604-b1db-e9eef28b28c8","name":"HPE - Linux - SAP HANA DB - unmount generalize - 2018-06-01","description":"Unmount volume after generalization.","status":null,"state":null,"planType":"capture","content":"# (c) Copyright 2018 Hewlett Packard Enterprise Development LP\n#\n# Licensed under the Apache License, Version 2.0 (the \"License\");\n# you may not use this file except in compliance with the License.\n# You may obtain a copy of the License at http://www.apache.org/licenses/LICENSE-2.0\n#\n# Unless required by applicable law or agreed to in writing, software distributed\n# under the License is distributed on an \"AS IS\" BASIS, WITHOUT WARRANTIES OR\n# CONDITIONS OF ANY KIND, either express or implied. See the License for the\n# specific language governing permissions and limitations under the License.\n\n# Remove the temporary ImageStreamer directory\n-rm-rf /tmp/ImageStreamer\n\n# Unmount the root partition\n-unmount /","customAttributes":null,"hpProvided":true,"dependentArtifacts":null}