{"type":"OeBuildPlan","uri":null,"category":null,"eTag":null,"created":null,"modified":null,"buildPlanid":"45fe25a3-ace8-4277-b2b2-3f7aac8c404c","name":"HPE - RHEL7.x - SAP HANA DB - deploy - 2019-02-04","description":"Install and maintain SAP HANA on a RHEL7.x golden image.\n\n(c) Copyright 2019 Hewlett Packard Enterprise Development LP. Licensed under the Apache License, Version 2.0  (the \"License\");...","status":null,"hpProvided":true,"oeBuildPlanType":"deploy","buildStep":[{"planScriptUri":"/rest/plan-scripts/40c345c0-54a2-4f4c-99bb-56b1c619d733","serialNumber":"1","parameters":null,"planScriptName":"HPE - RHEL7.x - SAP HANA DB - mount and validate - 2018-06-01"},{"planScriptUri":"/rest/plan-scripts/3813db57-65c8-479f-98ce-a5f162c84ce0","serialNumber":"2","parameters":null,"planScriptName":"HPE - Linux - SAP HANA DB - configure multiple NICs - 2018-06-01"},{"planScriptUri":"/rest/plan-scripts/619220d6-61fb-4e2a-8351-e12620886cec","serialNumber":"3","parameters":null,"planScriptName":"HPE - Linux - SAP HANA DB - change root password - 2018-06-01"},{"planScriptUri":"/rest/plan-scripts/596f2eac-0c66-453b-9543-b67510522f6e","serialNumber":"4","parameters":null,"planScriptName":"HPE - Linux - SAP HANA DB - configure hostname - 2018-06-01"},{"planScriptUri":"/rest/plan-scripts/1ac757ee-479a-4d3a-b28f-c2979fc96902","serialNumber":"5","parameters":null,"planScriptName":"HPE - Linux - SAP HANA DB - manage security services - 2018-06-01"},{"planScriptUri":"/rest/plan-scripts/2f3ade5a-ac92-4845-986c-2a870ba77e0f","serialNumber":"6","parameters":null,"planScriptName":"HPE - Linux - SAP HANA DB - partition disk using LVM - 2019-02-04"},{"planScriptUri":"/rest/plan-scripts/6eb1d646-5c38-419b-9899-ac6907395069","serialNumber":"7","parameters":null,"planScriptName":"HPE - RHEL7.x - SAP HANA DB - update OS settings - 2018-06-01"},{"planScriptUri":"/rest/plan-scripts/05cef5e0-0cea-4bc4-ac8b-56032436734a","serialNumber":"8","parameters":null,"planScriptName":"HPE - Linux - SAP HANA DB - create local input file - 2018-06-01"},{"planScriptUri":"/rest/plan-scripts/a0ec06c1-909a-4a10-9e0c-c15ed2ca4e71","serialNumber":"9","parameters":null,"planScriptName":"HPE - Linux - SAP HANA DB - create install script - 2019-02-04"},{"planScriptUri":"/rest/plan-scripts/9ec963f6-eb38-433d-ace1-9787bf9f5ff8","serialNumber":"10","parameters":null,"planScriptName":"HPE - RHEL7.x - SAP HANA DB - unmount - 2018-06-01"}],"customAttributes":[{"name":"DepotCifsPassword","description":"Password for the CIFS software share. For NFS, either delete this attribute in plan script \"HPE - SLES12 – SAP HANA DB - create local input file\" or enter a dummy value.","value":"","constraints":"{\"maxlen\":\"64\"}","type":"password"},{"name":"DepotMountType","description":"Network protocol for the software share. Either CIFS or NFS is supported.","value":"cifs","constraints":"{\"options\":[\"cifs\",\"nfs\"]}","type":"option"},{"name":"InstallDirectory","description":"Local installation directory for the SAP HANA database. The installation script, local input file and all installation logfiles will be stored here.","value":"/root/hpe_ai","constraints":"{\"regex\":\"\",\"helpText\":\"\"}","type":"string"},{"name":"LvmVolumeSizeSap","description":"Size of the LVM partition required for /usr/sap in GiB.","value":"5","constraints":"{\"unit\":\"GiB\"}","type":"number"},{"name":"HanaUpdate","description":"Defines if the SAP HANA database shall be updated. Possible values are true and false.","value":"False","constraints":"{\"options\":[\"False\",\"True\"]}","type":"option"},{"name":"LvmVolumeNameSap","description":"Name of the LVM partition used for /usr/sap directory.","value":"sap","constraints":"{\"regex\":\"\",\"helpText\":\"\"}","type":"string"},{"name":"DepotLocalMountpoint","description":"Local mountpoint on the deployed host for the software share. The directory will be created during deployment.","value":"/swdepot","constraints":"{\"regex\":\"\",\"helpText\":\"\"}","type":"string"},{"name":"LvmVolumeNameHana","description":"Name of the LVM partition used for /hana directory.","value":"hana","constraints":"{\"regex\":\"\",\"helpText\":\"\"}","type":"string"},{"name":"HanaMasterPassword","description":"The master password of the SAP HANA database that will be used for all SAP HANA users.","value":"","constraints":"{\"minlen\":\"6\",\"maxlen\":\"64\"}","type":"password"},{"name":"HanaStartAfterReboot","description":"Sets the autostart option for HANA after a system reboot. Possible values are Yes and No.","value":"Yes","constraints":"{\"options\":[\"Yes\",\"No\"]}","type":"option"},{"name":"HostName","description":"The hostname of the system.","value":"","constraints":"{\"helpText\":\"\"}","type":"hostname"},{"name":"LvmVolumeSizeHana","description":"Size of the LVM partition required for /hana in GiB.","value":"100","constraints":"{\"unit\":\"GiB\"}","type":"number"},{"name":"DepotCifsUsername","description":"Username for the CIFS software share. For NFS, either delete this attribute in plan script \"HPE - SLES12 – SAP HANA DB - create local input\" file or enter a dummy value.","value":"","constraints":"{\"regex\":\"\",\"helpText\":\"\"}","type":"string"},{"name":"LvmVolumeGroupName","description":"Name of the LVM volume group for the SAP HANA database installation.","value":"sapdata","constraints":"{\"regex\":\"\",\"helpText\":\"\"}","type":"string"},{"name":"HanaSID","description":"The SAP System Identification of the SAP HANA database host. Rules for SAP System ID definition apply.","value":"","constraints":"{\"regex\":\"^(?!(ADD|ALL|AMD|AND|ANY|ARE|ASC|AUX|AVG|BIT|CDC|COM|CON|DBA|END|EPS|FOR|GET|GID|IBM|INT|KEY|LOG|LPT|MAP|MAX|MIN|MON|NIX|NOT|NUL|OFF|OLD|OMS|OUT|PAD|PRN|RAW|REF|ROW|SAP|SET|SGA|SHG|SID|SQL|SUM|SYS|TMP|TOP|UID))([A-Z][A-Z0-9]{2})$\",\"helpText\":\"\"}","type":"string"},{"name":"DomainName","description":"Domain name of the host.","value":"","constraints":"{\"regex\":\"\",\"helpText\":\"\"}","type":"string"},{"name":"LvmVolumeNameSwap","description":"Name of the LVM partition used for swap space.","value":"swap","constraints":"{\"regex\":\"\",\"helpText\":\"\"}","type":"string"},{"name":"SSH","description":"Defines if SSH shall be enabled on the deployed OS. Possible values are Enabled or Disabled.","value":"Enabled","constraints":"{\"options\":[\"Enabled\",\"Disabled\"]}","type":"option"},{"name":"LvmVolumeSizeSwap","description":"Size of the LVM partition required for swap space in GiB.","value":"20","constraints":"{\"unit\":\"GiB\"}","type":"number"},{"name":"NewRootPassword","description":"New password for the root user.","value":"","constraints":"{\"minlen\":\"8\",\"maxlen\":\"64\"}","type":"password"},{"name":"DepotHost","description":"IP-Address of the software share.","value":"","constraints":"{\"helpText\":\"\"}","type":"ipv4"},{"name":"DepotShareName","description":"Name of the software share.","value":"","constraints":"{\"regex\":\"\",\"helpText\":\"\"}","type":"string"},{"name":"Storage","description":"Which storage to use.","value":"HPE 3PAR StoreServ","constraints":"{\"options\":[\"HPE 3PAR StoreServ\",\"HPE Synergy D3940\"]}","type":"option"},{"name":"ManagementNIC2","description":"","value":"","constraints":"{\"ipv4static\":true,\"ipv4dhcp\":true,\"ipv4disable\":true,\"parameters\":[\"dns1\",\"dns2\",\"domain\",\"gateway\",\"ipaddress\",\"mac\",\"netmask\"]}","type":"nic"},{"name":"DepotSapDirectory","description":"Directory on the software share that contains the SAP HANA installation media.","value":"","constraints":"{\"regex\":\"\",\"helpText\":\"\"}","type":"string"},{"name":"ManagementNIC1","description":"","value":"","constraints":"{\"ipv4static\":true,\"ipv4dhcp\":true,\"ipv4disable\":false,\"parameters\":[\"dns1\",\"dns2\",\"domain\",\"gateway\",\"ipaddress\",\"mac\",\"netmask\"]}","type":"nic"},{"name":"HanaInstanceNumber","description":"The two-digit SAP HANA Database Instance Number. Rules for SAP Instance Number apply.","value":"00","constraints":"{\"regex\":\"^(?!(98|99))[0-9]{2}$\",\"helpText\":\"\"}","type":"string"}],"dependentArtifacts":null}