{"type":"PlanScript","uri":null,"category":null,"eTag":null,"created":null,"modified":null,"id":"9ec963f6-eb38-433d-ace1-9787bf9f5ff8","name":"HPE - RHEL7.x - SAP HANA DB - unmount - 2018-06-01","description":"Cleans up the temporary directory created during mount and unmounts the root partition.","status":null,"state":null,"planType":"general","content":"# (c) Copyright 2018 Hewlett Packard Enterprise Development LP\n#\n# Licensed under the Apache License, Version 2.0 (the \"License\");\n# you may not use this file except in compliance with the License.\n# You may obtain a copy of the License at http://www.apache.org/licenses/LICENSE-2.0\n#\n# Unless required by applicable law or agreed to in writing, software distributed\n# under the License is distributed on an \"AS IS\" BASIS, WITHOUT WARRANTIES OR\n# CONDITIONS OF ANY KIND, either express or implied. See the License for the\n# specific language governing permissions and limitations under the License.\n\n!echo \"# Restore the default rc.local file\"                >> ./firstboot.local\n!echo \"mv -f /etc/rc.d/rc.local.backup /etc/rc.d/rc.local\" >> ./firstboot.local\n\n# Upload modified firstboot.local to rc.local\n-upload ./firstboot.local /etc/rc.d/rc.local\n-chmod 0755 /etc/rc.d/rc.local\n\n-echo \"####\"\n-cat /etc/rc.d/rc.local\n-echo \"####\"\n\n# Remove the temporary ImageStreamer directory\n-rm-rf /tmp/ImageStreamer\n\n# Unmount the root partition\n-unmount /","customAttributes":null,"hpProvided":true,"dependentArtifacts":null}