{"type":"PlanScript","uri":null,"category":null,"eTag":null,"created":null,"modified":null,"id":"a0ec06c1-909a-4a10-9e0c-c15ed2ca4e71","name":"HPE - Linux - SAP HANA DB - create install script - 2019-02-04","description":"Copies the installation script install_SAP.sh for installing SAP HANA to the OS. The script will mount the software depot, create the SAP HANA config file, and start the installation. The script will be executed after the first boot of the OS.","status":null,"state":null,"planType":"deploy","content":"# (c) Copyright 2019 Hewlett Packard Enterprise Development LP\n#\n# Licensed under the Apache License, Version 2.0 (the \"License\");\n# you may not use this file except in compliance with the License.\n# You may obtain a copy of the License at http://www.apache.org/licenses/LICENSE-2.0\n#\n# Unless required by applicable law or agreed to in writing, software distributed\n# under the License is distributed on an \"AS IS\" BASIS, WITHOUT WARRANTIES OR\n# CONDITIONS OF ANY KIND, either express or implied. See the License for the\n# specific language governing permissions and limitations under the License.\n\n-mkdir-p @InstallDirectory:/root/hpe_ai@\n\n-upload -<<END @InstallDirectory@/install_SAP.sh\n#!/bin/bash\n\n_backup_script_dir()\n{\n    # backup SCRIPT_DIR\n    if [ \"${scrUpdateSAPHANA}\" = true ] && [ -d \"${BACKUP_DIR}/${SCRIPT_DIR##*/}_${scrSID_HDB}_${HDBLCM_ACTION}\" ]; then\n        mv \"${BACKUP_DIR}/${SCRIPT_DIR##*/}_${scrSID_HDB}_${HDBLCM_ACTION}\" \"${BACKUP_DIR}/archived_backups/${SCRIPT_DIR##*/}_${scrSID_HDB}_${HDBLCM_ACTION}_$( stat -c %y \"${BACKUP_DIR}/${SCRIPT_DIR##*/}_${scrSID_HDB}_${HDBLCM_ACTION}\" | cut -d'.' -f1 | sed -e 's/ /_/' -e 's/:/./g' )\"\n    fi\n\n    [ ! -d \"${BACKUP_DIR}/${SCRIPT_DIR##*/}_${scrSID_HDB}_${HDBLCM_ACTION}\" ] && cp -a \"${SCRIPT_DIR}\" \"${BACKUP_DIR}/${SCRIPT_DIR##*/}_${scrSID_HDB}_${HDBLCM_ACTION}\"\n}\n\n_backup_system_files()\n{\n    _info \"Backup some system files: $( echo \"${SYSTEM_FILES}\" | sed -e 's/ /\\n                     /g' -e 's/^/\\n                     /' )\"\n    for fname in ${SYSTEM_FILES}; do\n        if [ -f \"${fname}\" ]; then\n            [ ! -f \"${fname}.HPE_AI_B4_${scrSID_HDB}\" ] && cp -a \"${fname}\" \"${fname}.HPE_AI_B4_${scrSID_HDB}\"\n        fi\n    done\n}\n\n_check_disk_partition()\n{\n    if [ -f \"${PARTITION_DISK_ERROR_LOG}\" ]; then\n        partition_disk_error=$( <\"${PARTITION_DISK_ERROR_LOG}\" )\n        _exit_on_error \"PARTITION_DISK_ERROR - ${partition_disk_error}\" \"${LINENO}\"\n    fi\n}\n\n_check_os_refresh()\n{\n    # check if system should be recreated after OS change\n    if [ -d \"${BACKUP_DIR}\" ] && [ ! -f /etc/init.d/sapinit ]; then\n        debug \"Backup directory '${BACKUP_DIR}' available. Checking restore configuration.\"\n\n        # check if the OS vendor is the same as before\n        grep -iq rhel \"${BACKUP_DIR}/os-release\" && bck_os_vendor=\"rhel\"\n        grep -iq sles \"${BACKUP_DIR}/os-release\" && bck_os_vendor=\"sles\"\n        if [ -n \"${bck_os_vendor}\" ] && ( grep -iq \"${bck_os_vendor}\" /etc/os-release ); then\n            _debug \"Operating system '${bck_os_vendor^^}' found.\"\n        else\n            _exit_on_error \"WRONG_OS - Wrong operating system, '${bck_os_vendor^^}' was expected.\" \"${LINENO}\"\n        fi\n\n        # check if the hostname or SAP SID changed\n        bck_local_input_file=\"${BACKUP_DIR}/${SCRIPT_DIR##*/}_${scrSID_HDB}_install/${LOCAL_INPUT_FILE##*/}\"\n        if [ -f \"${bck_local_input_file}\" ]; then\n            bck_scrHostnameFQDN_HDB=$( grep ^scrHostnameFQDN_HDB \"${bck_local_input_file}\" | sed -e 's/.*=\\(\\)/\\1/' -e \"s/'//g\" )\n            bck_scrSID_HDB=$( grep ^scrSID_HDB \"${bck_local_input_file}\" | sed -e 's/.*=\\(\\)/\\1/' -e \"s/'//g\" )\n\n            sys_HostnameFQDN_HDB=$( hostname --fqdn )\n            [ \"${bck_scrHostnameFQDN_HDB,,}\" != \"${sys_HostnameFQDN_HDB,,}\" ] && _exit_on_error \"HOSTNAME_CHANGED - Actual hostname '${sys_HostnameFQDN_HDB,,}' is not the same as for the initial SAP HANA system: '${bck_scrHostnameFQDN_HDB}'. Restore is not possible!\" \"${LINENO}\"\n\n            if [ \"${bck_scrSID_HDB^^}\" != \"${scrSID_HDB^^}\" ]; then\n                _info \"Different SAP HANA SID detected: '${scrSID_HDB^^}'. Start restoring the initial SAP HANA database with SID: '${bck_scrSID_HDB^^}'\"\n                scrSID_HDB=\"${bck_scrSID_HDB^^}\"\n            fi\n\n            # check if the SAP HANA directories are available\n            if [ -d \"/hana/shared/${scrSID_HDB}\"  ] && [ -d \"/usr/sap/${scrSID_HDB}\" ]; then\n                _restore_sap_environment\n                if [ \"${scrUpdateSAPHANA}\" != true ]; then\n                    _create_backup_service\n                    exit 0\n                fi\n            else\n                _exit_on_error \"HANA_DIR_NOT_FOUND - SAP HANA directories '/hana/shared/${scrSID_HDB}' and/or '/usr/sap/${scrSID_HDB}' not available.\" \"${LINENO}\"\n            fi\n        else\n            _exit_on_error \"LOCAL_INPUT_FILE_MISSING - ${LOCAL_INPUT_FILE##*/} file was not found in the backup directory ${BACKUP_DIR}\" \"${LINENO}\"\n        fi\n    fi\n}\n\n_create_backup_service()\n{\n    backup_script_file=\"/usr/sap/${BACKUP_DIR##*/}.sh\"\n\n    # check if backup script already exists\n    if [ ! -f \"${backup_script_file}\" ]; then\n        _debug \"Create backup script ${backup_script_file}\"\n        cat <<EOF > \"${backup_script_file}\"\n#!/bin/bash\n#\n# Copy changes of some /etc files that were added after the first OS boot\n\nsid_hdb=\"${scrSID_HDB}\"\nsystem_files=\"${SYSTEM_FILES}\"\nbackup_dir=\"${BACKUP_DIR}\"\nbackup_log_file=\"\\${backup_dir}/\\${backup_dir##*/}.log\"\n\n[ ! -d \"\\${backup_dir}\" ] && mkdir -p \"\\${backup_dir}\"\n\nif [ -n \"\\$( find \\${backup_dir} -maxdepth 1 -type f )\" ]; then\n    archive_backup=\"\\${backup_dir}/archived_backups/\\$( date +\"%F_%H.%M.%S\" )\"\n    mkdir -p \"\\${archive_backup}\"\n    find \"\\${backup_dir}\" -maxdepth 1 -type f -exec mv {} \"\\${archive_backup}\" \\\\;\n    echo \"Moved old backup files to archive directory: \\${archive_backup}\" >> \"\\${backup_log_file}\" ; echo \"\" >> \"\\${backup_log_file}\"\nfi\n\n{\n    date\n    echo \"Backup OS specific files for SAP HANA:\"\n    echo \"######################################\"\n} >> \"\\${backup_log_file}\"\n\nfor fname in \\${system_files}; do\n    if [ -f \"\\${fname}\" ] && [ -f \"\\${fname}.HPE_AI_B4_\\${sid_hdb}\" ]; then\n        # remove the diff file before the new one will be created\n        [ -f \"\\${backup_dir}/\\${fname##*/}.diff\" ] && rm \"\\${backup_dir}/\\${fname##*/}.diff\"\n        echo \"Process file \\${fname}\" >> \"\\${backup_log_file}\"\n        # compare the current file with the backup file before SAP installation\n        diff \"\\${fname}\" \"\\${fname}.HPE_AI_B4_\\${sid_hdb}\" | grep '^< ' | sed -e 's/^< //' | while read -r line; do\n        [ -z \"\\${line}\" ] && continue\n            echo \"  Insert line: '\\${line%%:*}'\" >> \"\\${backup_log_file}\"\n            echo \"\\${line}\" >> \"\\${backup_dir}/\\${fname##*/}.diff\"\n        done\n    fi\ndone\n\nfor fname in /etc/init.d/sapinit /etc/pam.d/sapstartsrv /etc/security/limits.d/99-sapsys.conf /home/sapadm /var/lib/hdb; do\n    [ -e \"\\${fname}\" ] && bfname=\"\\${bfname} \\${fname}\"\ndone\n\nif [ -n \"\\${bfname}\" ]; then\n    [ -f \"\\${backup_dir}/backup.tgz\" ] && rm \"\\${backup_dir}/backup.tgz\"\n    tar -zcf \\${backup_dir}/backup.tgz \\${bfname} --exclude=shmgrp --exclude=ipc --exclude=.hdb_*_lock 2>&1 | grep -v \"Removing leading\"\n    echo \"Backup file '\\${backup_dir}/backup.tgz' with following content created: \\$( echo \"\\${bfname}\" | sed -e 's/ /\\n  /g' )\" >> \"\\${backup_log_file}\"\nfi\n\n# save os-release file in backup_dir\ncp /etc/os-release \"\\${backup_dir}\"\n\ntouch \"\\${backup_dir}/__DO_NOT_TOUCH_FILES_IN_THIS_DIRECTORY__\"\n\nEOF\n\n        chmod 0755 \"${backup_script_file}\"\n    fi\n\n    # execute the backup script\n    sh \"${backup_script_file}\"\n\n    # create backup service file\n    backup_service_file=\"/etc/systemd/system/${BACKUP_DIR##*/}.service\"\n\n    # check if backup service file already exists\n    if [ ! -f \"${backup_service_file}\" ]; then\n        _debug \"Create systemd service: ${backup_service_file##*/}\"\n        cat <<EOF > \"${backup_service_file}\"\n[Unit]\nDescription=Run SAP backup script at shutdown\nAfter=network.target\n\n[Service]\nType=oneshot\nRemainAfterExit=true\nExecStart=/bin/true\nExecStop=/bin/sh ${backup_script_file}\n\n[Install]\nWantedBy=multi-user.target\nEOF\n\n        systemctl daemon-reload\n        systemctl enable \"${backup_service_file##*/}\" -q\n        systemctl start \"${backup_service_file##*/}\"\n    fi\n}\n\n_create_variables()\n{\n    BACKUP_DIR=\"${BACKUP_DIR%/}\"\n    SAP_MEDIA_DIR=\"${scrDepotLocalMountpoint}/${scrDepotSapDirectory}\"\n\n    # convert to uppercase\n    scrSID_HDB=${scrSID_HDB^^}\n\n    # convert to lowercase\n    scrDepotMountType=${scrDepotMountType,,}\n    scrHostnameFQDN_HDB=${scrHostnameFQDN_HDB,,}\n    scrAutostartAfterReboot=${scrAutostartAfterReboot,,}\n    scrUpdateSAPHANA=${scrUpdateSAPHANA,,}\n\n    # HANA database (hdblcm) configuration file\n    HDB_CONF=\"${SCRIPT_DIR}/hdblcm_${scrSID_HDB}.conf\"\n\n    # HANA database (hdblcm) configuration file template\n    if [ \"${scrUpdateSAPHANA}\" = true ]; then\n        HDB_CONF_TEMPLATE=\"${SAP_MEDIA_DIR}/hdblcm_update.conf\"\n        HDBLCM_ACTION='update'\n    else\n        HDB_CONF_TEMPLATE=\"${SAP_MEDIA_DIR}/hdblcm.conf\"\n        HDBLCM_ACTION='install'\n    fi\n\n    _debug \"Assigned Software Depot variables:\"\n    _debug \"  scrDepotCifsPassword = '********'\"\n    _debug \"  scrDepotCifsUsername = '${scrDepotCifsUsername}'\"\n    _debug \"  scrDepotHost = '${scrDepotHost}'\"\n    _debug \"  scrDepotLocalMountpoint = '${scrDepotLocalMountpoint}'\"\n    _debug \"  scrDepotMountType = '${scrDepotMountType}'\"\n    _debug \"  scrDepotShareName = '${scrDepotShareName}'\"\n    _debug \"  scrDepotSapDirectory = '${scrDepotSapDirectory}'\"\n\n    _debug \"Assigned SAP HANA database variables:\"\n    _debug \"  scrHostnameFQDN_HDB = '${scrHostnameFQDN_HDB}'\"\n    _debug \"  scrSID_HDB = '${scrSID_HDB}'\"\n    _debug \"  scrInstanceNumber_HDB = '${scrInstanceNumber_HDB}'\"\n    _debug \"  scrMasterPW_HDB = '********'\"\n    _debug \"  scrAutostartAfterReboot = '${scrAutostartAfterReboot}'\"\n    _debug \"  scrUpdateSAPHANA= '${scrUpdateSAPHANA}'\"\n    _debug \"  HDB_CONF = '${HDB_CONF}'\"\n    _debug \"  HDB_CONF_TEMPLATE = '${HDB_CONF_TEMPLATE}'\"\n    _debug \"  HDBLCM_ACTION = '${HDBLCM_ACTION}'\"\n}\n\n_debug()\n{\n    debug_msg=\"${1}\"\n    # writing debug message to development log\n    printf '%s    %s\\n' \"$( date +\"${DATE_FORMAT}\" )\" \"${debug_msg}\" >> \"${DEVELOPMENT_LOG}\"\n}\n\n_exit_on_error()\n{\n    error_msg=\"${1}\"\n    error_line=\"${2}\"\n    error_msg=\"ERROR: ${error_msg}\"\n\n    # writing error message to error log\n    printf '%s\\n' \"${error_msg}\" > \"${ERROR_LOG}\"\n    [ -n \"${error_line}\" ] && error_msg=\"ERROR Line ${error_line}: ${error_msg}\"\n\n    # writing error message to installation and development log\n    printf '%s    %s\\n' \"$( date +\"${DATE_FORMAT}\" )\" \"${error_msg}\" | tee -a \"${INSTALLATION_LOG}\" \"${DEVELOPMENT_LOG}\" >/dev/null\n\n    # Writing error message to stdout\n    printf '%s\\n' \"${error_msg}\" 1>&2\n    exit 1\n}\n\n_hana_db_install_or_update()\n{\n    if [ \"${scrUpdateSAPHANA}\" = true ]; then \n        _hana_db_update\n    else\n        _hana_db_install\n    fi\n}\n\n_hana_db_install()\n{\n    _locate_hdblcm\n\n    # save the HANA database master password to file\n    if [ ! -f \"${MASTER_PASSWORD_FILE}\" ] || { [ -f \"${MASTER_PASSWORD_FILE}\" ] && ( ! grep -q \"${scrSID_HDB}:\" \"${MASTER_PASSWORD_FILE}\" ); }; then\n        echo \"${scrSID_HDB}:${scrMasterPW_HDB}\" >> \"${MASTER_PASSWORD_FILE}\"\n        chmod 0600 \"${MASTER_PASSWORD_FILE}\"\n        _info \"Master Password for SID '${scrSID_HDB}' saved in file '${MASTER_PASSWORD_FILE}'\"\n    fi\n\n    # create home directory of <sid>adm\n    mkdir -p \"/usr/sap/${scrSID_HDB}/home\"\n\n    # SAP HANA database installation\n    _info \"Installing SAP HANA database with configuration file '${HDB_CONF}'\"\n    _debug \"To track the installation progress, please check '${HDB_LOG}'\"\n    ${HDBLCM} --batch --configfile=\"${HDB_CONF}\" >> \"${HDB_LOG}\" 2>&1\n    if [ $? -eq 1 ]; then\n        if ( grep -q \"already in use\" \"${HDB_LOG}\" ); then\n            _info \"SAP HANA database '${scrSID_HDB}' is already installed.\"\n        else\n            _exit_on_error \"HDBLCM_FAILED - SAP HANA database installation failed. Please check '${HDB_LOG}'.\" \"${LINENO}\"\n        fi\n    else\n        _info \"SAP HANA database installation finished successfully.\"\n    fi\n\n    # start sapinit service if not active\n    if ( ! systemctl is-active sapinit -q ); then\n        systemctl daemon-reload\n        systemctl start sapinit\n    fi\n}\n\n_hana_db_update()\n{\n    _locate_hdblcm\n\n    # SAP HANA database update\n    _info \"Updating SAP HANA database with configuration file '${HDB_CONF}'\"\n    _debug \"To track the installation progress, please check '${HDB_LOG}'\"\n    ${HDBLCM} --batch --configfile=\"${HDB_CONF}\" >> \"${HDB_LOG}\" 2>&1\n    if [ $? -eq 1 ]; then\n        if ( grep -q \"already in use\" \"${HDB_LOG}\" ); then\n            _info \"SAP HANA database '${scrSID_HDB}' is already installed.\"\n        else\n            _exit_on_error \"HDBLCM_FAILED - SAP HANA database update failed. Please check '${HDB_LOG}'.\" \"${LINENO}\"\n        fi\n    else\n        _info \"SAP HANA database update finished successfully.\"\n    fi\n}\n\n_info()\n{\n    info_msg=\"${1}\"\n    # writing info message to installation and development log\n    printf '%s    %s\\n' \"$( date +\"${DATE_FORMAT}\" )\" \"${info_msg}\" | tee -a \"${INSTALLATION_LOG}\" \"${DEVELOPMENT_LOG}\" >/dev/null\n}\n\n_initialize()\n{\n    # determine the script directory\n    SCRIPT_DIR=\"$( cd \"$( dirname \"${0}\" )\" && pwd )\"\n    # location of local input file with input parameters\n    LOCAL_INPUT_FILE=\"${SCRIPT_DIR}/local_input.ini\"\n    # source the local input file\n    _source_local_input_file\n    # file with the master passwords for SAP and HANA (default: ${SCRIPT_DIR}/master_password.txt)\n    MASTER_PASSWORD_FILE=\"${SCRIPT_DIR}/master_password.txt\"\n    # installation log file with info messages (default: ${SCRIPT_DIR}/sap_installation.log)\n    INSTALLATION_LOG=\"${SCRIPT_DIR}/sap_installation.log\"\n    # development log file with debug messages (default: ${SCRIPT_DIR}/sap_dev_installation.log)\n    DEVELOPMENT_LOG=\"${SCRIPT_DIR}/sap_dev_installation.log\"\n    # HANA database installation log file (default: ${SCRIPT_DIR}/sap_hdb_installation.log)\n    HDB_LOG=\"${SCRIPT_DIR}/sap_hdb_installation.log\"\n    # error log file with error messages (default: ${SCRIPT_DIR}/sap_error.log)\n    ERROR_LOG=\"${SCRIPT_DIR}/sap_error.log\"\n    # partition disk error log file (default: /tmp/partition_disk_error.log)\n    PARTITION_DISK_ERROR_LOG=\"/tmp/partition_disk_error.log\"\n    # backup directory for SAP OS specific backup files\n    BACKUP_DIR=\"/usr/sap/backup_sap_os_settings\"\n    # systems files for backup\n    SYSTEM_FILES=\"/etc/exports /etc/fstab /etc/group /etc/gshadow /etc/hosts /etc/passwd /etc/services /etc/shadow /etc/sysctl.conf /etc/security/limits.conf\"\n    # date format for logging\n    DATE_FORMAT=\"%b %d %T\"\n\n    _debug \"Assigned initialization variables:\"\n    _debug \"  SCRIPT_DIR = '${SCRIPT_DIR}'\"\n    _debug \"  LOCAL_INPUT_FILE = '${LOCAL_INPUT_FILE}'\"\n    _debug \"  MASTER_PASSWORD_FILE = '${MASTER_PASSWORD_FILE}'\"\n    _debug \"  INSTALLATION_LOG = '${INSTALLATION_LOG}'\"\n    _debug \"  DEVELOPMENT_LOG = '${DEVELOPMENT_LOG}'\"\n    _debug \"  HDB_LOG = '${HDB_LOG}'\"\n    _debug \"  ERROR_LOG = '${ERROR_LOG}'\"\n    _debug \"  BACKUP_DIR = '${BACKUP_DIR}'\"\n    _debug \"  DATE_FORMAT = '${DATE_FORMAT}'\"\n}\n\n_locate_hdblcm()\n{\n    # locate hdblcm for SAP HANA DB\n    _debug \"HDBLCM -> find -L ${SAP_MEDIA_DIR} -type f -name hdblcm | grep -i HDB_LCM_LINUX\"\n    HDBLCM=$( find -L \"${SAP_MEDIA_DIR}\" -type f -name hdblcm | grep -i \"HDB_LCM_LINUX\" )\n    [ -z \"${HDBLCM}\" ] && _exit_on_error \"NO_HDBLCM_FOUND - There is no hdblcm present in '${SAP_MEDIA_DIR}'.\" \"${LINENO}\"\n    [ \"$( echo \"${HDBLCM}\" | wc -l )\" -gt 1 ] && _exit_on_error \"TOO_MANY_HDBLCM_FOUND - There is more than one hdblcm present in '${SAP_MEDIA_DIR}'.\" \"${LINENO}\"\n\n    _info \"HDBLCM -> ${HDBLCM}\"\n    _prepare_hdb_conf\n}\n\n_mount_software_depot()\n{\n    _info \"Mount SAP Software Depot.\"\n    [ -d \"${scrDepotLocalMountpoint}\" ] || mkdir -p \"${scrDepotLocalMountpoint}\"\n\n    case \"${scrDepotMountType}\" in\n        cifs )\n            _debug \"SAP Software Depot mounted? 'mount | grep -iq \\\"//${scrDepotHost}/${scrDepotShareName} on ${scrDepotLocalMountpoint}\\\"'\"\n            if ( ! mount | grep -iq \"//${scrDepotHost}/${scrDepotShareName} on ${scrDepotLocalMountpoint}\" ); then\n                _debug \"Mounting Software Depot 'mount -t ${scrDepotMountType} -o username=${scrDepotCifsUsername},password=********,ro //${scrDepotHost}/${scrDepotShareName} ${scrDepotLocalMountpoint}'\"\n                mount -t \"${scrDepotMountType}\" -o username=\"${scrDepotCifsUsername}\",password=\"${scrDepotCifsPassword}\",ro //\"${scrDepotHost}\"/\"${scrDepotShareName}\" \"${scrDepotLocalMountpoint}\" >> \"${DEVELOPMENT_LOG}\" 2>&1 || _exit_on_error \"CIFS_MOUNT_FAILED - Cannot mount Software Depot through CIFS. Depot: '${scrDepotShareName}' Host: '${scrDepotHost}' Protocol: '${scrDepotMountType}'\" \"${LINENO}\"\n                _debug \"SAP Software Depot successfully mounted.\"\n            fi            \n            ;;\n        nfs )\n            # is nfs share already mounted?\n            _debug \"SAP Software Depot mounted? 'mount | grep -iq \\\"//${scrDepotHost}/${scrDepotShareName} on ${scrDepotLocalMountpoint}\\\"'\"\n            if ( ! mount | grep -iq \"${scrDepotHost}:/${scrDepotShareName} on ${scrDepotLocalMountpoint}\" ); then\n                _debug \"Mounting Software Depot 'mount -t ${scrDepotMountType} -o rsize=32768,wsize=32768 ${scrDepotHost}:/${scrDepotShareName} ${scrDepotLocalMountpoint}'\"\n                mount -t \"${scrDepotMountType}\" -o rsize=32768,wsize=32768 \"${scrDepotHost}\":/\"${scrDepotShareName}\" \"${scrDepotLocalMountpoint}\" >> \"${DEVELOPMENT_LOG}\" 2>&1 || _exit_on_error \"NFS_MOUNT_FAILED - Cannot mount Software Depot through NFS. Depot: '${scrDepotShareName}' Host: '${scrDepotHost}' Protocol: '${scrDepotMountType}'\" \"${LINENO}\"\n                _debug \"SAP Software Depot successfully mounted.\"\n            fi\n            ;;\n        * )\n            _exit_on_error \"NO_DEPOT_HOST - Cannot determine how to mount central Software Depot share. Unknown/unsupported protocol ${scrDepotMountType}.\" \"${LINENO}\"\n            ;;\n    esac\n}\n\n_prepare_hdb_conf()\n{\n    if [ -f \"${HDB_CONF_TEMPLATE}\" ]; then\n        _debug \"SAP HANA database config template '${HDB_CONF_TEMPLATE}' exists. Copy to '${HDB_CONF}'.\"\n        cp \"${HDB_CONF_TEMPLATE}\" \"${HDB_CONF}\"\n    else\n        _debug \"SAP HANA database config file '${HDB_CONF}' will be created.\"\n        _debug \"${HDBLCM} --action=${HDBLCM_ACTION} --dump_configfile_template=${HDB_CONF}\"\n        \"${HDBLCM}\" --action=\"${HDBLCM_ACTION}\" --dump_configfile_template=\"${HDB_CONF}\" >> \"${HDB_LOG}\"\n        # remove unused password template file\n        rm \"${HDB_CONF}.xml\"\n    fi\n\n    _debug \"Check values in file '${HDB_CONF}'.\"\n\n    # HDB action type (install or update)\n    _process_hdb_conf 'action' \"${HDBLCM_ACTION}\"\n    # HDB components to be installed\n    _process_hdb_conf 'components' 'client,server'\n    # HDB SID\n    _process_hdb_conf 'sid' \"${scrSID_HDB}\"\n    # HDB Hostname\n    _process_hdb_conf 'hostname' \"${scrHostnameFQDN_HDB%%.*}\"\n    # Use single master password for all users, created during installation ( Default: n )\n    _process_hdb_conf 'use_master_password' 'y'    \n    # Master Password for SAP HANA DB\n    _process_hdb_conf 'master_password' \"${scrMasterPW_HDB}\" 'custom'\n\n    if [ \"${scrUpdateSAPHANA}\" = true ]; then\n        # Master Password for SAP HANA DB\n        _process_hdb_conf 'password' \"${scrMasterPW_HDB}\" 'custom'\n        # Master Password for SYSTEM USER\n        _process_hdb_conf 'system_user_password' \"${scrMasterPW_HDB}\" 'custom'\n    else\n        # HDB Instance Number\n        _process_hdb_conf 'number' \"${scrInstanceNumber_HDB}\"\n        # Start database after machine reboot\n        [ \"${scrAutostartAfterReboot}\" = \"yes\" ] && _process_hdb_conf 'autostart' 'y'\n    fi\n\n    # make the file only available for the user\n    chmod 0600 \"${HDB_CONF}\"\n}\n\n_process_hdb_conf()\n{\n    parameter=\"${1}\"\n    value=\"${2}\"\n    custom=\"${3}\"\n\n    inifile_value=$( grep \"^${parameter}\\s*=\" \"${HDB_CONF}\" )\n    if [ $? -eq 0 ]; then\n        inifile_value=$( echo \"${inifile_value##*=}\" | tr -d ' ' )\n        # Check if paramater=components\n        if [ \"${parameter}\" = \"components\" ]; then\n            if [ -z \"${inifile_value}\" ]; then\n                sed -i \"s|^\\(${parameter}\\)\\s*=.*|\\1=${value}|g\" \"${HDB_CONF}\"\n               _debug \"Set parameter '${parameter}=${value}' in ${HDB_CONF}.\"\n            elif [ \"${inifile_value}\" != \"all\" ]; then\n                for component_value in ${value//,/ }; do\n                    echo \"${inifile_value}\" | grep -q \"${component_value}\"\n                    [ $? -ne 0 ] && inifile_value=\"${inifile_value},${component_value}\"\n                done\n                sed -i \"s|^\\(${parameter}\\)\\s*=.*|\\1=${inifile_value}|g\" \"${HDB_CONF}\"\n               _debug \"Set parameter '${parameter}=${inifile_value}' in ${HDB_CONF}.\"\n            fi\n        else\n            if [ -z \"${inifile_value}\" ] || [ -z \"${custom}\" ]; then\n                sed -i \"s|^\\(${parameter}\\)\\s*=.*|\\1=${value}|g\" \"${HDB_CONF}\"\n                # hide the password for logging\n                echo \"${parameter}\" | grep -iq password && value=\"********\"\n                _debug \"Replace parameter '${parameter}=${value}' in ${HDB_CONF}.\"\n            else\n                sed -i \"s|^\\(${parameter}\\)\\s*=.*|\\1=${inifile_value}|g\" \"${HDB_CONF}\"\n                # hide the password for logging\n                echo \"${parameter}\" | grep -iq password && inifile_value=\"********\"\n                _debug \"Custom entry for parameter '${parameter}=${inifile_value}' will be used in ${HDB_CONF}.\"\n            fi\n        fi\n    else\n        printf '\\n%s\\n' \"${parameter}=${value}\" >> \"${HDB_CONF}\"\n        # hide the password for logging\n        echo \"${parameter}\" | grep -iq password && value=\"********\"\n        _debug \"Parameter not found - set '${parameter}=${value}' in ${HDB_CONF}.\"\n    fi\n}\n\n_restore_sap_environment()\n{\n    _info \"Restoring OS settings for SAP HANA system: '${scrSID_HDB}'\"\n    for fname in ${SYSTEM_FILES}; do\n        if [ -f \"${BACKUP_DIR}/${fname##*/}.diff\" ]; then\n            _debug \"Restore entries from '${BACKUP_DIR}/${fname##*/}.diff' to '${fname}'\"\n            if ( echo \"${fname##*/}\" | grep -Eq '^(group|gshadow|passwd|shadow)$' ); then\n                while read -r line; do\n                    if ( grep -iq \"^${line%%:*}\" \"${fname}\" ); then\n                        _debug \"  Entry '${line%%:*}' already exists.\"\n                    else\n                        _debug \"  Insert entry: '${line%%:*}'\"\n                        echo \"${line}\" >> \"${fname}\"\n                    fi\n                done < \"${BACKUP_DIR}/${fname##*/}.diff\"\n            else\n                cat \"${BACKUP_DIR}/${fname##*/}.diff\" >> \"${fname}\"\n            fi\n        fi\n    done\n\n    _debug \"Load kernel parameters from all system configuration files.\"\n    sysctl -q --system\n\n    _debug \"Restore files from backup: ${BACKUP_DIR}/backup.tgz\"\n    tar -zxf \"${BACKUP_DIR}/backup.tgz\" --directory=/\n\n    # disable autostart for the first sapinit start after restore\n    sed -i 's/^Autostart=.*/Autostart=0/g' /usr/sap/\"${scrSID_HDB}\"/SYS/profile/\"${scrSID_HDB}\"_*_\"${scrHostnameFQDN_HDB%%.*}\"\n\n    _info \"Enable and start sapinit service.\"\n    systemctl daemon-reload\n    systemctl enable sapinit >/dev/null 2>&1\n    systemctl start sapinit\n\n    # set autostart based on scrAutostartAfterReboot\n    [ \"${scrAutostartAfterReboot}\" = \"yes\" ] && sed -i 's/^Autostart=.*/Autostart=1/g' /usr/sap/\"${scrSID_HDB}\"/SYS/profile/\"${scrSID_HDB}\"_*_\"${scrHostnameFQDN_HDB%%.*}\"\n\n    sleep 10\n\n    _info \"Start SAP HANA database after restore.\"\n    su - \"${scrSID_HDB,,}adm\" -c \"HDB start\" > \"${SCRIPT_DIR}/sap_hdb_start_after_restore.log\" 2>&1\n\n    _debug \"Check if the SAP HANA database is running.\"\n    if ( su - \"${scrSID_HDB,,}adm\" -c 'HDB info' | grep -q hdbxsengine ); then\n        _info \"SAP HANA database '${scrSID_HDB}' is up and running.\"\n        rm \"${SCRIPT_DIR}/sap_hdb_start_after_restore.log\"\n    else\n        _exit_on_error \"HANA_NOT_RUNNING - SAP HANA database '${scrSID_HDB}' is not running.\" \"${LINENO}\"\n    fi\n\n    _info \"SAP HANA database restore finished successfully.\"\n}\n\n_source_local_input_file()\n{\n    # check if local_input.ini exists\n    if [ -f \"${LOCAL_INPUT_FILE}\" ]; then\n        # convert from DOS to Unix file format and remove spaces\n        sed -i -e 's/^M$//' -e '/^#/!s/\\s*//g' \"${LOCAL_INPUT_FILE}\"\n        # source the local_input.ini file\n        source \"${LOCAL_INPUT_FILE}\"\n        # make the file only available for the user\n        chmod 0600 \"${LOCAL_INPUT_FILE}\"\n    else\n        _exit_on_error \"NO_LOCAL_INPUT_FILE - '${LOCAL_INPUT_FILE}' file with runtime parameters not found!\" \"${LINENO}\"\n    fi\n}\n\n_unmount_software_depot()\n{\n    umount -l \"${scrDepotLocalMountpoint}\"\n    rmdir \"${scrDepotLocalMountpoint}\"\n}\n\n_initialize\n_check_disk_partition\n_create_variables\n_backup_system_files\n_check_os_refresh\n_mount_software_depot\n_hana_db_install_or_update\n_create_backup_service\n_unmount_software_depot\n_backup_script_dir\n\nEND\n\n-chmod 0644 @InstallDirectory@/install_SAP.sh\n\n# Add script to firstboot.local to run on startup\n!echo \"# Start SAP HANA DB installation\" >> ./firstboot.local\n!echo \"sh @InstallDirectory@/install_SAP.sh\" >> ./firstboot.local","customAttributes":null,"hpProvided":true,"dependentArtifacts":null}