{"type":"OEDeploymentPlan","hpProvided":true,"uri":null,"category":null,"eTag":null,"created":null,"modified":null,"id":"a8ab0237-5df0-4ede-a545-e7cac77bc42a","name":"HPE - RHEL7.x - SAP HANA DB - deploy - 2019-02-04","description":"Deploy SAP HANA into a RHEL7.x golden image.\n\n(c) Copyright 2019 Hewlett Packard Enterprise Development LP. Licensed under the Apache License, Version 2.0  (the \"License\");...","status":null,"state":null,"goldenImageURI":null,"oeBuildPlanURI":"HPE - RHEL7.x - SAP HANA DB - deploy - 2019-02-04","importMetadata":false,"customAttributes":[{"name":"DepotShareName","visible":false,"value":"SWDEPOT","description":"Name of the software share.","type":"string","constraints":"{\"regex\":\"\",\"helpText\":\"\"}","editable":true,"id":"f88e8785-f928-4850-afaa-f64a18d6f009"},{"name":"HostName","visible":true,"value":"","description":"The hostname of the system.","type":"hostname","constraints":"{\"helpText\":\"\"}","editable":true,"id":"e085daed-9f01-40f0-aa42-1895f9557bb7"},{"name":"InstallDirectory","visible":false,"value":"/root/hpe_ai","description":"Local installation directory for the SAP HANA database. The installation script, local input file and all installation logfiles will be stored here.","type":"string","constraints":"{\"regex\":\"\",\"helpText\":\"\"}","editable":true,"id":"03bef03b-febb-4f83-a346-a3831316fae7"},{"name":"DomainName","visible":true,"value":"","description":"Domain name of the host.","type":"string","constraints":"{\"regex\":\"\",\"helpText\":\"\"}","editable":true,"id":"f783ab3e-66f6-42bb-9aee-886e2739a1fa"},{"name":"HanaStartAfterReboot","visible":true,"value":"Yes","description":"Sets the autostart option for HANA after a system reboot. Possible values are Yes and No.","type":"option","constraints":"{\"options\":[\"Yes\",\"No\"]}","editable":true,"id":"97690142-befc-4bd0-ac90-544dd0334898"},{"name":"DepotLocalMountpoint","visible":false,"value":"/swdepot","description":"Local mountpoint on the deployed host for the software share. The directory will be created during deployment.","type":"string","constraints":"{\"regex\":\"\",\"helpText\":\"\"}","editable":true,"id":"5d180868-1b1e-4765-b657-b34b1e23aea6"},{"name":"DepotHost","visible":false,"value":"172.16.12.22","description":"IP-Address of the software share.","type":"ipv4","constraints":"{\"helpText\":\"\"}","editable":true,"id":"57444677-60b0-4363-84ac-e1f8fd444572"},{"name":"Storage","visible":true,"value":"HPE 3PAR StoreServ","description":"Which storage to use.","type":"option","constraints":"{\"options\":[\"HPE 3PAR StoreServ\",\"HPE Synergy D3940\"]}","editable":true,"id":"351366a9-49f0-4d62-86e2-5a0c684f3767"},{"name":"HanaInstanceNumber","visible":true,"value":"00","description":"The two-digit SAP HANA Database Instance Number. Rules for SAP Instance Number apply.","type":"string","constraints":"{\"regex\":\"^(?!(98|99))[0-9]{2}$\",\"helpText\":\"\"}","editable":true,"id":"e832fa30-a804-4b87-a69a-f90000fbf1b4"},{"name":"LvmVolumeNameSwap","visible":false,"value":"swap","description":"Name of the LVM partition used for swap space.","type":"string","constraints":"{\"regex\":\"\",\"helpText\":\"\"}","editable":true,"id":"d6e62e35-05be-4dcd-b675-b539928c5541"},{"name":"ManagementNIC1","visible":true,"value":"","description":"","type":"nic","constraints":"{\"ipv4static\":true,\"ipv4dhcp\":true,\"ipv4disable\":false,\"parameters\":[\"dns1\",\"dns2\",\"domain\",\"gateway\",\"ipaddress\",\"mac\",\"netmask\"]}","editable":true,"id":"293eb7d6-c183-415a-9eb4-02728d101e77"},{"name":"LvmVolumeSizeSap","visible":false,"value":"5","description":"Size of the LVM partition required for /usr/sap in GiB.","type":"number","constraints":"{\"unit\":\"GiB\"}","editable":true,"id":"140b6e05-2a5d-40e1-9eeb-88e3a7c4cc4a"},{"name":"DepotCifsUsername","visible":false,"value":"Administrator","description":"Username for the CIFS software share. For NFS, either delete this attribute in plan script \"HPE - SLES12 – SAP HANA DB - create local input\" file or enter a dummy value.","type":"string","constraints":"{\"regex\":\"\",\"helpText\":\"\"}","editable":true,"id":"4f402199-3a34-4aec-96b1-77f164336956"},{"name":"LvmVolumeGroupName","visible":false,"value":"sapdata","description":"Name of the LVM volume group for the SAP HANA database installation.","type":"string","constraints":"{\"regex\":\"\",\"helpText\":\"\"}","editable":true,"id":"031d7a67-715c-4a9e-a8a4-f1518fd8b7dd"},{"name":"HanaSID","visible":true,"value":"","description":"The SAP System Identification of the SAP HANA database host. Rules for SAP System ID definition apply.","type":"string","constraints":"{\"regex\":\"^(?!(ADD|ALL|AMD|AND|ANY|ARE|ASC|AUX|AVG|BIT|CDC|COM|CON|DBA|END|EPS|FOR|GET|GID|IBM|INT|KEY|LOG|LPT|MAP|MAX|MIN|MON|NIX|NOT|NUL|OFF|OLD|OMS|OUT|PAD|PRN|RAW|REF|ROW|SAP|SET|SGA|SHG|SID|SQL|SUM|SYS|TMP|TOP|UID))([A-Z][A-Z0-9]{2})$\",\"helpText\":\"\"}","editable":true,"id":"28a9f10d-3f27-4f75-9dea-37cc07f2d0e7"},{"name":"DepotCifsPassword","visible":false,"value":"password","description":"Password for the CIFS software share. For NFS, either delete this attribute in plan script \"HPE - SLES12 – SAP HANA DB - create local input file\" or enter a dummy value.","type":"password","constraints":"{\"maxlen\":\"64\"}","editable":true,"id":"ff2f2d8e-68f6-451f-baad-6edbca14c4aa"},{"name":"DepotMountType","visible":false,"value":"cifs","description":"Network protocol for the software share. Either CIFS or NFS is supported.","type":"option","constraints":"{\"options\":[\"cifs\",\"nfs\"]}","editable":true,"id":"8b7386dc-4fd2-48ce-8fa6-33a69d5d7360"},{"name":"LvmVolumeSizeHana","visible":false,"value":"100","description":"Size of the LVM partition required for /hana in GiB.","type":"number","constraints":"{\"unit\":\"GiB\"}","editable":true,"id":"7b4d763d-1317-4b54-a99e-b0214d52c820"},{"name":"HanaMasterPassword","visible":true,"value":"","description":"The master password of the SAP HANA database that will be used for all SAP HANA users.","type":"password","constraints":"{\"minlen\":\"6\",\"maxlen\":\"64\"}","editable":true,"id":"53d91e82-b2eb-4586-be53-01c1e7ba172e"},{"name":"ManagementNIC2","visible":true,"value":"","description":"","type":"nic","constraints":"{\"ipv4static\":true,\"ipv4dhcp\":true,\"ipv4disable\":true,\"parameters\":[\"dns1\",\"dns2\",\"domain\",\"gateway\",\"ipaddress\",\"mac\",\"netmask\"]}","editable":true,"id":"7410d0fd-6cdf-4b3e-9ace-881b3eadd105"},{"name":"HanaUpdate","visible":false,"value":"False","description":"Defines if the SAP HANA database shall be updated. Possible values are true and false.","type":"option","constraints":"{\"options\":[\"False\",\"True\"]}","editable":true,"id":"43a7a1c8-1bfa-4f27-8846-bf65f4bbbe7f"},{"name":"LvmVolumeNameSap","visible":false,"value":"sap","description":"Name of the LVM partition used for /usr/sap directory.","type":"string","constraints":"{\"regex\":\"\",\"helpText\":\"\"}","editable":true,"id":"517c76fc-7fdd-45e7-8d85-78ca30b93076"},{"name":"NewRootPassword","visible":true,"value":"","description":"New password for the root user.","type":"password","constraints":"{\"minlen\":\"8\",\"maxlen\":\"64\"}","editable":true,"id":"0cdc3a3d-ec5a-48c1-8292-bfa725c48f8f"},{"name":"DepotSapDirectory","visible":false,"value":"SAP_HANA_PLATFORM_20_SPS03","description":"Directory on the software share that contains the SAP HANA installation media.","type":"string","constraints":"{\"regex\":\"\",\"helpText\":\"\"}","editable":true,"id":"757067d6-9bcb-4f18-9f21-8b40a86bd485"},{"name":"SSH","visible":false,"value":"Enabled","description":"Defines if SSH shall be enabled on the deployed OS. Possible values are Enabled or Disabled.","type":"option","constraints":"{\"options\":[\"Enabled\",\"Disabled\"]}","editable":true,"id":"d992de74-4423-4c01-9bc1-bb7fd27e51af"},{"name":"LvmVolumeSizeSwap","visible":false,"value":"20","description":"Size of the LVM partition required for swap space in GiB.","type":"number","constraints":"{\"unit\":\"GiB\"}","editable":true,"id":"408893b6-7c8f-48fe-a951-7f48cd9cf62c"},{"name":"LvmVolumeNameHana","visible":false,"value":"hana","description":"Name of the LVM partition used for /hana directory.","type":"string","constraints":"{\"regex\":\"\",\"helpText\":\"\"}","editable":true,"id":"eef08d98-2490-43c4-9b50-62b2b2a503a1"}]}