{"type":"OeBuildPlan","uri":null,"category":null,"eTag":null,"created":null,"modified":null,"buildPlanid":"b47ba555-912b-4ca1-a81b-22ad2d929ba4","name":"HPE - RHEL7.x - SAP HANA DB - generalize - 2018-06-01","description":"Removes personalization settings from RHEL7.x.\n\n(c) Copyright 2018 Hewlett Packard Enterprise Development LP. Licensed under the Apache License, Version 2.0  (the \"License\");...","status":null,"hpProvided":true,"oeBuildPlanType":"capture","buildStep":[{"planScriptUri":"/rest/plan-scripts/7bfcba63-6ec4-4af9-8496-2354b0f4bec4","serialNumber":"1","parameters":null,"planScriptName":"HPE - RHEL7.x - SAP HANA DB - mount generalize - 2018-06-01"},{"planScriptUri":"/rest/plan-scripts/142caa5b-67d7-405f-a9ed-83c9b8d29c83","serialNumber":"2","parameters":null,"planScriptName":"HPE - Linux - SAP HANA DB - generalize host - 2018-06-01"},{"planScriptUri":"/rest/plan-scripts/590e0af2-3043-4385-9764-5376a8868b49","serialNumber":"3","parameters":null,"planScriptName":"HPE - RHEL7.x - SAP HANA DB - generalize network - 2018-06-01"},{"planScriptUri":"/rest/plan-scripts/016aefff-3790-4604-b1db-e9eef28b28c8","serialNumber":"4","parameters":null,"planScriptName":"HPE - Linux - SAP HANA DB - unmount generalize - 2018-06-01"}],"customAttributes":[],"dependentArtifacts":null}