{"type":"PlanScript","uri":null,"category":null,"eTag":null,"created":null,"modified":null,"id":"925c4428-0745-48cd-95ee-dac04f852bce","name":"HPE - ESXi - Power Management - 2017-06-13","description":"Configure ESXi Power Management.\n\nPowerPolicy - Valid Values \"High Performance\" , Balanced , Lower Power or Custom","status":null,"state":null,"planType":"deploy","content":"# (c) Copyright 2017 Hewlett Packard Enterprise Development LP\n#\n# Licensed under the Apache License, Version 2.0 (the \"License\");\n# you may not use this file except in compliance with the License.\n# You may obtain a copy of the License at #http://www.apache.org/licenses/LICENSE-2.0\n#\n# Unless required by applicable law or agreed to in writing, software distributed\n# under the License is distributed on an \"AS IS\" BASIS, WITHOUT WARRANTIES #OR\n# CONDITIONS OF ANY KIND, either express or implied. See the License for the\n# specific language governing permissions and limitations under the License.\n\necho \"########################################\"\necho \"Configure Power Management                                                    \"\necho \"PowerPolicy - Valid Values -  High Performance , Balanced , Lower Power or Custom\"\necho \"########################################\"\n\nupload -<<END /ImageStreamer/esxi_powermanagement\n#! /bin/bash\n\ncat <<\"EOF\" >>local.sh\n\nesxcli system settings advanced set --option=/Power/CpuPolicy --string-value=\"@PowerPolicy:High Performance@\"\nEOF\n\nexit 0\nEND\n\ndownload /ImageStreamer/esxi_powermanagement esxi_powermanagement\n!source ./esxi_powermanagement\necho","customAttributes":null,"hpProvided":true,"dependentArtifacts":null}