{"type":"PlanScript","uri":null,"category":null,"eTag":null,"created":null,"modified":null,"id":"e233fe12-6b3d-4ace-a9e2-0035d5e714af","name":"HPE - ESXi - NTP Server - 2017-06-13","description":"Configure NTP Servers for ESXi hosts.\nEnter ntp servers separated by a space","status":null,"state":null,"planType":"deploy","content":"# (c) Copyright 2017 Hewlett Packard Enterprise Development LP\n#\n# Licensed under the Apache License, Version 2.0 (the \"License\");\n# you may not use this file except in compliance with the License.\n# You may obtain a copy of the License at #http://www.apache.org/licenses/LICENSE-2.0\n#\n# Unless required by applicable law or agreed to in writing, software distributed\n# under the License is distributed on an \"AS IS\" BASIS, WITHOUT WARRANTIES #OR\n# CONDITIONS OF ANY KIND, either express or implied. See the License for the\n# specific language governing permissions and limitations under the License.\n\n\necho \"########################################\"\necho \"Configure NTP Servers                                                                \"\necho \"Enter ntp servers separated by a space                                     \"\necho \"########################################\"\n\nupload -<<END /ImageStreamer/esxi_ntp\n#! /bin/bash\n\ncat <<\"EOF\" >>local.sh\ncat > /etc/ntp.conf << __NTP_CONFIG__\nrestrict default kod nomodify notrap noquery nopeer\n__NTP_CONFIG__\n\nNTPServers=\"@NTPSERVERS@\"\nfor NTPServer in ${NTPServers}\ndo\necho \"server ${NTPServer}\" >> /etc/ntp.conf\ndone\necho \"restrict 127.0.0.1\" >> /etc/ntp.conf\n/sbin/chkconfig ntpd on\nEOF\n\nexit 0\nEND\n\ndownload /ImageStreamer/esxi_ntp esxi_ntp\n!source ./esxi_ntp\necho","customAttributes":null,"hpProvided":true,"dependentArtifacts":null}