{"type":"OeBuildPlan","dependentArtifacts":null,"customAttributes":[],"buildStep":[{"planScriptUri":"/rest/plan-scripts/ae9d9ebc-79d2-4321-82ff-9f3467f84e51","planScriptName":"HPE_RHEL_Mount","serialNumber":"1","parameters":null},{"planScriptUri":"/rest/plan-scripts/880d595c-2e09-48e7-aadd-dea60816fb86","planScriptName":"HPE_RHEL_Generalize_Network","serialNumber":"2","parameters":null},{"planScriptUri":"/rest/plan-scripts/d1e1e423-74f4-473f-8ec3-ccaef778aa14","planScriptName":"HPE_RHEL_Host_Generalize","serialNumber":"3","parameters":null},{"planScriptUri":"/rest/plan-scripts/96cee80a-f213-4623-b9cd-c71da650ce03","planScriptName":"HPE_RHEL_Generalize_User","serialNumber":"4","parameters":null},{"planScriptUri":"/rest/plan-scripts/7fa4978b-303c-4c58-b1b1-665b5e32821a","planScriptName":"HPE_RHEL_Unmount_General","serialNumber":"5","parameters":null}],"eTag":null,"created":null,"modified":null,"hpProvided":true,"buildPlanid":"0915a8dd-e03f-4612-819f-2e63a447f1c4","oeBuildPlanType":"capture","category":null,"description":"Remove personalization settings from RHEL 7.5 ImageStreamer artifacts for RHEL 7.5 Copyright 2018 Hewlett Packard Enterprise Development LP. Licensed under the Apache License, Version 2.0 (the \"License\");you may not use this file except in compliance with the License","status":null,"uri":null,"name":"HPE-Capture-RHEL75-Image-2018-07-31"}