{"type":"OeBuildPlan","dependentArtifacts":null,"customAttributes":[{"constraints":"{\"helpText\":\"\"}","description":"","name":"ServerFQDN","value":"","type":"fqdn"},{"constraints":"{\"options\":[\"Enabled\",\"Disabled\"]}","description":"","name":"SSH","value":"Enabled","type":"option"},{"constraints":"{}","description":"","name":"NewUser","value":"","type":"string"},{"constraints":"{}","description":"","name":"TotalMgmtNICs","value":"1","type":"number"},{"constraints":"{\"maxlen\":\"20\"}","description":"","name":"NewRootPassword","value":"","type":"password"},{"constraints":"{\"ipv4static\":true,\"ipv4dhcp\":false,\"ipv4disable\":false,\"ipv4noteaming\":false,\"parameters\":[\"dns1\",\"dns2\",\"domain\",\"gateway\",\"ipaddress\",\"mac\",\"netmask\",\"vlanid\"]}","description":"","name":"ManagementNIC3","value":"","type":"nic"},{"constraints":"{\"ipv4static\":true,\"ipv4dhcp\":false,\"ipv4disable\":false,\"ipv4noteaming\":false,\"parameters\":[\"dns1\",\"dns2\",\"domain\",\"gateway\",\"ipaddress\",\"mac\",\"netmask\",\"vlanid\"]}","description":"","name":"ManagementNIC4","value":"","type":"nic"},{"constraints":"{\"maxlen\":\"20\"}","description":"","name":"NewUserPassword","value":"","type":"password"},{"constraints":"{\"ipv4static\":true,\"ipv4dhcp\":false,\"ipv4disable\":false,\"ipv4noteaming\":false,\"parameters\":[\"dns1\",\"dns2\",\"domain\",\"gateway\",\"ipaddress\",\"mac\",\"netmask\",\"vlanid\"]}","description":"","name":"ManagementNIC1","value":"","type":"nic"},{"constraints":"{\"ipv4static\":true,\"ipv4dhcp\":false,\"ipv4disable\":false,\"ipv4noteaming\":false,\"parameters\":[\"dns1\",\"dns2\",\"domain\",\"gateway\",\"ipaddress\",\"mac\",\"netmask\",\"vlanid\"]}","description":"","name":"ManagementNIC2","value":"","type":"nic"}],"buildStep":[{"planScriptUri":"/rest/plan-scripts/c88aa541-25ae-4a5f-8262-0da8115d2874","planScriptName":"HPE_RHEL_MOUNT_DEPLOY","serialNumber":"1","parameters":null},{"planScriptUri":"/rest/plan-scripts/976bfe19-7d96-4798-a295-6f60a13ba3cc","planScriptName":"HPE_RHEL_USER_DEPLOY","serialNumber":"2","parameters":null},{"planScriptUri":"/rest/plan-scripts/feb17ae7-6a9c-4b88-b0ee-4a297ef7194e","planScriptName":"HPE-RHEL_NETWORK_DEPLOY","serialNumber":"3","parameters":null},{"planScriptUri":"/rest/plan-scripts/fc19f4a1-138c-4bf6-bda0-9fdbf66ac36b","planScriptName":"HPE_RHEL_HOSTNAME-DEPLOY","serialNumber":"4","parameters":null},{"planScriptUri":"/rest/plan-scripts/10c63985-8bb6-4dd8-97f8-bb156a2dbf85","planScriptName":"HPE_RHEL_SECURITY_DEPLOY","serialNumber":"5","parameters":null},{"planScriptUri":"/rest/plan-scripts/fabbcf9f-8363-4806-97b9-5e7e17ee3159","planScriptName":"HPE_RHEL_UNMOUNT_DEPLOY","serialNumber":"6","parameters":null}],"eTag":null,"created":null,"modified":null,"hpProvided":true,"buildPlanid":"35e44dff-d0fb-45c8-9b39-0e39b9795c7f","oeBuildPlanType":"deploy","category":null,"description":"Personalizes the OS volume for deployment to the compute ImageStreamer artifacts for RHEL 7.5 Copyright 2018 Hewlett Packard Enterprise Development LP. Licensed under the Apache License, Version 2.0 (the \"License\");you may not use this file except in compliance with the License","status":null,"uri":null,"name":"HPE-Deploy-RHEL75 Build Plan 2018-07-31"}