{"type":"PlanScript","dependentArtifacts":null,"hpProvided":true,"eTag":null,"created":null,"modified":null,"customAttributes":null,"planType":"capture","category":null,"description":"Unmounts the current RHEL partition post generalization","status":null,"uri":null,"name":"HPE_RHEL_Unmount_General","id":"7fa4978b-303c-4c58-b1b1-665b5e32821a","state":null,"content":"# (c) Copyright 2018 Hewlett Packard Enterprise Development LP\n\t\t#\n\t\t# Licensed under the Apache License, Version 2.0 (the \"License\");\n\t\t# you may not use this file except in compliance with the License.\n\t\t# You may obtain a copy of the License at http://www.apache.org/licenses/LICENSE-2.0\n\t\t#\n\t\t# Unless required by applicable law or agreed to in writing, software distributed\n\t\t# under the License is distributed on an \"AS IS\" BASIS, WITHOUT WARRANTIES OR\n\t\t# CONDITIONS OF ANY KIND, either express or implied. See the License for the\n\t\t# specific language governing permissions and limitations under the License.\n\n#Remove the temporary directpory created\n#rm-rf /tmp/ImageStreamer\n\n#unmount the root partition\n\nunmount /"}