{"type":"PlanScript","dependentArtifacts":null,"hpProvided":true,"eTag":null,"created":null,"modified":null,"customAttributes":null,"planType":"capture","category":null,"description":"Network parameter generalization","status":null,"uri":null,"name":"HPE_RHEL_Generalize_Network","id":"880d595c-2e09-48e7-aadd-dea60816fb86","state":null,"content":"# (c) Copyright 2018 Hewlett Packard Enterprise Development LP\n#\n# Licensed under the Apache License, Version 2.0 (the \"License\");\n# you may not use this file except in compliance with the License.\n# You may obtain a copy of the License at http://www.apache.org/licenses/LICENSE-2.0\n#\n# Unless required by applicable law or agreed to in writing, software distributed\n# under the License is distributed on an \"AS IS\" BASIS, WITHOUT WARRANTIES OR\n# CONDITIONS OF ANY KIND, either express or implied. See the License for the\n# specific language governing permissions and limitations under the License.\n\n##Generalize the network\n!mkdir new_network\n\n#Copy \"/etc/sysconfig/network-scripts/\" directory\ncopy-out /etc/sysconfig/network-scripts/ new_network/\n\nupload -<<END /tmp/ImageStreamer/gen_network_conf \n#!/bin/bash\nnet_cfg_files=`ls new_network/network-scripts/ | grep \"ifcfg-\"`\n\nfor net_cfg_file in $net_cfg_files\ndo\n if [ $net_cfg_file  != \"ifcfg-lo\" ]\n then\n  rm -rf new_network/network-scripts/$net_cfg_file \n  echo \"Network interface cfg file $net_cfg_file successfully removed!!!\" \n fi\ndone\nexit 0\nEND\n\ndownload /tmp/ImageStreamer/gen_network_conf ./gen_network_conf\n!source ./gen_network_conf\n\n##Replace the network directory with updated one\nrm-rf /etc/sysconfig/network-scripts\n\ncopy-in new_network/network-scripts/ /etc/sysconfig/\n\n##Clear the resolve.conf file\nupload -<<END /etc/resolv.conf\nEND"}