{"type":"PlanScript","dependentArtifacts":null,"hpProvided":true,"eTag":null,"created":null,"modified":null,"customAttributes":null,"planType":"capture","category":null,"description":"Mounts the current RHEL partition for generalization","status":null,"uri":null,"name":"HPE_RHEL_Mount","id":"ae9d9ebc-79d2-4321-82ff-9f3467f84e51","state":null,"content":"# (c) Copyright 2018 Hewlett Packard Enterprise Development LP\n\t\t#\n\t\t# Licensed under the Apache License, Version 2.0 (the \"License\");\n\t\t# you may not use this file except in compliance with the License.\n\t\t# You may obtain a copy of the License at http://www.apache.org/licenses/LICENSE-2.0\n\t\t#\n\t\t# Unless required by applicable law or agreed to in writing, software distributed\n\t\t# under the License is distributed on an \"AS IS\" BASIS, WITHOUT WARRANTIES OR\n\t\t# CONDITIONS OF ANY KIND, either express or implied. See the License for the\n\t\t# specific language governing permissions and limitations under the License.\n\n# List the Volume Group and lvols:\nvgs\nlvs\nlist-filesystems\n\n# Mount the root partition\nmount /dev/rhel/root /\n\n#Create temporary directory\nmkdir-p /tmp/ImageStreamer"}