{"type":"PlanScript","dependentArtifacts":null,"hpProvided":true,"eTag":null,"created":null,"modified":null,"customAttributes":null,"planType":"deploy","category":null,"description":"Mount the current partition of the server and validate image against invalid image captures","status":null,"uri":null,"name":"HPE_RHEL_MOUNT_DEPLOY","id":"c88aa541-25ae-4a5f-8262-0da8115d2874","state":null,"content":"# (c) Copyright 2018 Hewlett Packard Enterprise Development LP\n#\n# Licensed under the Apache License, Version 2.0 (the \"License\");\n# you may not use this file except in compliance with the License.\n# You may obtain a copy of the License at http://www.apache.org/licenses/LICENSE-2.0\n#\n# Unless required by applicable law or agreed to in writing, software distributed\n# under the License is distributed on an \"AS IS\" BASIS, WITHOUT WARRANTIES OR\n# CONDITIONS OF ANY KIND, either express or implied. See the License for the\n# specific language governing permissions and limitations under the License.\n\n## List the Volume Group and lvols:\nvgs\nlvs\nlist-filesystems\n\n\n# Mount the root partition\n\nmount /dev/rhel/root /  \n#ls /\n#ls /usr/share/imgbase/build/meta/\n#sh 'imgbase layer --latest > /tmp/currnvr'\n#download /tmp/currnvr ./nvr1\n#-download /usr/share/imgbase/build/meta/nvr ./nvr1 \n\n\n\n\n\n#Create temporary directory\nmkdir-p /temp/ImageStreamer\n\n\necho \"Check Image Streamer capture details\"\n-download /ImageStreamerCapture ./ImageStreamerCapture\n\nupload -<<END /temp/ImageStreamer/check_capture\n#!/bin/bash\nif [ -f ./ImageStreamerCapture ]; then\n    echo \"Capture details:\"\n    cat ./ImageStreamerCapture\nelse\n    echo\n    echo \"WARNING: RHVH 4.1 Golden Image was not captured by Image Streamer.\"\n    echo \"Golden Image may not be prepared for correct personalization.\"\n    echo \"Recommend deploying Golden Image as is and capturing a new\"\n    echo \"Golden Image using Image Streamer via correct capture Build Plan\"\n    echo\nfi\necho\nEND\ndownload /temp/ImageStreamer/check_capture ./check_capture\n!source ./check_capture\n\n-rm-f /ImageStreamerCapture\n\necho \"Copy out rc.local\"\ndownload /etc/rc.d/rc.local rc.local\n#Take a backup\necho \"Take a backup of rc.local\"\ndownload /etc/rc.d/rc.local rc.local.backup\n\n#Setup rc.local file to run scripts at the boot time.\n!echo \"#The following commands has been added from the Image Streamer\" >> rc.local"}