{"type":"PlanScript","dependentArtifacts":null,"hpProvided":true,"eTag":null,"created":null,"modified":null,"customAttributes":null,"planType":"capture","category":null,"description":"Generalize the host specific parameters such as host name, machine-id, udev-rues & SSH host keys.","status":null,"uri":null,"name":"HPE_RHEL_Host_Generalize","id":"d1e1e423-74f4-473f-8ec3-ccaef778aa14","state":null,"content":"# (c) Copyright 2018 Hewlett Packard Enterprise Development LP\n#\n# Licensed under the Apache License, Version 2.0 (the \"License\");\n# you may not use this file except in compliance with the License.\n# You may obtain a copy of the License at http://www.apache.org/licenses/LICENSE-2.0\n#\n# Unless required by applicable law or agreed to in writing, software distributed\n# under the License is distributed on an \"AS IS\" BASIS, WITHOUT WARRANTIES OR\n# CONDITIONS OF ANY KIND, either express or implied. See the License for the\n# specific language governing permissions and limitations under the License.\n\n##Add ImageStreamerCapture file.\nupload -<<END /tmp/ImageStreamer/capture_details\n#!/bin/bash\n\necho \"Construct ImageStreamerCapture details file\"\necho \"HPE Image Streamer Capture for RHVH \" > ./ImageStreamerCapture\necho \"Complete generalization by host state removal\" >> ./ImageStreamerCapture\ndate >> ./ImageStreamerCapture\nexit 0\nEND\n\ndownload /tmp/ImageStreamer/capture_details ./capture_details\n!source ./capture_details\nupload ./ImageStreamerCapture /ImageStreamerCapture\n\ncat /ImageStreamerCapture\n\nrm-f /tmp/ImageStreamer/capture_details\n\n## Generalize network file \nupload -<<END /etc/sysconfig/network\nEND\n\n##Generalize /etc/hostname\nupload -<<END /etc/hostname\nlocalhost.localdomain.com\nEND\necho 'etc/hostname'\ncat /etc/hostname\n\n#generalize Machine-id \nrm /etc/machine-id\ntouch /etc/machine-id\necho '/etc/machine-id'\ncat /etc/machine-id\nrm-f /etc/udev/rules.d/70-*\nrm-f /etc/ssh/ssh_host-*'\n\n\n\n##Generalize /etc/init.d directory\nrm-f /etc/init.d/delete_def_route\nrm-f /etc/init.d/rm_del_def_route\n\necho '#####Completed Host Generalization#####'"}