{"type":"PlanScript","dependentArtifacts":null,"hpProvided":true,"eTag":null,"created":null,"modified":null,"customAttributes":null,"planType":"deploy","category":null,"description":"Cleans up the temporary directory created during mount and unmounts the current partition.","status":null,"uri":null,"name":"HPE_RHEL_UNMOUNT_DEPLOY","id":"fabbcf9f-8363-4806-97b9-5e7e17ee3159","state":null,"content":"# (c) Copyright 2018 Hewlett Packard Enterprise Development LP\n#\n# Licensed under the Apache License, Version 2.0 (the \"License\");\n# you may not use this file except in compliance with the License.\n# You may obtain a copy of the License at http://www.apache.org/licenses/LICENSE-2.0\n#\n# Unless required by applicable law or agreed to in writing, software distributed\n# under the License is distributed on an \"AS IS\" BASIS, WITHOUT WARRANTIES OR\n# CONDITIONS OF ANY KIND, either express or implied. See the License for the\n# specific language governing permissions and limitations under the License.\n\n!echo \"mv -f /etc/rc.d/rc.local.backup /etc/rc.d/rc.local\" >> ./rc.local\n\n#upload rc.local\nupload ./rc.local /etc/rc.d/rc.local\nchmod 755 /etc/rc.d/rc.local\n#Upload backup file.\nupload ./rc.local.backup /etc/rc.d/rc.local.backup\n\necho \"####\"\ncat /etc/rc.d/rc.local\necho \"####\"\n\n#Remove the temporary directpory created\n#rm-rf /temp/ImageStreamer\n\n#unmount the root partition\n\nunmount /"}