{"type":"PlanScript","dependentArtifacts":null,"hpProvided":true,"eTag":null,"created":null,"modified":null,"customAttributes":null,"planType":"deploy","category":null,"description":"Configure the Server Fqdn for RHEL7.5","status":null,"uri":null,"name":"HPE_RHEL_HOSTNAME-DEPLOY","id":"fc19f4a1-138c-4bf6-bda0-9fdbf66ac36b","state":null,"content":"# (c) Copyright 2018 Hewlett Packard Enterprise Development LP\n\t\t#\n\t\t# Licensed under the Apache License, Version 2.0 (the \"License\");\n\t\t# you may not use this file except in compliance with the License.\n\t\t# You may obtain a copy of the License at http://www.apache.org/licenses/LICENSE-2.0\n\t\t#\n\t\t# Unless required by applicable law or agreed to in writing, software distributed\n\t\t# under the License is distributed on an \"AS IS\" BASIS, WITHOUT WARRANTIES OR\n\t\t# CONDITIONS OF ANY KIND, either express or implied. See the License for the\n\t\t# specific language governing permissions and limitations under the License.\n\n# Edit network file to set hostname \nupload -<<END /etc/sysconfig/network\n#This file has been altered by Image Streamer.\nNETWORKING=yes\nHOSTNAME=@ServerFQDN@\nEND\n\n# Add /etc/hostname entry for hostname\nupload -<<END /etc/hostname\n@ServerFQDN@\nEND\n\n# Configure /etc/hosts by running with the master customize service\nupload -<<END /tmp/configure_hosts\n#! /bin/bash\nsleep 10s\nifaces=`cat /tmp/interface_names`\nrm -f /tmp/interface_names\nread -r -a array <<< $ifaces\niface=${array[0]}\nip_address=`ip a | grep $iface | grep 'inet' | cut -d: -f2 | awk '{ print $2}' | cut -d/ -f1`\nfqdn=@ServerFQDN@\nalias=`echo \"$fqdn\" | awk -F'[.]' '{print $1}'`\nsed -i \"/127.0.0.1/a\\\\$ip_address $fqdn $alias\" /etc/hosts\nsed -i \"/127.0.0.1/a\\\\#This file has been altered by Image Streamer.\" /etc/hosts\nunlink $0\nEND\n\necho \"-------- new /etc/sysconfig/network ----------\"\ncat /etc/sysconfig/network\n\necho \"-------- new /etc/hostname ----------\"\ncat /etc/hostname\n\n#Add the generated script to rc.local to run at boot time.\n!echo \"sh /tmp/configure_hosts\" >> rc.local"}