{"type":"PlanScript","dependentArtifacts":null,"hpProvided":true,"eTag":null,"created":null,"modified":null,"customAttributes":null,"planType":"deploy","category":null,"description":"Configures Network Interface card settings","status":null,"uri":null,"name":"HPE-RHEL_NETWORK_DEPLOY","id":"feb17ae7-6a9c-4b88-b0ee-4a297ef7194e","state":null,"content":"# (c) Copyright 2018 Hewlett Packard Enterprise Development LP\n#\n# Licensed under the Apache License, Version 2.0 (the \"License\");\n# you may not use this file except in compliance with the License.\n# You may obtain a copy of the License at http://www.apache.org/licenses/LICENSE-2.0\n#\n# Unless required by applicable law or agreed to in writing, software distributed\n# under the License is distributed on an \"AS IS\" BASIS, WITHOUT WARRANTIES OR\n# CONDITIONS OF ANY KIND, either express or implied. See the License for the\n# specific language governing permissions and limitations under the License.\n\nupload -<<END /temp/MgmtNIC-configure\n#! /bin/bash\nnet_mac=$1\nvlan=$2\nnet_ip=$3\nnet_gw=$4\nnet_domain=$5\ndns1=$6\ndns2=$7\nnetmask=$8\n\nmask2cidr() {\n    nbits=0\n    IFS=.\n    for dec in $1 ; do\n        case $dec in\n            255) let nbits+=8;;\n            254) let nbits+=7;;\n            252) let nbits+=6;;\n            248) let nbits+=5;;\n            240) let nbits+=4;;\n            224) let nbits+=3;;\n            192) let nbits+=2;;\n            128) let nbits+=1;;\n            0);;\n            *) echo \"Error: $dec is not recognised\"; exit 1\n        esac\n    done\n    echo \"$nbits\"\n}\n\n#Check the matching interface name for $net_mac.\ninterfaces=`ls /sys/class/net/`\nfor iface in $interfaces\ndo\n\tmac=`cat /sys/class/net/$iface/address`\n\tif [ ${mac,,} == ${net_mac,,} ]\n\tthen\n\t\tinterface_name=$iface\n\t\techo $interface_name >> /temp/interface_names\n\tfi\ndone\n\nif [[ -z $net_ip ]]\nthen\n\tif [ $vlan -ne 0 ];then\n\t\techo \"Configure $interface_name for DHCP\"\n\t\tnmcli connection add type vlan con-name $interface_name$vlan ifname $interface_name.$vlan id $vlan dev $interface_name\n\telse\n\t\tnmcli connection add con-name $interface_name ifname $interface_name type ethernet autoconnect yes\n\tfi\nelse\n\techo \"Configure $interface_name for static.\"\n\t\n\tif [ $vlan -ne 0 ];then\n\t\tnmcli connection add type vlan con-name $interface_name$vlan ifname $interface_name.$vlan id $vlan dev $interface_name ip4 $net_ip/$(mask2cidr $netmask) gw4 $net_gw\n\telse\n\t\tnmcli con add con-name $interface_name ifname $interface_name  type ethernet autoconnect yes ip4 $net_ip/$(mask2cidr $netmask) gw4 $net_gw\n\tfi\n\t\ncat <<CONF>/etc/resolv.conf \n# Generated by Image Streamer\nsearch $net_domain\nnameserver $dns1\nnameserver $dns2\nCONF\nfi\nexit 0\nEND\n\nupload -<<END /temp/ImageStreamer/network-configuration\n#! /bin/bash\nNICs_count=@TotalMgmtNICs:1@\nfor i in `seq 1 $NICs_count`\ndo\n\tif [ $i -eq 1 ];then\n\t\tif [[ \"@ManagementNIC1.ipaddress@\" =~ [0-9]*\\.[0-9]*\\.[0-9]*\\.[0-9]* ]]; then\n\t\t\techo \"sh /temp/MgmtNIC-configure @ManagementNIC1.mac@ @ManagementNIC1.vlanid@ @ManagementNIC1.ipaddress@ @ManagementNIC1.gateway@ @ManagementNIC1.domain@ @ManagementNIC1.dns1@ @ManagementNIC1.dns2@ @ManagementNIC1.netmask@\" >> ./rc.local\n\t\telse\n\t\t\techo \"sh /temp/MgmtNIC-configure @ManagementNIC1.mac@ @ManagementNIC1.vlanid@\" >> ./rc.local\n\t\tfi\n\telif [ $i -eq 2 ];then\n\t\tif [[ \"@ManagementNIC2.ipaddress@\" =~ [0-9]*\\.[0-9]*\\.[0-9]*\\.[0-9]* ]]; then\n\t\t\techo \"sh /temp/MgmtNIC-configure @ManagementNIC2.mac@ @ManagementNIC2.vlanid@ @ManagementNIC2.ipaddress@ @ManagementNIC2.gateway@ @ManagementNIC2.domain@ @ManagementNIC2.dns1@ @ManagementNIC2.dns2@ @ManagementNIC2.netmask@\" >> ./rc.local\n\t\telse\n\t\t\techo \"sh /temp/MgmtNIC-configure @ManagementNIC2.mac@ @ManagementNIC2.vlanid@\" >> ./rc.local\n\t\tfi\n\telif [ $i -eq 3 ];then\n\t\tif [[ \"@ManagementNIC3.ipaddress@\" =~ [0-9]*\\.[0-9]*\\.[0-9]*\\.[0-9]* ]]; then\n\t\t\techo \"sh /temp/MgmtNIC-configure @ManagementNIC3.mac@ @ManagementNIC3.vlanid@ @ManagementNIC3.ipaddress@ @ManagementNIC3.gateway@ @ManagementNIC3.domain@ @ManagementNIC3.dns1@ @ManagementNIC3.dns2@ @ManagementNIC3.netmask@\" >> ./rc.local\n\t\telse\n\t\t\techo \"sh /temp/MgmtNIC-configure @ManagementNIC3.mac@ @ManagementNIC3.vlanid@\" >> ./rc.local\n\t\tfi\n\telif [ $i -eq 4 ];then\n\t\tif [[ \"@ManagementNIC4.ipaddress@\" =~ [0-9]*\\.[0-9]*\\.[0-9]*\\.[0-9]* ]]; then\n\t\t\techo \"sh /temp/MgmtNIC-configure @ManagementNIC4.mac@ @ManagementNIC4.vlanid@ @ManagementNIC4.ipaddress@ @ManagementNIC4.gateway@ @ManagementNIC4.domain@ @ManagementNIC4.dns1@ @ManagementNIC4.dns2@ @ManagementNIC4.netmask@\" >> ./rc.local\n\t\telse\n\t\t\techo \"sh /temp/MgmtNIC-configure @ManagementNIC4.mac@ @ManagementNIC4.vlanid@\" >> ./rc.local\n\t\tfi\n\tfi\ndone\necho \"service network restart\" >> ./rc.local\necho \"rm -f /temp/MgmtNIC-configure\" >> ./rc.local\nexit 0\nEND\n\ndownload /temp/ImageStreamer/network-configuration ./network-configuration\n!source ./network-configuration\necho \"=====network setup complete====\""}