{"type":"PlanScript","uri":null,"category":null,"eTag":null,"created":null,"modified":null,"id":"030942ac-91ee-412e-baee-47c8090eafaf","name":"RHEL-configure-hostname-2017-12-12","description":"configure hostname","status":null,"state":null,"planType":"deploy","content":"# (c) Copyright 2017 Hewlett Packard Enterprise Development LP\n#\n# Licensed under the Apache License, Version 2.0 (the \"License\");\n# you may not use this file except in compliance with the License.\n# You may obtain a copy of the License at http://www.apache.org/licenses/LICENSE-2.0\n#\n# Unless required by applicable law or agreed to in writing, software distributed\n# under the License is distributed on an \"AS IS\" BASIS, WITHOUT WARRANTIES OR\n# CONDITIONS OF ANY KIND, either express or implied. See the License for the\n# specific language governing permissions and limitations under the License.\n\n# Edit network file to set hostname \nupload -<<END /etc/sysconfig/network\n#This file has been altered by Image Streamer.\nNETWORKING=yes\nHOSTNAME=@HostName@\nEND\n\n# Add /etc/hostname entry for hostname\nupload -<<END /etc/hostname\n@HostName@\nEND\n\n# Configure /etc/hosts by running with the master customize service\nupload -<<END /temp/configure_hosts\n#! /bin/bash\nsleep 10s\nifaces=`cat /temp/interface_names`\nrm -f /temp/interface_names\nread -r -a array <<< $ifaces\niface=${array[0]}\nip_address=`ip a | grep $iface | grep 'inet' | cut -d: -f2 | awk '{ print $2}' | cut -d/ -f1`\nfqdn=@HostName@.@DomainName@\nalias=`echo \"$fqdn\" | awk -F'[.]' '{print $1}'`\nsed -i \"/127.0.0.1/a\\\\$ip_address $fqdn $alias\" /etc/hosts\nsed -i \"/127.0.0.1/a\\\\#This file has been altered by Image Streamer.\" /etc/hosts\nunlink $0\nEND\n\necho \"-------- new /etc/sysconfig/network ----------\"\ncat /etc/sysconfig/network\n\necho \"-------- new /etc/hostname ----------\"\ncat /etc/hostname\n\n#Add the generated script to rc.local to run at boot time.\n!echo \"sh /temp/configure_hosts\" >> rc.local","customAttributes":null,"hpProvided":true,"dependentArtifacts":null}