{"type":"OeBuildPlan","uri":null,"category":null,"eTag":null,"created":null,"modified":null,"buildPlanid":"584af0f6-a769-43a6-8b77-fc28a1b4bdcb","name":"RHEL 7.4 SQL Standalone","description":"Deploy SQL Server instance on RHEL 7.4.(c) Copyright 2018 Hewlett Packard Enterprise Development LP. Licensed under the Apache License, Version 2.0;...","status":null,"hpProvided":true,"oeBuildPlanType":"deploy","buildStep":[{"planScriptUri":"/rest/plan-scripts/9afd95ad-671c-470c-b5ca-75a9ee4c5815","serialNumber":"1","parameters":null,"planScriptName":"RHEL-mount-and-validate-2017-12-12"},{"planScriptUri":"/rest/plan-scripts/971e9119-9ae8-4e2e-86dc-925b852bcdba","serialNumber":"2","parameters":null,"planScriptName":"RHEL Single NIC Teaming"},{"planScriptUri":"/rest/plan-scripts/030942ac-91ee-412e-baee-47c8090eafaf","serialNumber":"3","parameters":null,"planScriptName":"RHEL-configure-hostname-2017-12-12"},{"planScriptUri":"/rest/plan-scripts/8b06a05e-56ed-4238-9017-69d73ebf0093","serialNumber":"4","parameters":null,"planScriptName":"SQLConfig"},{"planScriptUri":"/rest/plan-scripts/4a99779d-df8a-485f-8d7e-4788d0cd4d4a","serialNumber":"5","parameters":null,"planScriptName":"RHEL-unmount-2017-12-12"}],"customAttributes":[{"name":"MSSQL_Version","description":"","value":"evaluation","constraints":"{\"options\":[\"evaluation\",\"developer\",\"express\",\"web\",\"standard\",\"enterprise\",\"enterprise core\",\"your 25 digit product key(Please enter the key for this custom attribute option.\"]}","type":"option"},{"name":"DomainName","description":"","value":"oltp.sql.cass.hp.com","constraints":"{\"helpText\":\"\"}","type":"fqdn"},{"name":"NICTeam0Name","description":"","value":"team0","constraints":"{\"options\":[\"team0\"]}","type":"string"},{"name":"Team0NIC1","description":"","value":"","constraints":"{\"ipv4static\":true,\"ipv4dhcp\":false,\"ipv4disable\":false,\"parameters\":[\"dns1\",\"dns2\",\"domain\",\"gateway\",\"ipaddress\",\"mac\",\"netmask\"],\"options\":[\"\"]}","type":"nic"},{"name":"Team0NIC2","description":"","value":"","constraints":"{\"ipv4static\":true,\"ipv4dhcp\":true,\"ipv4disable\":false,\"parameters\":[\"mac\"],\"options\":[\"\"]}","type":"nic"},{"name":"HostName","description":"","value":"","constraints":"{\"helpText\":\"\"}","type":"hostname"},{"name":"MSSQL_SA_Password","description":"","value":"","constraints":"{\"maxlen\":\"20\"}","type":"password"}],"dependentArtifacts":null}