{"type":"PlanScript","uri":null,"category":null,"eTag":null,"created":null,"modified":null,"id":"8b06a05e-56ed-4238-9017-69d73ebf0093","name":"SQLConfig","description":"Configure SQL server setup using mssql-conf setup, enable SQL server agent and configure SQL configuration settings","status":null,"state":null,"planType":"deploy","content":"# (c) Copyright 2018 Hewlett Packard Enterprise Development LP\n#\n# Licensed under the Apache License, Version 2.0 (the \"License\");\n# you may not use this file except in compliance with the License.\n# You may obtain a copy of the License at http://www.apache.org/licenses/LICENSE-2.0\n#\n# Unless required by applicable law or agreed to in writing, software distributed\n# under the License is distributed on an \"AS IS\" BASIS, WITHOUT WARRANTIES OR\n# CONDITIONS OF ANY KIND, either express or implied. See the License for the\n# specific language governing permissions and limitations under the License.\n\n# name:\n#   SQLConfig.sh\n#\n# Purpose:\n#   Complete the SQL Server setup using mssql-conf. Enable the SQL Server agent. Configure firewall to allow TCP port 1433\n# Set the trace flag for deadlock tracing.\n\nmkdir /root/SQLConfig\n\n#\n# Creating SQLConfig.sh\n#\nupload -<<END /root/SQLConfig/SQLConfig.sh\n\n\n#!/bin/bash -e\n\n# Use the following variables to control your install:\n\n# Password for the SA user (required)\n#MSSQL_SA_PASSWORD=@MSSQL_SA_Password@\n\n# Product ID of the version of SQL server you're installing\n# Must be evaluation, developer, express, web, standard, enterprise, or your 25 digit product key\n# Defaults to evaluation\nMSSQL_PID=@MSSQL_Version@\n\n\necho Running mssql-conf setup...\n\t MSSQL_SA_PASSWORD=@MSSQL_SA_Password@ \\\n     MSSQL_PID=$MSSQL_PID \\\n     /opt/mssql/bin/mssql-conf -n setup accept-eula\n\t \n# SQL Server Agent enable:\n\necho Enabling SQL Server Agent...\n/opt/mssql/bin/mssql-conf set sqlagent.enabled true\n\n# Set trace flags 1204 and 1222 for deadlock tracing :\necho Setting trace flags...\n/opt/mssql/bin/mssql-conf traceflag  1204 1222 on\n\n# Restart SQL Server after making configuration changes:\necho Restarting SQL Server...\nsystemctl restart mssql-server\n\n# Configure firewall to allow TCP port 1433:\necho Configuring firewall to allow traffic on port 1433...\n firewall-cmd --zone=public --add-port=1433/tcp --permanent\n firewall-cmd --reload\n\n\necho Done!\n\nEND\n\nchmod 754 /root/SQLConfig/SQLConfig.sh\n\ncat /root/SQLConfig/SQLConfig.sh\n\n# add this file to rc.local so that it will be executed at first boot\n#\n#!echo \"sh /root/SQLConfig/SQLConfig.sh\" >> ./rc.local\n!echo \"su - root -c /root/SQLConfig/SQLConfig.sh\" >> ./rc.local","customAttributes":null,"hpProvided":true,"dependentArtifacts":null}