{"type":"PlanScript","uri":null,"category":null,"eTag":null,"created":null,"modified":null,"id":"971e9119-9ae8-4e2e-86dc-925b852bcdba","name":"RHEL Single NIC Teaming","description":"Configures management NIC teaming for host","status":null,"state":null,"planType":"deploy","content":"# (c) Copyright 2018 Hewlett Packard Enterprise Development LP\n#\n# Licensed under the Apache License, Version 2.0 (the \"License\");\n# you may not use this file except in compliance with the License.\n# You may obtain a copy of the License at http://www.apache.org/licenses/LICENSE-2.0\n#\n# Unless required by applicable law or agreed to in writing, software distributed\n# under the License is distributed on an \"AS IS\" BASIS, WITHOUT WARRANTIES OR\n# CONDITIONS OF ANY KIND, either express or implied. See the License for the\n# specific language governing permissions and limitations under the License.\n\n#Child script for NIC Teaming.\nupload -<<END /temp/NIC-teaming\n#! /bin/bash\n\nteam_name=$1\nnet1_mac=$2\nnet2_mac=$3\nnet1_ip=$4\nnet1_gw=$5\ndomain=$6\ndns1=$7\ndns2=$8\nnetmask=$9\n\n\n\nmask2cidr() {\n    nbits=0\n    IFS=.\n    for dec in $1 ; do\n        case $dec in\n            255) let nbits+=8;;\n            254) let nbits+=7;;\n            252) let nbits+=6;;\n            248) let nbits+=5;;\n            240) let nbits+=4;;\n            224) let nbits+=3;;\n            192) let nbits+=2;;\n            128) let nbits+=1;;\n            0);;\n            *) echo \"Error: $dec is not recognised\"; exit 1\n        esac\n    done\n    echo \"$nbits\"\n}\n\n\n#Check the maching interface names for mac addresses.\nif [ -f /temp/int-back ]\nthen\n nic1=$(cat /temp/int-back | grep -i $net1_mac | awk '{ print $1 }')\n nic2=$(cat /temp/int-back | grep -i $net2_mac | awk '{ print $1 }')\nelse\n interfaces=`ls /sys/class/net/`\n for iface in $interfaces\n do\n  mac=`cat /sys/class/net/$iface/address`\n  echo \"$iface  $mac\" >> /temp/int-back\n  if [ ${mac,,} == ${net1_mac,,} ]\n  then\n   nic1=$iface\n  elif [ ${mac,,} == ${net2_mac,,} ]\n  then\n   nic2=$iface\n  fi\n done\nfi\n\t\n#Add $team_name connection.\n\nport1=$(nmcli con | grep $nic1 |  awk '{ print $1 }')\nport2=$(nmcli con | grep $nic2 |  awk '{ print $1 }')\nif [ -z $port1 ] && [ -z $port2 ]\nthen\n\n  nmcli connection add type team con-name $team_name ifname $team_name ipv4.addresses $net1_ip/$(mask2cidr $netmask) ipv4.gateway $net1_gw ipv4.method manual config '{\"runner\": {\"name\": \"activebackup\"}, \"link_watch\": {\"name\": \"ethtool\"}}'\n  nmcli connection add type team-slave con-name $team_name-port1 ifname $nic1 master $team_name\n  nmcli connection add type team-slave con-name $team_name-port2 ifname $nic2 master $team_name\n\nfi\n\ncat <<CONF>/etc/resolv.conf \n# Generated by Image Streamer\nsearch $domain\nnameserver $dns1\nnameserver $dns2\nCONF\n\nnmcli connection up $team_name\n\nexit 0\nEND\n\n\n#Parent script for NIC Teaming.\nupload -<<END /temp/ImageStreamer/teaming-configuration\n#! /bin/bash\n\nteam0=@NICTeam0Name:team0@\n\necho \"echo $team0 > /temp/interface_names\" >> ./rc.local\n\t\tif [[ \"@Team0NIC1.ipaddress@\" =~ [0-9]*\\.[0-9]*\\.[0-9]*\\.[0-9]* ]]; then\n\t\t\t\n\t\t\techo \"sh /temp/NIC-teaming $team0 @Team0NIC1.mac@ @Team0NIC2.mac@ @Team0NIC1.ipaddress@ @Team0NIC1.gateway@ @Team0NIC1.domain@ @Team0NIC1.dns1@ @Team0NIC1.dns2@ @Team0NIC1.netmask@ \" >> ./rc.local\n\t\t\t\n\t\tfi\n\t\n\necho \"rm -rf /temp/NIC-teaming\" >> ./rc.local\necho \"rm -rf /temp/int-back\" >> ./rc.local\n\n\nEND\n\ndownload /temp/ImageStreamer/teaming-configuration ./teaming-configuration\n!source ./teaming-configuration","customAttributes":null,"hpProvided":true,"dependentArtifacts":null}