{"type":"PlanScript","dependentArtifacts":null,"hpProvided":true,"eTag":null,"created":null,"modified":null,"customAttributes":null,"planType":"deploy","description":"020-RHEL-7.3-change-root-password","category":null,"uri":null,"status":null,"name":"020-RHEL-7.3-change-root-password","id":"0923da9a-867c-43ae-8332-265430bd0747","state":null,"content":"# (c) Copyright 2017 Hewlett Packard Enterprise Development LP\n#\n# Licensed under the Apache License, Version 2.0 (the \"License\");\n# you may not use this file except in compliance with the License.\n# You may obtain a copy of the License at http://www.apache.org/licenses/LICENSE-2.0\n#\n# Unless required by applicable law or agreed to in writing, software distributed\n# under the License is distributed on an \"AS IS\" BASIS, WITHOUT WARRANTIES OR\n# CONDITIONS OF ANY KIND, either express or implied. See the License for the\n# specific language governing permissions and limitations under the License.\n\n# Change root's password \nupload -<<END /tmp/change_root_passwd\n#! /bin/bash\necho \"@NewRootPassword@\" | passwd root --stdin\nunlink $0\nEND\n\n#Add script to rc.local to run at boot time.\n!echo \"sh /tmp/change_root_passwd\" >> rc.local"}