{"type":"PlanScript","dependentArtifacts":null,"hpProvided":true,"eTag":null,"created":null,"modified":null,"customAttributes":null,"planType":"deploy","description":"Loads the Aqua Security Agent","category":null,"uri":null,"status":null,"name":"160-Aqua-agent-configure","id":"3fee7668-0fa5-4077-8866-d5309ee7e80a","state":null,"content":"# (c) Copyright 2017 Hewlett Packard Enterprise Development LP\n#\n# Licensed under the Apache License, Version 2.0 (the \"License\");\n# you may not use this file except in compliance with the License.\n# You may obtain a copy of the License at http://www.apache.org/licenses/LICENSE-2.0\n#\n# Unless required by applicable law or agreed to in writing, software distributed\n# under the License is distributed on an \"AS IS\" BASIS, WITHOUT WARRANTIES OR\n# CONDITIONS OF ANY KIND, either express or implied. See the License for the\n# specific language governing permissions and limitations under the License.\n\n#\n# Aqua-agent-configure\n#\n#  Create the setup script for a Aqua agent\n#  this script will be called by onetime systemctl service at firstboot\n#\n\n# upload configuration script. It must be created under /root/bootstrap, in its own specific folder, with the name main.sh\necho \"create configuration script for Aqua Agent\"\n-mkdir-p  /root/bootstrap/aqua\nupload -<<END /root/bootstrap/aqua/main.sh\n\nAQUAIP=@AquaIp@\nAQUATOKEN=@AquaToken@\nAQUAAGENT=@AquaAgent@\n\n#\n# enable the port used by the agent\n#\necho \"Aqua Security Agent: Opening Port 3622/tcp\"\nfirewall-cmd --permanent --zone=public --add-port=3622/tcp\nfirewall-cmd --reload\nfirewall-cmd --info-zone=public\n\n\n#\n# we try to pull the image first, to wait for the docker node to join the swarm\n#\n\nwaittime=5      # wait 5 seconds between attempts\nmaxiteration=60 # will try to load the plugin during 5mns max\niteration=0\nstatus=1\nwhile ((iteration < maxiteration )) &&  ((status))  ;\ndo\n  iteration=$((iteration+1))\n  echo \"Aqua Security Agent Trying to pull $AQUAAGENT attempt $iteration status=$status\"\n  docker pull $AQUAAGENT\n  status=$?\n  if ((status))\n  then\n     # image not loaded\n     sleep $waittime\n  fi\ndone\nif ((status))\nthen\n  echo \"Aqua Security Agent: unable to pull the Aqua Security Agent image Aborting...\"\n  exit 127\nfi\n#\n# save journalctl\n#\n\necho \"Aqua Security Agent: Running the Agent\"\nsleep 10\ndocker run --rm -e SILENT=yes -e AQUA_TOKEN=$AQUATOKEN -e AQUA_SERVER=$AQUAIP:3622 -e AQUA_MODE=CONTAINER -v /var/run/docker.sock:/var/run/docker.sock $AQUAAGENT\nunlink $0\nEND\n\nchmod 0754  /root/bootstrap/aqua/main.sh"}