{"type":"OeBuildPlan","dependentArtifacts":null,"customAttributes":[{"constraints":"{}","description":"","name":"FirstNicTeamName","value":"team0","type":"string"},{"constraints":"{\"options\":[\"Enabled\",\"Disabled\"]}","description":"","name":"SSH","value":"Enabled","type":"option"},{"constraints":"{\"helpText\":\"\"}","description":"","name":"ServerFQDN","value":"workerXXX.cloudra.local","type":"fqdn"},{"constraints":"{}","description":"","name":"DeviceMapperDrive","value":"/dev/sda","type":"string"},{"constraints":"{\"minimum\":\"30\",\"maximum\":\"75\",\"increment\":\"5\",\"unit\":\"percent\"}","description":"","name":"DeviceMapperAllocation","value":"70","type":"number"},{"constraints":"{\"helpText\":\"IP adress or FQDN of your Aqua Console\"}","description":"","name":"AquaIp","value":"10.60.99.29","type":"fqdn"},{"constraints":"{\"helpText\":\"\"}","description":"","name":"ProxyHost","value":"proxy.cloudra.local","type":"fqdn"},{"constraints":"{\"helpText\":\"\"}","description":"","name":"NtpServer","value":"10.60.1.123","type":"fqdn"},{"constraints":"{}","description":"","name":"ProxyPort","value":"8080","type":"number"},{"constraints":"{}","description":"","name":"UcpAdminName","value":"admin","type":"string"},{"constraints":"{}","description":"","name":"ProxyExclusionList","value":".cloudra.local","type":"string"},{"constraints":"{\"regex\":\"\",\"helpText\":\"Token to use for the \\\"Batch Install\\\"\"}","description":"","name":"AquaToken","value":"","type":"string"},{"constraints":"{\"ipv4static\":true,\"ipv4dhcp\":false,\"ipv4disable\":false,\"parameters\":[\"mac\"]}","description":"","name":"Team1NIC2","value":"","type":"nic"},{"constraints":"{\"minimum\":\"1\",\"maximum\":\"1\"}","description":"","name":"TotalNicTeamings","value":"1","type":"number"},{"constraints":"{\"maxlen\":\"10\"}","description":"","name":"UcpAdminPassword","value":"********","type":"password"},{"constraints":"{\"ipv4static\":true,\"ipv4dhcp\":false,\"ipv4disable\":false,\"parameters\":[\"dns1\",\"dns2\",\"domain\",\"gateway\",\"ipaddress\",\"mac\",\"netmask\"]}","description":"","name":"Team1NIC1","value":"","type":"nic"},{"constraints":"{\"ipv4static\":true,\"ipv4dhcp\":false,\"ipv4disable\":false,\"parameters\":[\"mac\"]}","description":"","name":"Team0NIC2","value":"","type":"nic"},{"constraints":"{}","description":"","name":"SecondNicTeamName","value":"team1","type":"string"},{"constraints":"{\"ipv4static\":true,\"ipv4dhcp\":false,\"ipv4disable\":false,\"parameters\":[\"dns1\",\"dns2\",\"domain\",\"gateway\",\"ipaddress\",\"mac\",\"netmask\"]}","description":"","name":"Team0NIC1","value":"","type":"nic"},{"constraints":"{\"options\":[\"No\",\"Yes\"]}","description":"Wipe out the data drive if it is not empty\nYour data will be lost if you set this value to Yes","name":"DeviceMapperForceDelete","value":"No","type":"option"},{"constraints":"{\"helpText\":\"IP adress of one of your UCP server\"}","description":"","name":"UcpIp","value":"10.60.99.7","type":"fqdn"},{"constraints":"{\"maxlen\":\"10\"}","description":"","name":"NewRootPassword","value":"********","type":"password"},{"constraints":"{\"regex\":\"\",\"helpText\":\"Aqua Agent repository and tag\"}","description":"","name":"AquaAgent","value":"hub.cloudra.local/cloudra/aqua:2.1.6","type":"string"}],"buildStep":[{"planScriptUri":"/rest/plan-scripts/df273ca2-72b3-4fe9-bf52-72aa51e5a2e2","planScriptName":"000-RHEL-7.3-mount-and-validate","parameters":null,"serialNumber":"1"},{"planScriptUri":"/rest/plan-scripts/ac1172e8-efc3-4042-9f9a-25dd7671b6d4","planScriptName":"010-RHEL-7.3-set-iscsi-initiatorname","parameters":null,"serialNumber":"2"},{"planScriptUri":"/rest/plan-scripts/0923da9a-867c-43ae-8332-265430bd0747","planScriptName":"020-RHEL-7.3-change-root-password","parameters":null,"serialNumber":"3"},{"planScriptUri":"/rest/plan-scripts/02c5a2cd-f2de-4a37-85e5-bd5fe1c96572","planScriptName":"030-RHEL-7.3-configure-multiple-NIC-teaming","parameters":null,"serialNumber":"4"},{"planScriptUri":"/rest/plan-scripts/e4d7f92b-f37c-4d56-905e-c846539c8e7f","planScriptName":"050-RHEL-7.3-configure-hostname","parameters":null,"serialNumber":"5"},{"planScriptUri":"/rest/plan-scripts/95f7cb71-3977-4872-9a31-163ae7371747","planScriptName":"040-RHEL-7.3-Docker-configure-ntp","parameters":null,"serialNumber":"6"},{"planScriptUri":"/rest/plan-scripts/eb567ac5-4f25-49df-b202-9725f1d3bef9","planScriptName":"060-RHEL-7.3-manage-security-services","parameters":null,"serialNumber":"7"},{"planScriptUri":"/rest/plan-scripts/4b9c1a44-70bf-482b-bc59-488628660786","planScriptName":"070-Docker-configure-proxy","parameters":null,"serialNumber":"8"},{"planScriptUri":"/rest/plan-scripts/0801e3bd-057b-479c-b476-eaa77c69c8f6","planScriptName":"080-RHEL-7.3-erase-drive","parameters":null,"serialNumber":"9"},{"planScriptUri":"/rest/plan-scripts/8b65441f-a4cc-42df-89b6-a51b2a0fdfb7","planScriptName":"090-RHEL-7.3-Docker-configure-devicemapper","parameters":null,"serialNumber":"10"},{"planScriptUri":"/rest/plan-scripts/931e55db-c745-4601-87ec-81153f58a2aa","planScriptName":"100-RHEL-7.3-Docker-Bootstrap","parameters":null,"serialNumber":"11"},{"planScriptUri":"/rest/plan-scripts/80d4102c-155b-4aca-8a12-4b4e78de9685","planScriptName":"110-Docker-remove-key.json","parameters":null,"serialNumber":"12"},{"planScriptUri":"/rest/plan-scripts/67059839-b5b9-45f4-ad29-e8d0ce3806e6","planScriptName":"120-upload-bash-helpers","parameters":null,"serialNumber":"13"},{"planScriptUri":"/rest/plan-scripts/6c8db592-87e1-4ba2-b516-deb2600369f0","planScriptName":"130-RHEL-7.3-Docker-preconfig","parameters":null,"serialNumber":"14"},{"planScriptUri":"/rest/plan-scripts/69042882-3e25-4eea-9416-adcb29290dd9","planScriptName":"140-Docker-UCP-worker-configure","parameters":null,"serialNumber":"15"},{"planScriptUri":"/rest/plan-scripts/23a1f1f2-9f32-4f8e-a43e-b5364b7b9569","planScriptName":"150-RHEL-7.3-config-firewalld-for-Docker","parameters":null,"serialNumber":"16"},{"planScriptUri":"/rest/plan-scripts/3fee7668-0fa5-4077-8866-d5309ee7e80a","planScriptName":"160-Aqua-agent-configure","parameters":null,"serialNumber":"17"},{"planScriptUri":"/rest/plan-scripts/5ca01201-8cc2-49c7-88ed-85d025ce570e","planScriptName":"999-RHEL-7.3-unmount","parameters":null,"serialNumber":"18"}],"eTag":null,"created":null,"modified":null,"etag":null,"hpProvided":true,"buildPlanid":"410d9955-f06d-4139-bdd7-72a575a5139e","oeBuildPlanType":"deploy","description":"Deploy Docker worker node with Aqua Security Agent\n\n(c) Copyright 2017 Hewlett Packard Enterprise Development LP\n\nLicensed under the Apache License, Version 2.0 (the \"License\");...","category":null,"uri":null,"status":null,"name":"RHEL-7.3-Docker-Worker-With-AquaSec-2017-06-16"}