{"type":"PlanScript","dependentArtifacts":null,"hpProvided":true,"eTag":null,"created":null,"modified":null,"customAttributes":null,"planType":"deploy","description":"090-RHEL-7.3-Docker-configure-devicemapper","category":null,"uri":null,"status":null,"name":"090-RHEL-7.3-Docker-configure-devicemapper","id":"8b65441f-a4cc-42df-89b6-a51b2a0fdfb7","state":null,"content":"# (c) Copyright 2017 Hewlett Packard Enterprise Development LP\n#\n# Licensed under the Apache License, Version 2.0 (the \"License\");\n# you may not use this file except in compliance with the License.\n# You may obtain a copy of the License at http://www.apache.org/licenses/LICENSE-2.0\n#\n# Unless required by applicable law or agreed to in writing, software distributed\n# under the License is distributed on an \"AS IS\" BASIS, WITHOUT WARRANTIES OR\n# CONDITIONS OF ANY KIND, either express or implied. See the License for the\n# specific language governing permissions and limitations under the License.\n\n#\n# name:\n#   RHEL-7.3-Docker-configure-devicemapper\n#\n# Purpose:\n#   prepare thin pool for use by docker\n#\n# Custom Attributes\n#   DeviceMapperDrive=/dev/sda\n#   DeviceMapperAllocation=70, percentage of the data drive used by device mapper. The rest is used for /var/lib/docker\n\nupload -<<END /tmp/Configure_DeviceMapper\n#! /bin/bash\n#\n# context: \n#    first boot\n#\n\nDiskName=@DeviceMapperDrive:/dev/sda@\nDeviceMapperAllocation=@DeviceMapperAllocation:70@\n\n# 100% of the local drive will be used\nPartitionSize=100\npartition=\"${DiskName}1\"\nthinpool=thinpool\nvgname=docker\n\nforcewipe=\"--yes\"\n\n\nparted -s -a optimal $DiskName mklabel gpt\nparted -s -a optimal $DiskName mkpart primary 0% ${PartitionSize}%\nparted -s -a optimal $DiskName set 1 lvm on\n\n\npvscan\nvgscan\nlvscan\n\npvcreate -ff -y $partition\n\nvgcreate $vgname $partition\n\n\nlvcreate ${forcewipe} --wipesignatures y -n $thinpool        $vgname -l ${DeviceMapperAllocation}%VG\nlvcreate ${forcewipe} --wipesignatures y -n ${thinpool}_meta $vgname -l 1%VG\n\n#Convert the pool to a thin pool.\nlvconvert -y --zero n -c 512K --thinpool $vgname/$thinpool --poolmetadata ${vgname}/${thinpool}_meta\n\n#Configure autoextension of thin pools via an lvm profile.\ncat <<EOF >/etc/lvm/profile/docker-thinpool.profile\nactivation {\nthin_pool_autoextend_threshold=80\nthin_pool_autoextend_percent=20\n}\nEOF\n\n# Apply your new lvm profile\nlvchange --metadataprofile docker-thinpool $vgname/$thinpool\n\nlvs -o+seg_monitor\n\n#\n# Create the docker root dir, claiming the remaining free space in the local drive\n#\nlvcreate -n docker-root-dir $vgname -l 100%FREE\nmkdir /docker-root-dir\nmkfs.xfs -f /dev/docker/docker-root-dir\nmount /dev/docker/docker-root-dir /docker-root-dir/\necho \"/dev/mapper/docker-docker--root--dir /docker-root-dir xfs defaults 1 3\" >>/etc/fstab\n\n#\n# Now configure devicemapper driver using our thin pool\n#\nmkdir -p /etc/systemd/system/docker.service.d\ncat <<EOF >/etc/systemd/system/docker.service.d/device-mapper.conf\n[Service]\nExecStart=\nExecStart=/usr/bin/dockerd --storage-driver=devicemapper --graph=/docker-root-dir --storage-opt=dm.thinpooldev=/dev/mapper/${vgname}-${thinpool} --storage-opt=dm.use_deferred_removal=true --storage-opt=dm.use_deferred_deletion=true\nEOF\n\n\nunlink $0\n\nEND\n\necho ***** Configure_DeviceMapper \ncat /tmp/Configure_DeviceMapper\n\n#\n# add this file to rc.local so that it will be executed at first boot\n#\n!echo \"sh /tmp/Configure_DeviceMapper\" >> rc.local"}