{"type":"PlanScript","dependentArtifacts":null,"hpProvided":true,"eTag":null,"created":null,"modified":null,"customAttributes":null,"planType":"deploy","description":"100-RHEL-7.3-Docker-Bootstrap","category":null,"uri":null,"status":null,"name":"100-RHEL-7.3-Docker-Bootstrap","id":"931e55db-c745-4601-87ec-81153f58a2aa","state":null,"content":"# (c) Copyright 2017 Hewlett Packard Enterprise Development LP\n#\n# Licensed under the Apache License, Version 2.0 (the \"License\");\n# you may not use this file except in compliance with the License.\n# You may obtain a copy of the License at http://www.apache.org/licenses/LICENSE-2.0\n#\n# Unless required by applicable law or agreed to in writing, software distributed\n# under the License is distributed on an \"AS IS\" BASIS, WITHOUT WARRANTIES OR\n# CONDITIONS OF ANY KIND, either express or implied. See the License for the\n# specific language governing permissions and limitations under the License.\n\n#\n# name:\n#     RHEL-7.3-Docker-Bootstrap\n#\n# purpose:\n#     configure firtsboot systemctl service which will call \n#          the docker bootstrap script\n#          the HPE 3par plugin bootstrap script\n# context:\n#     guestfish\n# Note\n#     \n\n# \n# remove our firstboot flag file if we left by accident\n#\n-mkdir-p /root/bootstrap\n-rm-f /root/bootstrap/.firstboot\n\n#\n# bootstrap script\necho \"create bootstrap script\"\nupload -<<END /root/bootstrap/firstboot.sh\n#!/bin/bash\n\nFIRST_BOOT_CHECK=\"/root/bootstrap/.firstboot\"\nif [ ! -f $FIRST_BOOT_CHECK ]; then\n    echo \"First time boot, .firstboot not found\"\n    if [ -f /root/bootstrap/bootstrap.sh ] ; then\n        # need something to wait for networking and docker to be fully up here\n        sleep 60\n        echo Enabling Docker Service\n        systemctl enable docker\n        echo Starting Docker Service\n        systemctl start docker\n        /root/bootstrap/bootstrap.sh\n    \n        #\n        # load the 3par plugin\n        #\n        if [ -f /root/plugin/load3parplugin.sh ] ; then\n            echo \"Loading the HPE 3par plugin\"\n            /root/plugin/load3parplugin.sh\n        else\n            echo \"HPE 3par plugin not configured\"\n        fi\n\n        #\n        # run additional scripts left under root/bootstrat/<folder>/main.sh\n        #\n        dirs=$(find /root/bootstrap -maxdepth 1 -mindepth 1 -type d | sort)\n        for dir in $dirs\n        do\n        (\n            cd $dir\n            if [ -f main.sh ]\n            then\n                echo about to execute $dir/main.sh\n                ./main.sh\n            fi\n            pwd\n        )\n        done\n\n\t\n      \t# leave nothing behind\n        rm /root/bootstrap/bootstrap.sh\n        rm /root/bootstrap/.bl\n    else\n        echo \"could not find /root/bootstrap/bootstrap.sh\"\n    fi\n    # this is a one time script\n    touch $FIRST_BOOT_CHECK\nelse\n    echo \"firstboot check complete\"\nfi\nEND\nchmod 0754 /root/bootstrap/firstboot.sh\n\n#\n# upload beta license\n#upload -<<END /root/bootstrap/.bl\n#{\"key_id\": \"SiZ1IXITR1Z5akH6YS9Zvsigpj9xd_Tx2GlhgLqbmKRr\", \"private_key\": \"6O495VtcaGZ6-qmiCwtjslN55wxW7akc5C0GQnXIw0cI\", \"authorization\": \"ewogICAicGFdFlYU*****************************WR0ZwYkNJNkltWlJJaXdpZEdsdFpTSTZJakl3TVRZdE1Ea3RNalpVTVRnNk5EUTZNVFZhSW4wIgogICAgICB9CiAgIF0KfQ==\"}\n#END\n\n#\n# setup firstboot service\n#\necho \"setup firstboot service\"\nupload -<<END /etc/systemd/system/firstboot.service\n[Unit]\nDescription=First time boot\n\n[Service]\nType=oneshot\nExecStart=/root/bootstrap/firstboot.sh\n\n[Install]\nWantedBy=multi-user.target\nEND\nchmod 0664 /etc/systemd/system/firstboot.service\n\nln-f /etc/systemd/system/firstboot.service /etc/systemd/system/multi-user.target.wants/firstboot.service"}