{"type":"OEDeploymentPlan","hpProvided":true,"customAttributes":[{"editable":true,"constraints":"{\"regex\":\"\",\"helpText\":\"Aqua Agent repository and tag\"}","visible":false,"description":"","name":"AquaAgent","value":"hub.cloudra.local/cloudra/aqua:2.1.6","id":"73cd6a1d-f5eb-46c0-a7c3-9da0e632c1f6","type":"string"},{"editable":true,"constraints":"{\"maxlen\":\"10\"}","visible":false,"description":"","name":"NewRootPassword","value":"Just4m3hp","id":"13ff118d-d101-4cf5-9bab-1a7aa24b9d84","type":"password"},{"editable":true,"constraints":"{}","visible":false,"description":"","name":"SecondNicTeamName","value":"team1","id":"cf86529e-cfbc-48c1-85b0-76438cdae8d2","type":"string"},{"editable":true,"constraints":"{\"regex\":\"\",\"helpText\":\"Token to use for the \\\"Batch Install\\\"\"}","visible":false,"description":"","name":"AquaToken","value":"SynergyAqua2017","id":"38b8b689-c9cc-457b-bdae-59f041a5247f","type":"string"},{"editable":true,"constraints":"{\"ipv4static\":true,\"ipv4dhcp\":false,\"ipv4disable\":false,\"parameters\":[\"mac\"]}","visible":false,"description":"","name":"Team1NIC2","value":"","id":"76262cdd-9af6-4619-8fe8-94a363105aa4","type":"nic"},{"editable":true,"constraints":"{\"ipv4static\":true,\"ipv4dhcp\":false,\"ipv4disable\":false,\"parameters\":[\"dns1\",\"dns2\",\"domain\",\"gateway\",\"ipaddress\",\"mac\",\"netmask\"]}","visible":true,"description":"","name":"Team0NIC1","value":"","id":"b78dd0b5-e9e6-4c04-883c-48c9045b49ea","type":"nic"},{"editable":true,"constraints":"{\"helpText\":\"IP adress or FQDN of your Aqua Console\"}","visible":false,"description":"","name":"AquaIp","value":"10.60.99.29","id":"ca06c891-f2d1-4857-b507-39f0d1c0961d","type":"fqdn"},{"editable":true,"constraints":"{\"ipv4static\":true,\"ipv4dhcp\":false,\"ipv4disable\":false,\"parameters\":[\"dns1\",\"dns2\",\"domain\",\"gateway\",\"ipaddress\",\"mac\",\"netmask\"]}","visible":false,"description":"","name":"Team1NIC1","value":"","id":"59dd1e34-1375-43a4-8b0c-5841a53b33fe","type":"nic"},{"editable":true,"constraints":"{\"ipv4static\":true,\"ipv4dhcp\":false,\"ipv4disable\":false,\"parameters\":[\"mac\"]}","visible":true,"description":"","name":"Team0NIC2","value":"","id":"02a4478a-21be-443f-8a99-b0cd254cc49f","type":"nic"},{"editable":true,"constraints":"{\"helpText\":\"\"}","visible":false,"description":"","name":"ProxyHost","value":"proxy.cloudra.local","id":"211cf059-35b4-4ae8-9758-ab480373796a","type":"fqdn"},{"editable":true,"constraints":"{\"helpText\":\"IP adress of one of your UCP server\"}","visible":false,"description":"","name":"UcpIp","value":"10.60.99.7","id":"06e41cef-f364-49ae-91d9-1bd512b64b78","type":"fqdn"},{"editable":true,"constraints":"{\"options\":[\"No\",\"Yes\"]}","visible":false,"description":"Wipe out the data drive if it is not empty\nYour data will be lost if you set this value to Yes","name":"DeviceMapperForceDelete","value":"Yes","id":"782c9f67-c0ac-4333-bedb-cd449f448e21","type":"option"},{"editable":true,"constraints":"{}","visible":false,"description":"","name":"FirstNicTeamName","value":"team0","id":"5f3bf26f-ca1d-4cf7-9f09-8e66d682b0d6","type":"string"},{"editable":true,"constraints":"{}","visible":false,"description":"","name":"ProxyPort","value":"8080","id":"5e217747-4920-4ad4-9179-059afe305ddf","type":"number"},{"editable":true,"constraints":"{\"options\":[\"Enabled\",\"Disabled\"]}","visible":false,"description":"","name":"SSH","value":"Enabled","id":"c42f8658-7f47-4817-9a4f-59d904cf136f","type":"option"},{"editable":true,"constraints":"{\"minimum\":\"30\",\"maximum\":\"75\",\"increment\":\"5\",\"unit\":\"percent\"}","visible":false,"description":"","name":"DeviceMapperAllocation","value":"70","id":"a2c616a9-7758-489b-b032-2f4e18cdfaa7","type":"number"},{"editable":true,"constraints":"{\"maxlen\":\"10\"}","visible":false,"description":"","name":"UcpAdminPassword","value":"Just4m3hp","id":"8355035c-8909-4d59-8d63-84aeacba714b","type":"password"},{"editable":true,"constraints":"{}","visible":false,"description":"","name":"ProxyExclusionList","value":".cloudra.local","id":"25c7ff65-2135-4397-adcb-1b46af46be79","type":"string"},{"editable":true,"constraints":"{}","visible":false,"description":"","name":"UcpAdminName","value":"admin","id":"8e99065a-998b-4511-9f01-eeae715798d9","type":"string"},{"editable":true,"constraints":"{\"minimum\":\"1\",\"maximum\":\"1\"}","visible":false,"description":"","name":"TotalNicTeamings","value":"1","id":"98c6a23e-3d63-48da-bcbc-bc37698056fe","type":"number"},{"editable":true,"constraints":"{}","visible":false,"description":"","name":"DeviceMapperDrive","value":"/dev/sda","id":"0d913613-1c14-4f56-85c0-05e96003cd52","type":"string"},{"editable":true,"constraints":"{\"helpText\":\"\"}","visible":true,"description":"","name":"ServerFQDN","value":"workerXXX.cloudra.local","id":"08c26d8e-8f72-4acc-8765-28378b22e1cf","type":"fqdn"},{"editable":true,"constraints":"{\"helpText\":\"\"}","visible":false,"description":"","name":"NtpServer","value":"10.60.1.123","id":"2aa6e20f-3b30-413b-bab0-d4c2bdd1412d","type":"fqdn"}],"importMetadata":false,"eTag":null,"created":null,"modified":null,"oeBuildPlanURI":"RHEL-7.3-Docker-Worker-With-AquaSec-2017-06-16","goldenImageURI":"","description":"Deploy Docker EE Worker node, add it to an existing UCP swarm and register it with the Aqua Console\n\n(c) Copyright 2017 Hewlett Packard Enterprise Development LP\n\nLicensed under the Apache License, Version 2.0 (the \"License\");...","category":null,"uri":null,"status":null,"name":"RHEL-7.3-Docker-Worker-With-AquaSec-2017-06-16","id":"b78fca7b-f888-4a16-86c7-62f89ea06ae7","state":null}