{"type":"PlanScript","uri":null,"category":null,"eTag":null,"created":null,"modified":null,"id":"05cef5e0-0cea-4bc4-ac8b-56032436734a","name":"HPE - Linux - SAP HANA DB - create local input file - 2018-06-01","description":"Creates the input file required for the SAP HANA installation.","status":null,"state":null,"planType":"deploy","content":"# (c) Copyright 2018 Hewlett Packard Enterprise Development LP\n#\n# Licensed under the Apache License, Version 2.0 (the \"License\");\n# you may not use this file except in compliance with the License.\n# You may obtain a copy of the License at http://www.apache.org/licenses/LICENSE-2.0\n#\n# Unless required by applicable law or agreed to in writing, software distributed\n# under the License is distributed on an \"AS IS\" BASIS, WITHOUT WARRANTIES OR\n# CONDITIONS OF ANY KIND, either express or implied. See the License for the\n# specific language governing permissions and limitations under the License.\n\n-mkdir-p @InstallDirectory:/root/hpe_ai@\n\n-upload -<<END @InstallDirectory@/local_input.ini\n#\n# Software Depot parameters\n#\nscrDepotCifsPassword=\"@DepotCifsPassword@\"\nscrDepotCifsUsername=\"@DepotCifsUsername@\"\nscrDepotHost=\"@DepotHost@\"\nscrDepotLocalMountpoint=\"@DepotLocalMountpoint:/swdepot@\"\nscrDepotMountType=\"@DepotMountType:cifs@\"\nscrDepotShareName=\"@DepotShareName@\"\nscrDepotSapDirectory='@DepotSapDirectory@'\n#\n# SAP HANA Database parameters\n#\nscrHostnameFQDN_HDB='@HostName@.@DomainName@'\nscrSID_HDB='@HanaSID@'\nscrInstanceNumber_HDB='@HanaInstanceNumber:00@'\nscrMasterPW_HDB='@HanaMasterPassword@'\nscrAutostartAfterReboot='@HanaStartAfterReboot:yes@'\nscrUpdateSAPHANA='@HanaUpdate:false@'\nEND\n\n-chmod 0600 @InstallDirectory@/local_input.ini","customAttributes":null,"hpProvided":true,"dependentArtifacts":null}