{"type":"PlanScript","uri":null,"category":null,"eTag":null,"created":null,"modified":null,"id":"1ac757ee-479a-4d3a-b28f-c2979fc96902","name":"HPE - Linux - SAP HANA DB - manage security services - 2018-06-01","description":"Enables or disables security services.","status":null,"state":null,"planType":"deploy","content":"# (c) Copyright 2018 Hewlett Packard Enterprise Development LP\n#\n# Licensed under the Apache License, Version 2.0 (the \"License\");\n# you may not use this file except in compliance with the License.\n# You may obtain a copy of the License at http://www.apache.org/licenses/LICENSE-2.0\n#\n# Unless required by applicable law or agreed to in writing, software distributed\n# under the License is distributed on an \"AS IS\" BASIS, WITHOUT WARRANTIES OR\n# CONDITIONS OF ANY KIND, either express or implied. See the License for the\n# specific language governing permissions and limitations under the License.\n\n# Stop and disable firewall service\n-upload -<<END /tmp/ImageStreamer/firewall_service\n#!/bin/bash\n\nos_release=\"./os-release\"\n\ngrep -iq rhel \"${os_release}\" && firewall=\"firewalld\"\ngrep -iq sles \"${os_release}\" && firewall=\"SuSEfirewall2\"\n\necho \"# Stop and disable firewall service\"   >> ./firstboot.local\necho \"systemctl stop ${firewall}.service\"    >> ./firstboot.local\necho \"systemctl disable ${firewall}.service\" >> ./firstboot.local\nEND\n\n-download /tmp/ImageStreamer/firewall_service ./firewall_service\n!source ./firewall_service\n\n# Enable/disable ssh service\n-upload -<<END /tmp/ImageStreamer/ssh_service\n#!/bin/bash\n\nssh=@SSH:Enabled@\nif [ \"${ssh}\" = \"Enabled\" ]; then\n    echo \"# Enable and start the ssh service\" >> ./firstboot.local\n    echo \"systemctl enable sshd.service\"      >> ./firstboot.local\n    echo \"systemctl start sshd.service\"       >> ./firstboot.local\nelse\n    echo \"# Disable and stop the ssh service\" >> ./firstboot.local\n    echo \"systemctl disable sshd.service\"     >> ./firstboot.local\n    echo \"systemctl stop sshd.service\"        >> ./firstboot.local\nfi\nEND\n\n-download /tmp/ImageStreamer/ssh_service ./ssh_service\n!source ./ssh_service\n\n# Change the name of the iSCSI initiator to reflect the name assigned by OneView\nupload -<<END /tmp/set_iscsi_initiator\n#!/bin/bash\n\niname=$( cat /sys/firmware/ibft/initiator/initiator-name )\necho \"InitiatorName=${iname}\" > /etc/iscsi/initiatorname.iscsi\nsystemctl restart iscsi.service\n\nunlink \"${0}\"\nEND\n\n# Add script to firstboot.local to run on startup\n!echo \"# Change the name of the iSCSI initiator\" >> ./firstboot.local\n!echo \"sh /tmp/set_iscsi_initiator\" >> ./firstboot.local","customAttributes":null,"hpProvided":true,"dependentArtifacts":null}