{"type":"PlanScript","uri":null,"category":null,"eTag":null,"created":null,"modified":null,"id":"3813db57-65c8-479f-98ce-a5f162c84ce0","name":"HPE - Linux - SAP HANA DB - configure multiple NICs - 2018-06-01","description":"Configures the network and sets gateway.","status":null,"state":null,"planType":"deploy","content":"# (c) Copyright 2018 Hewlett Packard Enterprise Development LP\n#\n# Licensed under the Apache License, Version 2.0 (the \"License\");\n# you may not use this file except in compliance with the License.\n# You may obtain a copy of the License at http://www.apache.org/licenses/LICENSE-2.0\n#\n# Unless required by applicable law or agreed to in writing, software distributed\n# under the License is distributed on an \"AS IS\" BASIS, WITHOUT WARRANTIES OR\n# CONDITIONS OF ANY KIND, either express or implied. See the License for the\n# specific language governing permissions and limitations under the License.\n\n-upload -<<END /tmp/MgmtNIC-configure\n#!/bin/bash\n\nnet_mac=${1}\nnet_ip=${2}\nnet_mask=${3}\nnet_gw=${4}\nnet_domain=${5}\nnet_dns1=${6}\nnet_dns2=${7}\n\n# Check the matching interface name for ${net_mac}\ninterfaces=$( ls /sys/class/net/ )\nfor iface in ${interfaces}; do\n\tmac=$( cat /sys/class/net/\"${iface}\"/address )\n\tif [ \"${mac,,}\" = \"${net_mac,,}\" ]; then\n\t\tinterface_name=${iface}\n\t\techo \"${interface_name}\" >> /tmp/interface_names\n\tfi\ndone\n\nif ( grep -iq rhel /etc/os-release ); then\n    net_conf=\"/etc/sysconfig/network-scripts/ifcfg-${interface_name}\"\n    dhcp_conf=$( cat <<CONF\n#This file has been created by Image Streamer.\nTYPE=Ethernet\nBOOTPROTO=dhcp\nDEFROUTE=yes\nNAME=${interface_name}\nDEVICE=${interface_name}\nONBOOT=yes\nCONF\n)\n    static_conf=$( cat <<CONF\n#This file has been created by Image Streamer.\nTYPE=Ethernet\nBOOTPROTO=none\nIPADDR=${net_ip}\nNETMASK=${net_mask}\nGATEWAY=${net_gw}\nDEFROUTE=yes\nNAME=${interface_name}\nDEVICE=${interface_name}\nONBOOT=yes\nCONF\n)\nelif ( grep -iq sles /etc/os-release ); then\n    net_conf=\"/etc/sysconfig/network/ifcfg-${interface_name}\"\n    dhcp_conf=$( cat <<CONF\n#This file has been created by Image Streamer.\nBOOTPROTO=dhcp\nDHCLIENT_SET_DEFAULT_ROUTE=yes\nNAME=${interface_name}\nDEVICE=${interface_name}\nSTARTMODE=auto\nCONF\n)\n    static_conf=$( cat <<CONF\n#This file has been created by Image Streamer.\nBOOTPROTO=static\nNAME=${interface_name}\nDEVICE=${interface_name}\nIPADDR=${net_ip}\nNETMASK=${net_mask}\nSTARTMODE=auto\nCONF\n)\nfi\n\nif [ -z \"${net_ip}\" ]; then\n    # Configure dhcp interface\n    echo \"${dhcp_conf}\" > \"${net_conf}\"\nelse\n    # Configure static interface\n    echo \"${static_conf}\" > \"${net_conf}\"\n\n    cat <<CONF > /etc/resolv.conf\n#This file has been modified by Image Streamer\nsearch ${net_domain}\nnameserver ${net_dns1}\nnameserver ${net_dns2}\nCONF\n\n    if ( grep -iq sles /etc/os-release ); then\n        cat <<CONF > /etc/sysconfig/network/ifroute-\"${interface_name}\"\n#This file has been created by Image Streamer.\ndefault ${net_gw} - ${interface_name}\nCONF\n    fi\nfi\nEND\n\n-upload -<<END /tmp/ImageStreamer/network-configuration\n#!/bin/bash\n\necho \"# Configure network interfaces\" >> ./firstboot.local\nif [ \"@ManagementNIC1.mac@\" != \"none\" ]; then\n    if [[ \"@ManagementNIC1.ipaddress@\" =~ [0-9]*\\.[0-9]*\\.[0-9]*\\.[0-9]* ]]; then\n        echo \"sh /tmp/MgmtNIC-configure @ManagementNIC1.mac@ @ManagementNIC1.ipaddress@ @ManagementNIC1.netmask@ @ManagementNIC1.gateway@ @ManagementNIC1.domain@ @ManagementNIC1.dns1@ @ManagementNIC1.dns2@\" >> ./firstboot.local\n    else\n        echo \"sh /tmp/MgmtNIC-configure @ManagementNIC1.mac@\" >> ./firstboot.local\n    fi\nfi\nif [ \"@ManagementNIC2.mac@\" != \"none\" ]; then\n    if [[ \"@ManagementNIC2.ipaddress@\" =~ [0-9]*\\.[0-9]*\\.[0-9]*\\.[0-9]* ]]; then\n        echo \"sh /tmp/MgmtNIC-configure @ManagementNIC2.mac@ @ManagementNIC2.ipaddress@ @ManagementNIC2.netmask@ @ManagementNIC2.gateway@ @ManagementNIC2.domain@ @ManagementNIC2.dns1@ @ManagementNIC2.dns2@\" >> ./firstboot.local\n    else\n        echo \"sh /tmp/MgmtNIC-configure @ManagementNIC2.mac@\" >> ./firstboot.local\n    fi\nfi\n\necho \"systemctl restart network.service\" >> ./firstboot.local\necho \"rm -f /tmp/MgmtNIC-configure\" >> ./firstboot.local\nEND\n\n-download /tmp/ImageStreamer/network-configuration ./network-configuration\n!source ./network-configuration","customAttributes":null,"hpProvided":true,"dependentArtifacts":null}