{"type":"PlanScript","uri":null,"category":null,"eTag":null,"created":null,"modified":null,"id":"56f15725-f174-4574-82d1-1f3ed22a5f91","name":"HPE - SLES12 - SAP HANA DB - generalize network - 2018-06-01","description":"Remove network settings.","status":null,"state":null,"planType":"capture","content":"# (c) Copyright 2018 Hewlett Packard Enterprise Development LP\n#\n# Licensed under the Apache License, Version 2.0 (the \"License\");\n# you may not use this file except in compliance with the License.\n# You may obtain a copy of the License at http://www.apache.org/licenses/LICENSE-2.0\n#\n# Unless required by applicable law or agreed to in writing, software distributed\n# under the License is distributed on an \"AS IS\" BASIS, WITHOUT WARRANTIES OR\n# CONDITIONS OF ANY KIND, either express or implied. See the License for the\n# specific language governing permissions and limitations under the License.\n\n# Generalize the network\n!mkdir new_network\n\n# Copy \"/etc/sysconfig/network/\" directory\n-copy-out /etc/sysconfig/network/ new_network/\n\n-upload -<<END /tmp/ImageStreamer/generalize_network \n#!/bin/bash\n\nnet_cfg_files=$( ls new_network/network/ | grep \"ifcfg-\" )\n\nfor net_cfg_file in ${net_cfg_files}; do\n\tif [ \"${net_cfg_file}\" != \"ifcfg-lo\" ]; then\n\t\trm -f new_network/network/${net_cfg_file}\n\t\techo \"Network interface cfg file ${net_cfg_file} successfully removed!!!\" \n\tfi\ndone\n\nrm -f new_network/network/ifroute-*\nrm -f new_network/network/routes\nEND\n\n-download /tmp/ImageStreamer/generalize_network ./generalize_network\n!source ./generalize_network\n\n# Replace the network directory with updated one\n-rm-rf /etc/sysconfig/network\n-copy-in new_network/network/ /etc/sysconfig/\n\n# Clear the resolve.conf file\n-upload -<<END /etc/resolv.conf\nEND\n\n# Remove host keys\n-glob rm-rf /etc/ssh/ssh_host_*","customAttributes":null,"hpProvided":true,"dependentArtifacts":null}