{"type":"PlanScript","uri":null,"category":null,"eTag":null,"created":null,"modified":null,"id":"596f2eac-0c66-453b-9543-b67510522f6e","name":"HPE - Linux - SAP HANA DB - configure hostname - 2018-06-01","description":"Updates the hostname.","status":null,"state":null,"planType":"deploy","content":"# (c) Copyright 2018 Hewlett Packard Enterprise Development LP\n#\n# Licensed under the Apache License, Version 2.0 (the \"License\");\n# you may not use this file except in compliance with the License.\n# You may obtain a copy of the License at http://www.apache.org/licenses/LICENSE-2.0\n#\n# Unless required by applicable law or agreed to in writing, software distributed\n# under the License is distributed on an \"AS IS\" BASIS, WITHOUT WARRANTIES OR\n# CONDITIONS OF ANY KIND, either express or implied. See the License for the\n# specific language governing permissions and limitations under the License.\n\n# Update hostname\n-upload -<<END /etc/hostname\n@HostName@\nEND\n\n# Update /etc/hosts file\n-upload -<<END /tmp/update_hosts\n#!/bin/bash\n\nifaces=$( cat /tmp/interface_names )\nrm -f /tmp/interface_names\n\nread -r -a array <<<\"${ifaces}\"\niface=${array[0]}\n\nip_address=$( ip -4 addr show \"${iface}\" | grep -Po 'inet \\K[\\d.]+' )\nfqdn=@HostName@.@DomainName@\nalias=$( echo \"${fqdn}\" | gawk -F'[.]' '{print $1}' )\n\nsed -i \"/127.0.0.1/a\\\\${ip_address}\\t${fqdn} ${alias}\" /etc/hosts\nsed -i \"/127.0.0.1/a\\\\#This file has been modified by Image Streamer\" /etc/hosts\nunlink \"${0}\"\nEND\n\n# Add script to firstboot.local to run on startup\n!echo \"# Update /etc/hosts file\" >> ./firstboot.local\n!echo \"sh /tmp/update_hosts\" >> ./firstboot.local","customAttributes":null,"hpProvided":true,"dependentArtifacts":null}