{"type":"OEDeploymentPlan","hpProvided":true,"uri":null,"category":null,"eTag":null,"created":null,"modified":null,"id":"8cf69d9f-f2de-48f5-9042-e79fc6187585","name":"HPE - SLES12 - SAP HANA DB - deploy - 2019-02-04","description":"Deploy SAP HANA into a SLES12 golden image.\n\n(c) Copyright 2019 Hewlett Packard Enterprise Development LP. Licensed under the Apache License, Version 2.0  (the \"License\");...","status":null,"state":null,"goldenImageURI":null,"oeBuildPlanURI":"HPE - SLES12 - SAP HANA DB - deploy - 2019-02-04","importMetadata":false,"customAttributes":[{"name":"DepotShareName","visible":false,"value":"SWDEPOT","description":"Name of the software share.","type":"string","constraints":"{\"regex\":\"\",\"helpText\":\"\"}","editable":true,"id":"6604be40-b163-482c-8b18-73734f383050"},{"name":"HostName","visible":true,"value":"","description":"The hostname of the system.","type":"hostname","constraints":"{\"helpText\":\"\"}","editable":true,"id":"57715112-0109-4e5f-873f-9474415f1633"},{"name":"InstallDirectory","visible":false,"value":"/root/hpe_ai","description":"Local installation directory for the SAP HANA database. The installation script, local input file and all installation logfiles will be stored here.","type":"string","constraints":"{\"regex\":\"\",\"helpText\":\"\"}","editable":true,"id":"4d908257-325c-4c53-a11d-86cb8e5773b5"},{"name":"DomainName","visible":true,"value":"","description":"Domain name of the host.","type":"string","constraints":"{\"regex\":\"\",\"helpText\":\"\"}","editable":true,"id":"0f5bc630-c21c-4250-a72b-26dda2bc3ab4"},{"name":"HanaStartAfterReboot","visible":true,"value":"Yes","description":"Sets the autostart option for HANA after a system reboot. Possible values are Yes and No.","type":"option","constraints":"{\"options\":[\"Yes\",\"No\"]}","editable":true,"id":"b8df5596-74e6-4a64-9aa7-fecd9225e71a"},{"name":"DepotHost","visible":false,"value":"172.16.12.22","description":"IP-Address of the software share.","type":"ipv4","constraints":"{\"helpText\":\"\"}","editable":true,"id":"d23a3f5e-031c-4ec9-8aa5-6149897df31b"},{"name":"Storage","visible":true,"value":"HPE 3PAR StoreServ","description":"Which storage to use.","type":"option","constraints":"{\"options\":[\"HPE 3PAR StoreServ\",\"HPE Synergy D3940\"]}","editable":true,"id":"6f5425c9-7317-4d01-980f-5ed512675d83"},{"name":"HanaInstanceNumber","visible":true,"value":"00","description":"The two-digit SAP HANA Database Instance Number. Rules for SAP Instance Number apply.","type":"string","constraints":"{\"regex\":\"^(?!(98|99))[0-9]{2}$\",\"helpText\":\"\"}","editable":true,"id":"6a9a92ec-1a60-4cfd-90df-87a16923fe82"},{"name":"ManagementNIC1","visible":true,"value":"","description":"","type":"nic","constraints":"{\"ipv4static\":true,\"ipv4dhcp\":true,\"ipv4disable\":false,\"parameters\":[\"dns1\",\"dns2\",\"domain\",\"gateway\",\"ipaddress\",\"mac\",\"netmask\"]}","editable":true,"id":"2f8a0d5b-a3e4-4056-aa4e-19d23952210b"},{"name":"LvmVolumeSizeSap","visible":false,"value":"5","description":"Size of the LVM partition required for /usr/sap in GiB.","type":"number","constraints":"{\"unit\":\"GiB\"}","editable":true,"id":"4406fe07-36fa-472e-8fa8-2a671ff1a959"},{"name":"DepotCifsUsername","visible":false,"value":"Administrator","description":"Username for the CIFS software share. For NFS, either delete this attribute in plan script \"HPE - SLES12 – SAP HANA DB - create local input\" file or enter a dummy value.","type":"string","constraints":"{\"regex\":\"\",\"helpText\":\"\"}","editable":true,"id":"559d7f7c-04a9-4829-9011-4d9418fb44b2"},{"name":"LvmVolumeGroupName","visible":false,"value":"sapdata","description":"Name of the LVM volume group for the SAP HANA database installation.","type":"string","constraints":"{\"regex\":\"\",\"helpText\":\"\"}","editable":true,"id":"c7733c4b-ad4f-4fe4-bc52-a2313e3f54c4"},{"name":"HanaSID","visible":true,"value":"","description":"The SAP System Identification of the SAP HANA database host. Rules for SAP System ID definition apply.","type":"string","constraints":"{\"regex\":\"^(?!(ADD|ALL|AMD|AND|ANY|ARE|ASC|AUX|AVG|BIT|CDC|COM|CON|DBA|END|EPS|FOR|GET|GID|IBM|INT|KEY|LOG|LPT|MAP|MAX|MIN|MON|NIX|NOT|NUL|OFF|OLD|OMS|OUT|PAD|PRN|RAW|REF|ROW|SAP|SET|SGA|SHG|SID|SQL|SUM|SYS|TMP|TOP|UID))([A-Z][A-Z0-9]{2})$\",\"helpText\":\"\"}","editable":true,"id":"aad5d1af-cd8a-4af2-bd1b-fabc1e9b8471"},{"name":"DepotCifsPassword","visible":false,"value":"password","description":"Password for the CIFS software share. For NFS, either delete this attribute in plan script \"HPE - SLES12 – SAP HANA DB - create local input file\" or enter a dummy value.","type":"password","constraints":"{\"maxlen\":\"64\"}","editable":true,"id":"27a650b7-0d14-4c86-9ff5-de7bac639fba"},{"name":"DepotMountType","visible":false,"value":"cifs","description":"Network protocol for the software share. Either CIFS or NFS is supported.","type":"option","constraints":"{\"options\":[\"cifs\",\"nfs\"]}","editable":true,"id":"6c0a507f-acb2-4125-9370-6b250d277d2f"},{"name":"LvmVolumeSizeHana","visible":false,"value":"100","description":"Size of the LVM partition required for /hana in GiB.","type":"number","constraints":"{\"unit\":\"GiB\"}","editable":true,"id":"814a7661-d30c-4aaf-995a-168ff93209ac"},{"name":"DepotLocalMountpoint","visible":false,"value":"/swdepot","description":"Local mountpoint on the deployed host for the \nsoftware share. The directory will be created during deployment.","type":"string","constraints":"{\"regex\":\"\",\"helpText\":\"\"}","editable":true,"id":"3d069ef4-165d-4cb1-8f00-df787661fb50"},{"name":"HanaMasterPassword","visible":true,"value":"","description":"The master password of the SAP HANA database that will be used for all SAP HANA users.","type":"password","constraints":"{\"minlen\":\"6\",\"maxlen\":\"64\"}","editable":true,"id":"63b0da30-7876-46c0-ad1d-ab36f550edd3"},{"name":"ManagementNIC2","visible":true,"value":"","description":"","type":"nic","constraints":"{\"ipv4static\":true,\"ipv4dhcp\":true,\"ipv4disable\":true,\"parameters\":[\"dns1\",\"dns2\",\"domain\",\"gateway\",\"ipaddress\",\"mac\",\"netmask\"]}","editable":true,"id":"c3ec50d9-70b5-4566-8272-4b08b99607ee"},{"name":"HanaUpdate","visible":false,"value":"False","description":"Defines if the SAP HANA database shall be updated. Possible values are true and false.","type":"option","constraints":"{\"options\":[\"False\",\"True\"]}","editable":true,"id":"0be51199-561d-4c58-a3ae-54ba62509597"},{"name":"LvmVolumeNameSap","visible":false,"value":"sap","description":"Name of the LVM partition used for /usr/sap directory.","type":"string","constraints":"{\"regex\":\"\",\"helpText\":\"\"}","editable":true,"id":"85b9e76a-1775-49f7-a5d2-f838cc6126fc"},{"name":"LvmVolumeNameSwap","visible":false,"value":"swap","description":"Name of the LVM partition used for swap space.","type":"string","constraints":"{\"regex\":\"\",\"helpText\":\"\",\"options\":[\"swap\"]}","editable":true,"id":"48d8bdf2-8569-48e6-8b7f-d111ee169db9"},{"name":"NewRootPassword","visible":true,"value":"","description":"New password for the root user.","type":"password","constraints":"{\"minlen\":\"8\",\"maxlen\":\"64\",\"options\":[\"\"]}","editable":true,"id":"1ab449b4-825d-4e3f-b7f9-03e8ac96a0af"},{"name":"DepotSapDirectory","visible":false,"value":"SAP_HANA_PLATFORM_20_SPS03","description":"Directory on the software share that contains the SAP HANA installation media.","type":"string","constraints":"{\"regex\":\"\",\"helpText\":\"\"}","editable":true,"id":"52acec20-b5ef-4171-af0f-36313ab52c5d"},{"name":"SSH","visible":false,"value":"Enabled","description":"Defines if SSH shall be enabled on the deployed OS. Possible values are Enabled or Disabled.","type":"option","constraints":"{\"options\":[\"Enabled\",\"Disabled\"]}","editable":true,"id":"33b0d20f-1db4-4695-9866-74b2f62e55da"},{"name":"LvmVolumeSizeSwap","visible":false,"value":"20","description":"Size of the LVM partition required for swap space in GiB.","type":"number","constraints":"{\"unit\":\"GiB\"}","editable":true,"id":"1d146eb1-3e94-43c9-9e0e-a5a688bc24c7"},{"name":"LvmVolumeNameHana","visible":false,"value":"hana","description":"Name of the LVM partition used for /hana directory.","type":"string","constraints":"{\"regex\":\"\",\"helpText\":\"\"}","editable":true,"id":"4ceca381-865b-411c-a5a4-6fbe592eb5ad"}]}