{"type":"OeBuildPlan","uri":null,"category":null,"eTag":null,"created":null,"modified":null,"buildPlanid":"8d2b0e1c-1cd1-437d-97b4-dbc8aaf0db2f","name":"HPE - SLES12 - SAP HANA DB - generalize - 2018-06-01","description":"Removes personalization settings from SLES12.\n\n(c) Copyright 2018 Hewlett Packard Enterprise Development LP. Licensed under the Apache License, Version 2.0  (the \"License\");...","status":null,"hpProvided":true,"oeBuildPlanType":"capture","buildStep":[{"planScriptUri":"/rest/plan-scripts/51c659e8-5ff4-4503-9a18-1fae52f68a9e","serialNumber":"1","parameters":null,"planScriptName":"HPE - SLES12 - SAP HANA DB - mount generalize - 2018-06-01"},{"planScriptUri":"/rest/plan-scripts/142caa5b-67d7-405f-a9ed-83c9b8d29c83","serialNumber":"2","parameters":null,"planScriptName":"HPE - Linux - SAP HANA DB - generalize host - 2018-06-01"},{"planScriptUri":"/rest/plan-scripts/56f15725-f174-4574-82d1-1f3ed22a5f91","serialNumber":"3","parameters":null,"planScriptName":"HPE - SLES12 - SAP HANA DB - generalize network - 2018-06-01"},{"planScriptUri":"/rest/plan-scripts/016aefff-3790-4604-b1db-e9eef28b28c8","serialNumber":"4","parameters":null,"planScriptName":"HPE - Linux - SAP HANA DB - unmount generalize - 2018-06-01"}],"customAttributes":[],"dependentArtifacts":null}