{"type":"OEDeploymentPlan","hpProvided":true,"customAttributes":[{"constraints":"{\"regex\":\"\",\"helpText\":\"name of the admin account of your UCP cluster\"}","visible":false,"editable":true,"description":"name of the admin account of your UCP cluster","name":"UcpAdminName","value":"admin","id":"4ac450a6-64d9-4633-ba1c-4448240ed680","type":"string"},{"constraints":"{\"maxlen\":\"10\"}","visible":false,"editable":true,"description":"password of UCP cluster admin account","name":"UcpAdminPassword","value":"p@ssw0rd","id":"6cfffb38-f4fe-418e-8d1b-cfaeb886c3ee","type":"password"},{"constraints":"{}","visible":false,"editable":true,"description":"","name":"SecondNicTeamName","value":"team1","id":"e4b094c3-7742-41b1-95a4-e6d5e76b4f13","type":"string"},{"constraints":"{\"ipv4static\":true,\"ipv4dhcp\":false,\"ipv4disable\":false,\"parameters\":[\"mac\"]}","visible":false,"editable":true,"description":"","name":"Team1NIC2","value":"","id":"efc10fd1-14cc-40eb-bc4d-dad53265dbdd","type":"nic"},{"constraints":"{\"maxlen\":\"10\"}","visible":false,"editable":true,"description":"","name":"NewRootPassword","value":"p@ssw0rd","id":"f6f81106-114f-45ac-b367-81bd595ec5e9","type":"password"},{"constraints":"{\"ipv4static\":true,\"ipv4dhcp\":false,\"ipv4disable\":false,\"parameters\":[\"dns1\",\"dns2\",\"domain\",\"gateway\",\"ipaddress\",\"mac\",\"netmask\"]}","visible":true,"editable":true,"description":"","name":"Team0NIC1","value":"","id":"48e56942-e92e-4845-a6ef-5020c52199b5","type":"nic"},{"constraints":"{\"ipv4static\":true,\"ipv4dhcp\":false,\"ipv4disable\":false,\"parameters\":[\"dns1\",\"dns2\",\"domain\",\"gateway\",\"ipaddress\",\"mac\",\"netmask\"]}","visible":false,"editable":true,"description":"","name":"Team1NIC1","value":"","id":"ecc55c90-d192-4377-b401-94a5dffeac11","type":"nic"},{"constraints":"{\"options\":[\"No\",\"Yes\"]}","visible":false,"editable":true,"description":"Set to Yes if the data drives contains data","name":"DeviceMapperForceDelete","value":"Yes","id":"9c1d3c7d-850a-436a-bf35-df016f43a55e","type":"option"},{"constraints":"{\"ipv4static\":true,\"ipv4dhcp\":false,\"ipv4disable\":false,\"parameters\":[\"mac\"]}","visible":true,"editable":true,"description":"","name":"Team0NIC2","value":"","id":"855c23ef-d4a9-4b03-93a4-916be8f53899","type":"nic"},{"constraints":"{}","visible":false,"editable":true,"description":"","name":"TotalNicTeamings","value":"1","id":"faad4e87-600e-4dd5-ab2b-872e3cd87d43","type":"string"},{"constraints":"{}","visible":false,"editable":true,"description":"","name":"DomainName","value":"cloud.local","id":"917f2f2c-4b84-4c7a-b0f3-38c712910685","type":"string"},{"constraints":"{}","visible":false,"editable":true,"description":"","name":"SSH","value":"Enabled","id":"51d14917-50a6-4f23-8f7a-d82c74847f3e","type":"string"},{"constraints":"{}","visible":false,"editable":true,"description":"","name":"NtpServer","value":"10.60.1.123","id":"aad324b1-4754-4ca1-85de-e64d205ca0be","type":"string"},{"constraints":"{\"minimum\":\"50\",\"maximum\":\"70\",\"increment\":\"1\",\"unit\":\"%\"}","visible":false,"editable":true,"description":"percentage of storage allocated to docker images","name":"DeviceMapperAllocation","value":"70","id":"985b640e-3745-4cbf-8e9b-91cbb2bb2908","type":"number"},{"constraints":"{}","visible":false,"editable":true,"description":"","name":"FirstNicTeamName","value":"team0","id":"cf6b312d-0719-4377-a630-62ba307cea9e","type":"string"},{"constraints":"{}","visible":false,"editable":true,"description":"","name":"DeviceMapperDrive","value":"/dev/sda","id":"2913a43d-0d77-40c4-a6cf-a44c65a6a1d6","type":"string"},{"constraints":"{\"regex\":\"\",\"helpText\":\"IP address of one of your UCP manager node\"}","visible":false,"editable":true,"description":"IP address of one of your UCP manager node","name":"UcpIp","value":"10.10.10.10","id":"5e9e22e9-db84-45e1-b162-8233c66d2dfe","type":"string"}],"importMetadata":false,"category":null,"eTag":null,"created":null,"modified":null,"goldenImageURI":"","oeBuildPlanURI":"RHEL-7.3-Docker-Worker-2017-11-28","description":"Deploys a Docker worker node in an existing UCP swarm\n\n(c) Copyright 2017 Hewlett Packard Enterprise Development LP\n\nLicensed under the Apache License, Version 2.0 (the \"License\");...","status":null,"uri":null,"name":"HPE-RHEL-7.3-Docker-Worker-2017-11-28","id":"b74489f0-4196-427a-8c29-ad181b83f9be","state":null}