{"type":"PlanScript","dependentArtifacts":null,"hpProvided":true,"category":null,"eTag":null,"created":null,"modified":null,"customAttributes":null,"planType":"deploy","description":"130-RHEL-7.3-Docker-preconfig","status":null,"uri":null,"name":"130-RHEL-7.3-Docker-preconfig","id":"bdb6ca0e-e38e-4904-8f6e-4c2bc6fd074a","state":null,"content":"# (c) Copyright 2017 Hewlett Packard Enterprise Development LP\n#\n# Licensed under the Apache License, Version 2.0 (the \"License\");\n# you may not use this file except in compliance with the License.\n# You may obtain a copy of the License at http://www.apache.org/licenses/LICENSE-2.0\n#\n# Unless required by applicable law or agreed to in writing, software distributed\n# under the License is distributed on an \"AS IS\" BASIS, WITHOUT WARRANTIES OR\n# CONDITIONS OF ANY KIND, either express or implied. See the License for the\n# specific language governing permissions and limitations under the License.\n\necho \"-------- configure net.bridge and iptables rules ----------\"\nupload -<<END /usr/lib/sysctl.d/00-system.conf\n# Kernel sysctl configuration file\n#\n# For binary values, 0 is disabled, 1 is enabled.  See sysctl(8) and\n# sysctl.conf(5) for more details.\n# Disable netfilter on bridges.\nnet.bridge.bridge-nf-call-ip6tables = 1\nnet.bridge.bridge-nf-call-iptables = 1\nnet.bridge.bridge-nf-call-arptables = 0\n# enable IP forwarding for Docker\nnet.ipv4.ip_forward = 1\nEND"}