{"type":"PlanScript","dependentArtifacts":null,"hpProvided":true,"category":null,"eTag":null,"created":null,"modified":null,"customAttributes":null,"planType":"deploy","description":"140-Docker-UCP-worker-configure","status":null,"uri":null,"name":"140-Docker-UCP-worker-configure","id":"cc31835c-169b-4f87-8eec-1d595c1407d9","state":null,"content":"# (c) Copyright 2017 Hewlett Packard Enterprise Development LP\n#\n# Licensed under the Apache License, Version 2.0 (the \"License\");\n# you may not use this file except in compliance with the License.\n# You may obtain a copy of the License at http://www.apache.org/licenses/LICENSE-2.0\n#\n# Unless required by applicable law or agreed to in writing, software distributed\n# under the License is distributed on an \"AS IS\" BASIS, WITHOUT WARRANTIES OR\n# CONDITIONS OF ANY KIND, either express or implied. See the License for the\n# specific language governing permissions and limitations under the License.\n\n#\n# Docker-UCP-worker-configure\n#\n#  Create the bootstrap script for a worker node\n#  this script will be called by onetime systemctl service at firstboot\n#\n\n# upload configuration script\necho \"create configuration script bootstrap.sh\"\n-mkdir-p  /root/bootstrap\nupload -<<END /root/bootstrap/bootstrap.sh\n#!/bin/bash\n\n#\n#  this is a boot strap script for RHEL systems running under\n#  Synergy Image Streamer devices.\n#\n\nset -e\n\n# trap all errors and give us a stack dump of the calls\ntrap 'r=$?; echo -e \"$r : ${ERROR_COLOR}aborting script${DFL_COLOR}\"; fl=${#FUNCNAME[]}; for (( i=0; i<$fl+1; i++));do echo -e \"${WARN_COLOR}DUMP STACK IN${DFL_COLOR} ${FUNCNAME[$i]}:script( ${BASH_SOURCE[$i]} ) : line ( ${BASH_LINENO[$i]} ) -> $LINENO \"; done; exit $r; ' ERR\n\n#\n# setup logging\nBOOT_SCRIPTS_DIR=${BOOT_SCRIPTS_DIR:-/root/bootstrap}\nif [ ! -f \"$BOOT_SCRIPTS_DIR/logging.sh\" ]; then\n  echo \"Unable to find logging.sh in -> $BOOT_SCRIPTS_DIR\"\n  echo \"likely you do not have BOOT_SCRIPTS_DIR configured correctly.  Please set it correctly and try again.\"\n  echo \"If you are testing try setting DO_TEST=true or run make test.\"\n  exit 1\nelse\n  if [ -f $BOOT_SCRIPTS_DIR/bootstrap.log ]; then\n    rm $BOOT_SCRIPTS_DIR/bootstrap.log\n  fi\n  . \"$BOOT_SCRIPTS_DIR/logging.sh\"\nfi\n\nSCRIPTENTRY\n\nUCPIP=@UcpIp@\nUCPUSER=@UcpAdminName:admin@\nUCPPASSWORD=@UcpAdminPassword@\n\nfunction join_swarm {\n    local _type=\"$1\"\n    INFO \"----- Log in to ucp -----\"\n    local _body=\"{\\\"username\\\":\\\"$UCPUSER\\\",\\\"password\\\":\\\"$UCPPASSWORD\\\"}\"\n    local _safe_body=\"{\\\"username\\\":\\\"$UCPUSER\\\",\\\"password\\\":\\\"somepassword\\\"}\"\n    local _counter=0\n    local _done=0\n    # each try may take 5 to 10 seconds due to both sleep and curl -m 5 parameter\n    # 500 tries is roughly a 40 - 80 minute timeout\n    local _max=500\n    while [ $_done -ne 1 ]; do\n        DEBUG \"try $_counter: curl --noproxy \\\"*\\\" -m 5 -sk -d \\\"$_safe_body\\\" https://$UCPIP/auth/login | jq -r .auth_token\"\n        local _authtoken=$(curl --noproxy \"*\" -m 5 -sk -d \"$_body\" https://$UCPIP/auth/login | jq -r .auth_token)\n        if [ \"$_authtoken\" != \"\" ]; then\n            _done=1\n        else\n            sleep 5\n        fi\n        if [ $_counter -eq $_max ]; then\n            ERROR \"unable to login to UCP after $_max tries\"\n            SCRIPTEXIT\n            exit 1\n        fi\n        let _counter=_counter+1\n    done\n    INFO \"----- Logged in to ucp -----\"\n    DEBUG \"got token: $_authtoken\"\n    INFO \"----- Joining swarm as $_type -----\"\n    DEBUG \"calling: curl --noproxy \\\"*\\\" -sk -H \\\"Authorization: Bearer $_authtoken\\\"  https://$UCPIP/swarm | jq -r .JoinTokens.$_type\"\n    local _swarm_token=$(curl --noproxy \"*\" -sk -H \"Authorization: Bearer $_authtoken\"  https://$UCPIP/swarm | jq -r .JoinTokens.$_type)\n    docker swarm join --token $_swarm_token $UCPIP:2377\n}\n\njoin_swarm Worker\n\nSCRIPTEXIT\nEND\n\nchmod 750 /root/bootstrap/bootstrap.sh"}