{"type":"OeBuildPlan","dependentArtifacts":null,"customAttributes":[{"constraints":"{}","description":"","name":"SSH","value":"Enabled","type":"string"},{"constraints":"{}","description":"","name":"FirstNicTeamName","value":"team0","type":"string"},{"constraints":"{}","description":"","name":"DeviceMapperDrive","value":"/dev/sda","type":"string"},{"constraints":"{\"minimum\":\"50\",\"maximum\":\"70\",\"increment\":\"1\",\"unit\":\"%\"}","description":"percentage of storage allocated to docker images","name":"DeviceMapperAllocation","value":"70","type":"number"},{"constraints":"{}","description":"","name":"NtpServer","value":"10.60.1.123","type":"string"},{"constraints":"{\"regex\":\"\",\"helpText\":\"name of the admin account of your UCP cluster\"}","description":"name of the admin account of your UCP cluster","name":"UcpAdminName","value":"admin","type":"string"},{"constraints":"{\"ipv4static\":true,\"ipv4dhcp\":false,\"ipv4disable\":false,\"parameters\":[\"mac\"]}","description":"","name":"Team1NIC2","value":"","type":"nic"},{"constraints":"{\"maxlen\":\"10\"}","description":"password of UCP cluster admin account","name":"UcpAdminPassword","value":"","type":"password"},{"constraints":"{}","description":"","name":"TotalNicTeamings","value":"1","type":"string"},{"constraints":"{\"ipv4static\":true,\"ipv4dhcp\":false,\"ipv4disable\":false,\"parameters\":[\"dns1\",\"dns2\",\"domain\",\"gateway\",\"ipaddress\",\"mac\",\"netmask\"]}","description":"","name":"Team1NIC1","value":"","type":"nic"},{"constraints":"{\"ipv4static\":true,\"ipv4dhcp\":false,\"ipv4disable\":false,\"parameters\":[\"mac\"]}","description":"","name":"Team0NIC2","value":"","type":"nic"},{"constraints":"{}","description":"","name":"SecondNicTeamName","value":"team1","type":"string"},{"constraints":"{\"ipv4static\":true,\"ipv4dhcp\":false,\"ipv4disable\":false,\"parameters\":[\"dns1\",\"dns2\",\"domain\",\"gateway\",\"ipaddress\",\"mac\",\"netmask\"]}","description":"","name":"Team0NIC1","value":"","type":"nic"},{"constraints":"{\"options\":[\"No\",\"Yes\"]}","description":"Set to Yes if the data drives contains data","name":"DeviceMapperForceDelete","value":"No","type":"option"},{"constraints":"{}","description":"","name":"DomainName","value":"","type":"string"},{"constraints":"{\"maxlen\":\"10\"}","description":"","name":"NewRootPassword","value":"","type":"password"},{"constraints":"{\"regex\":\"\",\"helpText\":\"IP address of one of your UCP manager node\"}","description":"IP address of one of your UCP manager node","name":"UcpIp","value":"","type":"string"}],"buildStep":[{"planScriptUri":"/rest/plan-scripts/d7a4a7a9-18de-40d9-ab80-d8d4aeab3e11","planScriptName":"000-RHEL-7.3-mount-and-validate","serialNumber":"1","parameters":null},{"planScriptUri":"/rest/plan-scripts/f22bd893-b1f8-4f9a-afff-fd39422f014f","planScriptName":"010-RHEL-7.3-set-iscsi-initiator-name","serialNumber":"2","parameters":null},{"planScriptUri":"/rest/plan-scripts/51b0b6c4-3d7b-4b36-b74d-7aa3fe4125c4","planScriptName":"020-RHEL-7.3-change-root-password","serialNumber":"3","parameters":null},{"planScriptUri":"/rest/plan-scripts/dc363596-a045-49ea-8174-73fb007ae210","planScriptName":"030-RHEL-7.3-configure-multiple-NIC-teaming-2017-06-02","serialNumber":"4","parameters":null},{"planScriptUri":"/rest/plan-scripts/6aeac463-3d2c-45ec-a2e3-b387fa5eaa0d","planScriptName":"040-RHEL-7.3-Docker-configure-ntp","serialNumber":"5","parameters":null},{"planScriptUri":"/rest/plan-scripts/609f07cb-f929-4488-978b-2b959a9ed75a","planScriptName":"050-RHEL-7.3-configure-hostname-2017-08-21","serialNumber":"6","parameters":null},{"planScriptUri":"/rest/plan-scripts/97d86283-f330-4f18-88ee-a6f0d9759221","planScriptName":"060-RHEL-7.3-manage-security-services","serialNumber":"7","parameters":null},{"planScriptUri":"/rest/plan-scripts/22f9fa37-54f8-42e5-8554-995d7bad8ae3","planScriptName":"080-RHEL-7.3-erase-drive","serialNumber":"8","parameters":null},{"planScriptUri":"/rest/plan-scripts/c2b79396-324b-4830-b2fa-94aa374338ba","planScriptName":"090-RHEL-7.3-Docker-configure-devicemapper","serialNumber":"9","parameters":null},{"planScriptUri":"/rest/plan-scripts/52c03f5a-234b-4e93-8b42-a9234a72ee5e","planScriptName":"100-RHEL-7.3-Docker-Bootstrap","serialNumber":"10","parameters":null},{"planScriptUri":"/rest/plan-scripts/48365022-a0c4-4dd6-b1c4-d2a371ebdfc5","planScriptName":"110-Docker-remove-key.json","serialNumber":"11","parameters":null},{"planScriptUri":"/rest/plan-scripts/0f927c18-3280-494a-a406-5cbf42851856","planScriptName":"120-upload-bash-helpers","serialNumber":"12","parameters":null},{"planScriptUri":"/rest/plan-scripts/bdb6ca0e-e38e-4904-8f6e-4c2bc6fd074a","planScriptName":"130-RHEL-7.3-Docker-preconfig","serialNumber":"13","parameters":null},{"planScriptUri":"/rest/plan-scripts/cc31835c-169b-4f87-8eec-1d595c1407d9","planScriptName":"140-Docker-UCP-worker-configure","serialNumber":"14","parameters":null},{"planScriptUri":"/rest/plan-scripts/78b71af8-71ea-4582-aa0f-872777baeaf2","planScriptName":"999-RHEL-7.3-unmount","serialNumber":"15","parameters":null}],"category":null,"eTag":null,"created":null,"modified":null,"hpProvided":true,"buildPlanid":"ee2676fc-131d-41f6-94e7-e5ae69e24409","oeBuildPlanType":"deploy","description":"Deploys a Docker worker node in an existing UCP swam\n(c) Copyright 2017 Hewlett Packard Enterprise Development LP\n\nLicensed under the Apache License, Version 2.0 (the \"License\");...","status":null,"uri":null,"name":"RHEL-7.3-Docker-Worker-2017-11-28"}