{"type":"PlanScript","dependentArtifacts":null,"hpProvided":true,"eTag":null,"created":null,"modified":null,"customAttributes":null,"planType":"deploy","description":"070-Docker-configure-proxy","category":null,"status":null,"uri":null,"name":"070-Docker-configure-proxy","id":"18f1e1cc-c20a-4f22-aa31-f822d07860d0","state":null,"content":"# (c) Copyright 2017 Hewlett Packard Enterprise Development LP\n#\n# Licensed under the Apache License, Version 2.0 (the \"License\");\n# you may not use this file except in compliance with the License.\n# You may obtain a copy of the License at http://www.apache.org/licenses/LICENSE-2.0\n#\n# Unless required by applicable law or agreed to in writing, software distributed\n# under the License is distributed on an \"AS IS\" BASIS, WITHOUT WARRANTIES OR\n# CONDITIONS OF ANY KIND, either express or implied. See the License for the\n# specific language governing permissions and limitations under the License.\n\n#\n# name:\n#     Docker-configure-proxy\n# purpose:\n#      configure docker to use a proxy\n#      assume same proxy for http and https\n# context:\n#     guestfish\n# Note\n#     sourcing a script is required to overcome the limitation where only one custom attribute per line is working\n\n-mkdir-p /tmp/ImageStreamer\n-mkdir-p /root/bootstrap\n\nupload -<<END /tmp/make-proxy\n#! /bin/bash\nproxy_host=@ProxyHost:proxy.cloudra.local@\nproxy_port=@ProxyPort:8080@\nno_proxy=@ProxyExclusionList:.cloudra.local@\n# use this if you want to hard code a scope of IP addresses in no_proxy\n#scope=`echo ,10.10.172.{121..150} | sed 's/ /,/g'`\nscope=\n\n#\n# Generate Drop-In file for Docker\n#\n\ncat <<EOF >./http-proxy.conf\n[Service]\nEnvironment=\"HTTPS_PROXY=http://${proxy_host}:${proxy_port}/\" \"HTTP_PROXY=http://${proxy_host}:${proxy_port}/\" \"NO_PROXY=localhost,127.0.0.1,/var/run/docker.sock,${no_proxy} ${scope}\"\nEOF\n\n#\n# Generate environment file\n#\ncat <<EOF >>./environment\nexport http_proxy=http://${proxy_host}:${proxy_port}/\nexport http_proxy=http://${proxy_host}:${proxy_port}/\nexport no_proxy=localhost,127.0.0.1,/var/run/docker.sock,${no_proxy} ${scope}\nexport HTTP_PROXY=http://${proxy_host}:${proxy_port}/\nexport HTTPS_PROXY=http://${proxy_host}:${proxy_port}/\nexport NO_PROXY=localhost,127.0.0.1,/var/run/docker.sock,${no_proxy} ${scope}\nEOF\n\n\nEND\n\n\n#\n# Get /etc/environment before running the script\n#\n-download /etc/environment ./environment\n\n#\n# run the script that generates the files\n#\ndownload /tmp/make-proxy ./make-proxy\n!source ./make-proxy\n\n#\n# Upload the generated files\n#\nupload ./http-proxy.conf /etc/systemd/system/docker.service.d/http-proxy.conf\necho \"Content of http-proxy.conf\"\ncat /etc/systemd/system/docker.service.d/http-proxy.conf\n\nupload ./environment /etc/environment\necho \"Content of /etc/environment\"\ncat /etc/environment"}