{"type":"OeBuildPlan","dependentArtifacts":null,"buildStep":[{"planScriptName":"000-RHEL-7.3-mount-and-validate","planScriptUri":"/rest/plan-scripts/4b369fb2-4f14-47fe-8a95-572883f18f0d","serialNumber":"1","parameters":null},{"planScriptName":"010-RHEL-7.3-set-iscsi-initiator-name","planScriptUri":"/rest/plan-scripts/62a480b4-1fe1-434e-955a-55a01e15cd01","serialNumber":"2","parameters":null},{"planScriptName":"020-RHEL-7.3-change-root-password","planScriptUri":"/rest/plan-scripts/d5f0c3be-0991-48ba-96c3-c6efcd2edf79","serialNumber":"3","parameters":null},{"planScriptName":"030-RHEL-7.3-configure-multiple-NIC-teaming","planScriptUri":"/rest/plan-scripts/10576df5-ba5b-4df0-9a44-7fd8d858c8af","serialNumber":"4","parameters":null},{"planScriptName":"040-RHEL-7.3-Docker-configure-ntp","planScriptUri":"/rest/plan-scripts/4b446936-11db-45d7-8929-1f137e2ca0a5","serialNumber":"5","parameters":null},{"planScriptName":"050-RHEL-7.3-configure-hostname","planScriptUri":"/rest/plan-scripts/4930dd75-5995-407f-8cdb-c24ab5b7eee4","serialNumber":"6","parameters":null},{"planScriptName":"060-RHEL-7.3-manage-security-services","planScriptUri":"/rest/plan-scripts/bc16aa78-f105-40cc-8d8c-5c05bfb7f96e","serialNumber":"7","parameters":null},{"planScriptName":"070-Docker-configure-proxy","planScriptUri":"/rest/plan-scripts/18f1e1cc-c20a-4f22-aa31-f822d07860d0","serialNumber":"8","parameters":null},{"planScriptName":"080-RHEL-7.3-erase-drive","planScriptUri":"/rest/plan-scripts/81828cb9-f751-477a-9e77-62a7365dac7c","serialNumber":"9","parameters":null},{"planScriptName":"090-RHEL-7.3-Docker-configure-devicemapper","planScriptUri":"/rest/plan-scripts/3b640bba-9c81-4eb6-97f7-34ac6f15b296","serialNumber":"10","parameters":null},{"planScriptName":"100-RHEL-7.3-Docker-Bootstrap","planScriptUri":"/rest/plan-scripts/3cbb3086-01d2-410e-a6b7-c476aa1e5c9d","serialNumber":"11","parameters":null},{"planScriptName":"110-Docker-remove-key.json","planScriptUri":"/rest/plan-scripts/c72d11b8-6e2f-4c72-82c4-64af75c89d84","serialNumber":"12","parameters":null},{"planScriptName":"120-upload-bash-helpers","planScriptUri":"/rest/plan-scripts/a6a8a4d7-43c1-4ab9-a003-2297f1792fca","serialNumber":"13","parameters":null},{"planScriptName":"130-RHEL-7.3-Docker-preconfig","planScriptUri":"/rest/plan-scripts/985d3ede-5bb7-4c7b-adab-c38ecb0f82dd","serialNumber":"14","parameters":null},{"planScriptName":"140-Docker-UCP-worker-configure","planScriptUri":"/rest/plan-scripts/b9abb154-3837-4ee3-a82e-58f62c5c08bd","serialNumber":"15","parameters":null},{"planScriptName":"150-RHEL-7.3-config-firewalld-for-Docker","planScriptUri":"/rest/plan-scripts/2ca5f380-8edc-4335-b613-b889455f6bec","serialNumber":"16","parameters":null},{"planScriptName":"999-RHEL-7.3-unmount","planScriptUri":"/rest/plan-scripts/bb426aab-3142-402e-a74e-9e3a23415600","serialNumber":"17","parameters":null}],"customAttributes":[{"constraints":"{}","description":"","name":"SSH","value":"Enabled","type":"string"},{"constraints":"{\"regex\":\"\",\"helpText\":\"Fully qualified domain name of the server being deployed\",\"options\":[\"\"]}","description":"Fully qualified domain name of the server being deployed","name":"ServerFQDN","value":"","type":"string"},{"constraints":"{}","description":"","name":"FirstNicTeamName","value":"team0","type":"string"},{"constraints":"{}","description":"","name":"DeviceMapperDrive","value":"/dev/sda","type":"string"},{"constraints":"{\"minimum\":\"50\",\"maximum\":\"70\",\"increment\":\"1\",\"unit\":\"%\"}","description":"percentage of storage allocated to docker images","name":"DeviceMapperAllocation","value":"70","type":"number"},{"constraints":"{}","description":"","name":"ProxyHost","value":"proxy.cloudra.local","type":"string"},{"constraints":"{}","description":"","name":"NtpServer","value":"10.60.1.123","type":"string"},{"constraints":"{}","description":"","name":"ProxyPort","value":"8080","type":"string"},{"constraints":"{\"regex\":\"\",\"helpText\":\"name of the admin account of your UCP cluster\"}","description":"name of the admin account of your UCP cluster","name":"UcpAdminName","value":"admin","type":"string"},{"constraints":"{\"options\":[\".cloudra.local\"]}","description":"","name":"ProxyExclusionList","value":".cloudra.local","type":"string"},{"constraints":"{\"ipv4static\":true,\"ipv4dhcp\":false,\"ipv4disable\":false,\"parameters\":[\"mac\"]}","description":"","name":"Team1NIC2","value":"","type":"nic"},{"constraints":"{}","description":"","name":"TotalNicTeamings","value":"1","type":"string"},{"constraints":"{\"maxlen\":\"10\"}","description":"password of UCP cluster admin account","name":"UcpAdminPassword","value":"","type":"password"},{"constraints":"{\"ipv4static\":true,\"ipv4dhcp\":false,\"ipv4disable\":false,\"parameters\":[\"dns1\",\"dns2\",\"domain\",\"gateway\",\"ipaddress\",\"mac\",\"netmask\"]}","description":"","name":"Team1NIC1","value":"","type":"nic"},{"constraints":"{\"ipv4static\":true,\"ipv4dhcp\":false,\"ipv4disable\":false,\"parameters\":[\"mac\"]}","description":"","name":"Team0NIC2","value":"","type":"nic"},{"constraints":"{}","description":"","name":"SecondNicTeamName","value":"team1","type":"string"},{"constraints":"{\"ipv4static\":true,\"ipv4dhcp\":false,\"ipv4disable\":false,\"parameters\":[\"dns1\",\"dns2\",\"domain\",\"gateway\",\"ipaddress\",\"mac\",\"netmask\"]}","description":"","name":"Team0NIC1","value":"","type":"nic"},{"constraints":"{\"options\":[\"No\",\"Yes\"]}","description":"Set to Yes if the data drives contains data","name":"DeviceMapperForceDelete","value":"No","type":"option"},{"constraints":"{\"regex\":\"\",\"helpText\":\"IP address of one of your UCP manager node\"}","description":"IP address of one of your UCP manager node","name":"UcpIp","value":"","type":"string"},{"constraints":"{\"maxlen\":\"10\"}","description":"","name":"NewRootPassword","value":"","type":"password"}],"eTag":null,"created":null,"modified":null,"etag":null,"hpProvided":true,"buildPlanid":"75482f62-2c99-4d53-ab6b-d764e698cf6c","oeBuildPlanType":"deploy","description":"Deploys a Docker worker node in an existing UCP swam\n(c) Copyright 2017 Hewlett Packard Enterprise Development LP\n\nLicensed under the Apache License, Version 2.0 (the \"License\");...","category":null,"status":null,"uri":null,"name":"RHEL-7.3-Docker-Worker-2017-04-18"}