{"type":"PlanScript","dependentArtifacts":null,"hpProvided":true,"eTag":null,"created":null,"modified":null,"customAttributes":null,"planType":"deploy","description":"080-RHEL-7.3-erase-drive","category":null,"status":null,"uri":null,"name":"080-RHEL-7.3-erase-drive","id":"81828cb9-f751-477a-9e77-62a7365dac7c","state":null,"content":"# (c) Copyright 2017 Hewlett Packard Enterprise Development LP\n#\n# Licensed under the Apache License, Version 2.0 (the \"License\");\n# you may not use this file except in compliance with the License.\n# You may obtain a copy of the License at http://www.apache.org/licenses/LICENSE-2.0\n#\n# Unless required by applicable law or agreed to in writing, software distributed\n# under the License is distributed on an \"AS IS\" BASIS, WITHOUT WARRANTIES OR\n# CONDITIONS OF ANY KIND, either express or implied. See the License for the\n# specific language governing permissions and limitations under the License.\n\n#\n# name:\n#   RHEL-7.3-erase_datadrive\n#\n# Purpose:\n#   Erase a data drive, Will (try to) destroy everythnig on the drive including LVM data/signatures\n#\n# Custom Attributes\n#   DeviceMapperDrive=/dev/sda\n#   DeviceMapperForceDelete=No, accepted value = Yes or No\n\nupload -<<END /tmp/erase_datadrive\n#! /bin/bash\n#\n# context: \n#    first boot\n#\n\nDiskName=@DeviceMapperDrive:/dev/sda@\nforcedelete=@DeviceMapperForceDelete:No@\n\n\nif [ $forcedelete == Yes ] ; then\n\n\tlvms=$(lsblk -n -l -o TYPE,NAME,KNAME,PKNAME,MAJ:MIN $DiskName | awk  \" \\$1 == \\\"lvm\\\" { print \\$2 }\")\n\n\tvgs_to_remove=$(\n\t  for lv in $lvms ; do\n\t\tvg=$(echo $lv | cut -d- -f1 )\n\t\tlv=$(echo $lv | cut -d- -f2- )\n\t\techo $vg\n\t  done | sort -u\n\t)\n\n\techo List of VGS to remove: $vgs_to_remove\n\n\tfor vg in $vgs_to_remove ; do\n\t  vgremove --yes $vg\n\tdone\n    #\n\t# erase the drive \n\t#\n\tdd if=/dev/zero of=$DiskName bs=1024 count=10\n\nfi # forcedelete\n\nunlink $0\nEND\n\n#\n# add this file to rc.local so that it will be executed at first boot\n#\n!echo \"sh /tmp/erase_datadrive\" >> rc.local"}