{"type":"OEDeploymentPlan","hpProvided":true,"customAttributes":[{"visible":true,"editable":true,"constraints":"{\"maxlen\":\"10\"}","description":"password of UCP cluster admin account","name":"UcpAdminPassword","value":"Just4m3hp","id":"10eb4d7a-9fe1-48c9-a35e-70b781f3a5b6","type":"password"},{"visible":false,"editable":true,"constraints":"{}","description":"","name":"SecondNicTeamName","value":"team1","id":"2f89a9a9-af3b-47da-b3f2-925c00c391cd","type":"string"},{"visible":false,"editable":true,"constraints":"{\"ipv4static\":true,\"ipv4dhcp\":false,\"ipv4disable\":false,\"parameters\":[\"mac\"]}","description":"","name":"Team1NIC2","value":"","id":"e49cf3fd-4b4c-418c-ba9b-108ec20f6df6","type":"nic"},{"visible":true,"editable":true,"constraints":"{\"regex\":\"\",\"helpText\":\"IP address of one of your UCP manager node\"}","description":"IP address of one of your UCP manager node","name":"UcpIp","value":"10.60.99.7","id":"b824f9e5-77aa-4f9d-9985-905ed0dc1515","type":"string"},{"visible":true,"editable":true,"constraints":"{\"ipv4static\":true,\"ipv4dhcp\":false,\"ipv4disable\":false,\"parameters\":[\"dns1\",\"dns2\",\"domain\",\"gateway\",\"ipaddress\",\"mac\",\"netmask\"]}","description":"","name":"Team0NIC1","value":"","id":"4748001a-357f-45f2-9cdb-237adace4229","type":"nic"},{"visible":true,"editable":true,"constraints":"{\"maxlen\":\"10\"}","description":"","name":"NewRootPassword","value":"Just4m3hp","id":"2f04e8c3-e8f6-4331-a445-08880b047260","type":"password"},{"visible":false,"editable":true,"constraints":"{\"ipv4static\":true,\"ipv4dhcp\":false,\"ipv4disable\":false,\"parameters\":[\"dns1\",\"dns2\",\"domain\",\"gateway\",\"ipaddress\",\"mac\",\"netmask\"]}","description":"","name":"Team1NIC1","value":"","id":"0a4998f0-7f48-4942-a72e-1475584b3590","type":"nic"},{"visible":true,"editable":true,"constraints":"{\"options\":[\".cloudra.local\"]}","description":"","name":"ProxyExclusionList","value":".cloudra.local","id":"8b1d751f-cfe0-4de3-bc62-635fef569ac6","type":"string"},{"visible":true,"editable":true,"constraints":"{\"ipv4static\":true,\"ipv4dhcp\":false,\"ipv4disable\":false,\"parameters\":[\"mac\"]}","description":"","name":"Team0NIC2","value":"","id":"c11ea9cd-115f-49c1-885b-16d64b5c2d23","type":"nic"},{"visible":true,"editable":true,"constraints":"{}","description":"","name":"NtpServer","value":"10.60.1.123","id":"b2cb523f-d611-4013-97f9-fd0073045d72","type":"string"},{"visible":true,"editable":true,"constraints":"{\"options\":[\"No\",\"Yes\"]}","description":"Set to Yes if the data drives contains data","name":"DeviceMapperForceDelete","value":"Yes","id":"1cb48866-ff06-4769-b467-46264e60b930","type":"option"},{"visible":false,"editable":true,"constraints":"{}","description":"","name":"TotalNicTeamings","value":"1","id":"65271cbf-cc69-4365-8458-98adb66ed7d1","type":"string"},{"visible":false,"editable":true,"constraints":"{}","description":"","name":"SSH","value":"Enabled","id":"19deb8e0-a4da-4133-ac6b-fe5152a593d0","type":"string"},{"visible":false,"editable":true,"constraints":"{\"minimum\":\"50\",\"maximum\":\"70\",\"increment\":\"1\",\"unit\":\"%\"}","description":"percentage of storage allocated to docker images","name":"DeviceMapperAllocation","value":"70","id":"011064af-4832-49fc-a02a-89e814346447","type":"number"},{"visible":true,"editable":true,"constraints":"{}","description":"","name":"ProxyPort","value":"8080","id":"acfebf78-812e-42ce-b358-4b52a4c2c2cc","type":"string"},{"visible":false,"editable":true,"constraints":"{}","description":"","name":"FirstNicTeamName","value":"team0","id":"8ab5f9af-45de-4620-83a3-69180b1fd002","type":"string"},{"visible":true,"editable":true,"constraints":"{}","description":"","name":"ProxyHost","value":"proxy.cloudra.local","id":"10a46c2b-989d-4edd-ad2c-f11af9b71613","type":"string"},{"visible":true,"editable":true,"constraints":"{\"regex\":\"\",\"helpText\":\"name of the admin account of your UCP cluster\"}","description":"name of the admin account of your UCP cluster","name":"UcpAdminName","value":"admin","id":"0dec145a-254d-457d-b758-aaa245371c45","type":"string"},{"visible":false,"editable":true,"constraints":"{}","description":"","name":"DeviceMapperDrive","value":"/dev/sda","id":"a39116ba-fbc8-49cd-b0b0-a1eecc9a5d01","type":"string"},{"visible":true,"editable":true,"constraints":"{\"regex\":\"\",\"helpText\":\"Fully qualified domain name of the server being deployed\",\"options\":[\"\"]}","description":"Fully qualified domain name of the server being deployed","name":"ServerFQDN","value":"workerXX.cloudra.local","id":"496112bf-788b-4cd8-94b1-1eaa39e44f3a","type":"string"}],"importMetadata":false,"eTag":null,"created":null,"modified":null,"goldenImageURI":"","oeBuildPlanURI":"RHEL-7.3-Docker-Worker-2017-04-18","description":"Deploys a Docker worker node in an existing UCP swarm\n\n(c) Copyright 2017 Hewlett Packard Enterprise Development LP\n\nLicensed under the Apache License, Version 2.0 (the \"License\");...","category":null,"status":null,"uri":null,"name":"RHEL-7.3-Docker-Worker-2017-04-18","id":"8cb5c61f-3891-4ea8-b73d-fd7ff18ff3e9","state":null}